filename,1AOD,1AOD,1AOD,1AOD,1AOD,1AOD,2AOD,2AOD,2AOD,2AOD,2AOD,2AOD,3AOD,3AOD,3AOD,3AOD,3AOD,3AOD,4AOD,4AOD,4AOD,4AOD,4AOD,4AOD
x,cir_fidelity,cir_fidelity_2q_gate,cir_fidelity_2q_gate_for_idle,cir_fidelity_atom_transfer,cir_fidelity_coherence,cir_duration,cir_fidelity,cir_fidelity_2q_gate,cir_fidelity_2q_gate_for_idle,cir_fidelity_atom_transfer,cir_fidelity_coherence,cir_duration,cir_fidelity,cir_fidelity_2q_gate,cir_fidelity_2q_gate_for_idle,cir_fidelity_atom_transfer,cir_fidelity_coherence,cir_duration,cir_fidelity,cir_fidelity_2q_gate,cir_fidelity_2q_gate_for_idle,cir_fidelity_atom_transfer,cir_fidelity_coherence,cir_duration
bv_n14,0.8571652757801561,0.9369146928798039,1,0.9455126435024226,0.9757662663445136,2790.817261521812,0.8580501240125697,0.9369146928798039,1,0.9455126435024226,0.9767735458977339,2680.4606474925654,0.8601214474591039,0.9369146928798039,1,0.9455126435024226,0.9791314663629288,2422.541721679449,0.8621666746982375,0.9369146928798039,1,0.9455126435024226,0.9814596798397746,2168.437541591682
bv_n19,0.7977213843395767,0.9137248860125932,1,0.9267809647166124,0.9528189271130505,3975.391001440943,0.8019475048549229,0.9137248860125932,1,0.9267809647166124,0.9578667140902246,3559.2542098462527,0.80532460319341,0.9137248860125932,1,0.9267809647166124,0.9619004071549987,3228.2094813386675,0.809000330032461,0.9137248860125932,1,0.9267809647166124,0.9662907897771779,2869.3827105138735
bv_n30,0.7728984342939629,0.9137248860125932,1,0.9267809647166124,0.9231697574974915,4096.082772306836,0.7795612547161048,0.9137248860125932,1,0.9267809647166124,0.9311280014794151,3667.982708358437,0.7850483713742494,0.9137248860125932,1,0.9267809647166124,0.9376819546638165,3318.07160342921,0.7916369441486986,0.9137248860125932,1,0.9267809647166124,0.9455515153467786,2901.0314557276397
bv_n70,0.45169115418047656,0.8348931673187264,1,0.8520755747117411,0.6556551954439869,9132.355654620213,0.4358040918421036,0.8348931673187264,1,0.8520755747117411,0.6325942280858907,9894.815864544411,0.45229887699706744,0.8348931673187264,1,0.8520755747117411,0.6565373394009802,9103.717143882608,0.47264835632299335,0.8348931673187264,1,0.8520755747117411,0.6860757567933481,8166.035120724897
cat_n22,0.7620962330351111,0.9000874278732445,1,0.9157205572498957,0.9366242433360368,4619.7624010741665,0.772609349369999,0.9000874278732445,1,0.9157205572498957,0.9495449732982519,3688.1086859486413,0.7749141964445305,0.9000874278732445,1,0.9157205572498957,0.9523776544658138,3485.475242083074,0.7822886775440416,0.9000874278732445,1,0.9157205572498957,0.9614409688878223,2840.982007384908
cat_n35,0.5948632840228434,0.8433051360508336,1,0.8692973418545477,0.8284290352609308,8208.30887081485,0.6193589887850027,0.8433051360508336,1,0.8692973418545477,0.8625426771836906,6487.158933995693,0.6266789458901632,0.8433051360508336,1,0.8692973418545477,0.8727367254056121,5985.655934187289,0.6450861058659956,0.8433051360508336,1,0.8692973418545477,0.8983712303250432,4749.270127549858
ghz_n23,0.7509457285568552,0.8955869907338783,1,0.9120631656822731,0.9318364903871359,4759.580876789557,0.7611831774180012,0.8955869907338783,1,0.9120631656822731,0.9445399762110996,3878.9421616640325,0.7635599020227632,0.8955869907338783,1,0.9120631656822731,0.9474892155903213,3676.1141099372526,0.7715614838289783,0.8955869907338783,1,0.9120631656822731,0.9574182499057279,2997.6757496250416
ghz_n40,0.5308785892598371,0.8224322824348486,1,0.8520755747117412,0.7757312166134218,9656.330665710744,0.5590293800722699,0.8224322824348486,1,0.8520755747117412,0.8168657578199238,7729.77331240578,0.5700942136363552,0.8224322824348486,1,0.8520755747117412,0.8330339306864543,6998.316412988625,0.5930439360416665,0.8224322824348486,1,0.8520755747117412,0.8665685588341699,5524.3261822116965
ghz_n78,0.1832812901313134,0.6797938283326578,1,0.7173681503955105,0.39372822412698577,17986.10712235585,0.21191362407001574,0.6797938283326578,1,0.7173681503955105,0.45523672827500444,15225.223710879181,0.23022813520820398,0.6797938283326578,1,0.7173681503955105,0.49458029651934854,13646.310588956803,0.2607886856208406,0.6797938283326578,1,0.7173681503955105,0.5602310306105905,11269.03148867856
ising_n42,0.45657264365824496,0.6629680834613703,1,0.7802631200940581,0.9215958737944292,3181.445741536922,0.3875508207186403,0.6629680834613703,1,0.7802631200940581,0.7822747206188064,9012.293798439763,0.39310076808165567,0.6629680834613703,1,0.7802631200940581,0.7934773379034281,8507.347317783915,0.39517745575858454,0.6629680834613703,1,0.7802631200940581,0.7976691501392263,8320.19300835707
ising_n98,0.15528452763723904,0.3781618071286901,1,0.5575003238156508,0.8156617181891707,3386.6879537596146,0.05442295552506619,0.3781618071286901,1,0.5575003238156508,0.2858669958169283,19316.049723449833,0.056352940217524065,0.3781618071286901,1,0.5575003238156508,0.2960046100034912,18789.33483732233,0.05740371734974387,0.3781618071286901,1,0.5575003238156508,0.30152401811285884,18510.024284897325
knn_n31,0.25121152957695536,0.5907768628656768,1,0.6211155405084055,0.7167716199501311,16515.956721031987,0.2555749405774001,0.5907768628656768,1,0.6211155405084055,0.7292215627396356,15691.38793568614,0.2629910500162656,0.5907768628656768,1,0.6211155405084055,0.7503816455796817,14320.70262718502,0.2640284448327098,0.5907768628656768,1,0.6211155405084055,0.7533416019334477,14131.954813448603
multiply_n13,0.6485566343515687,0.8183201210226748,1,0.855492414837717,0.9412713314069686,7361.481981694513,0.657156763670106,0.8183201210226748,1,0.855492414837717,0.9537529787222029,5847.783338615101,0.6610054892564199,0.8183201210226748,1,0.855492414837717,0.9593387593078441,5176.288160586259,0.6620834214088499,0.8183201210226748,1,0.855492414837717,0.9609031972898849,4988.8660446964595
qft_n18,0.08133900221128934,0.21570623976979011,1,0.5229213460638851,0.7947298380902045,20512.55976446989,0.0768830068475066,0.21570623976979011,1,0.5229213460638851,0.7511921454985163,25140.828354777157,0.07882589801342196,0.21570623976979011,1,0.5229213460638851,0.7701753336338203,23092.475971760272,0.07931699742103655,0.21570623976979011,1,0.5229213460638851,0.7749736633660427,22582.27157987692
qft_n29,0.0010780802840424286,0.01759555950230475,1,0.1862173832738319,0.42282942301332405,46256.916291223344,0.0007991462039344922,0.01759555950230475,1,0.1862173832738319,0.3134298375682113,61212.54060102517,0.0008906386779928688,0.01759555950230475,1,0.1862173832738319,0.34931372357260687,55815.70118799578,0.0009116169859900982,0.01759555950230475,1,0.1862173832738319,0.3575415392534613,54653.93158393322
seca_n11,0.44579379584413864,0.6696478204705647,1,0.7407070321561015,0.9261298492705943,11315.25243965035,0.44960478049458064,0.6696478204705647,1,0.7407070321561015,0.9340471120786222,10162.090758607676,0.45575210412978767,0.6696478204705647,1,0.7407070321561015,0.9468180836909825,8320.573211158866,0.45897979145479467,0.6696478204705647,1,0.7407070321561015,0.9535235551526052,7362.696251131292
swap_test_n25,0.3423760980691889,0.6563549768288436,1,0.6810005752658346,0.794776554932767,14207.179496635727,0.35002535605098295,0.6563549768288436,1,0.6810005752658346,0.81253320015668,12892.977919059,0.3570429350964634,0.6563549768288436,1,0.6810005752658346,0.8288234941613982,11711.33154194341,0.3584284106021796,0.6563549768288436,1,0.6810005752658346,0.8320396750092632,11480.677795606454
wstate_n27,0.5219337972284739,0.7705488893118834,1,0.8056482291095443,0.8676650277360549,8189.001000221132,0.5092892150371857,0.7705488893118834,1,0.8056482291095443,0.8466446189869502,9543.724500605173,0.5098466973220924,0.7705488893118834,1,0.8056482291095443,0.847571379976111,9483.31745951065,0.5098466973220924,0.7705488893118834,1,0.8056482291095443,0.847571379976111,9483.31745951065
