dataset,circuit,seed,canonical_sha256,canonical_job_id,status,fidelity_ood,metrics,fidelity_valid,fidelity_underflow,main_origin,source_origin,source_status,input_sha256,source_protocol,source_receipt,source_result_protocol_sha256,source_snapshot_sha256,quality_classification,source_failure,diagnostic_note,failure_source_path,failure_source_sha256,failure_source_kind,failure_exception_type,failure_message
qmap154,clip_206,0,061b2a34f02d68d66f40b60624ac224b6594505d785938da624cb18f9863a304,061b2a34f02d68d6-s0-ga_h2,success,True,"{""fidelity"": null, ""idle_exposures"": 12550.0, ""log_atom_transfer"": -44.55828285647629, ""log_coherence_linear"": null, ""log_fidelity"": null, ""log_idle_excitation"": -31.414284237386887, ""move_batches"": 19705.0, ""move_time_us"": 2028352.3142597282, ""transfers"": 44536.0}",False,False,fresh,fresh,success,061b2a34f02d68d66f40b60624ac224b6594505d785938da624cb18f9863a304,"{""bytes"": 623467, ""path"": ""/Users/zhouzixiang/Desktop/zac/ZAC_zzx/results/physical_ga_main_v1/protocol.json"", ""sha256"": ""9bb0ae97d2f3f1536a5c496a65fe2e21e2192ce20830979dd75b30b0a3148fc7""}","{""bytes"": 1284, ""path"": ""/Users/zhouzixiang/Desktop/zac/ZAC_zzx/results/physical_ga_main_v1/receipts/061b2a34f02d68d6-s0-ga_h2.json"", ""sha256"": ""d30fd97f404c3d9b9aa9f5be70cfe6592865a941dff8b0ba5c47d13e31b779b2""}",9bb0ae97d2f3f1536a5c496a65fe2e21e2192ce20830979dd75b30b0a3148fc7,d1fab3aaa092939e281636e5182865245c839b6f137f7762fc773e601882716a,model_out_of_domain,,,,,,,
qmap154,clip_206,1,061b2a34f02d68d66f40b60624ac224b6594505d785938da624cb18f9863a304,061b2a34f02d68d6-s1-ga_h2,success,True,"{""fidelity"": null, ""idle_exposures"": 12198.0, ""log_atom_transfer"": -44.68634689917498, ""log_coherence_linear"": null, ""log_fidelity"": null, ""log_idle_excitation"": -30.53318240060918, ""move_batches"": 19775.0, ""move_time_us"": 2034796.1068370526, ""transfers"": 44664.0}",False,False,fresh,fresh,success,061b2a34f02d68d66f40b60624ac224b6594505d785938da624cb18f9863a304,"{""bytes"": 623467, ""path"": ""/Users/zhouzixiang/Desktop/zac/ZAC_zzx/results/physical_ga_main_v1/protocol.json"", ""sha256"": ""9bb0ae97d2f3f1536a5c496a65fe2e21e2192ce20830979dd75b30b0a3148fc7""}","{""bytes"": 1285, ""path"": ""/Users/zhouzixiang/Desktop/zac/ZAC_zzx/results/physical_ga_main_v1/receipts/061b2a34f02d68d6-s1-ga_h2.json"", ""sha256"": ""d25769ad1e88f70a6c2a826d261863761bfc8f34cbf0e340182b8006e54bc150""}",9bb0ae97d2f3f1536a5c496a65fe2e21e2192ce20830979dd75b30b0a3148fc7,d1fab3aaa092939e281636e5182865245c839b6f137f7762fc773e601882716a,model_out_of_domain,,,,,,,
qmap154,clip_206,2,061b2a34f02d68d66f40b60624ac224b6594505d785938da624cb18f9863a304,061b2a34f02d68d6-s2-ga_h2,success,True,"{""fidelity"": null, ""idle_exposures"": 12706.0, ""log_atom_transfer"": -44.43622181577909, ""log_coherence_linear"": null, ""log_fidelity"": null, ""log_idle_excitation"": -31.804772551413368, ""move_batches"": 19641.0, ""move_time_us"": 2026540.3587218695, ""transfers"": 44414.0}",False,False,fresh,fresh,success,061b2a34f02d68d66f40b60624ac224b6594505d785938da624cb18f9863a304,"{""bytes"": 623467, ""path"": ""/Users/zhouzixiang/Desktop/zac/ZAC_zzx/results/physical_ga_main_v1/protocol.json"", ""sha256"": ""9bb0ae97d2f3f1536a5c496a65fe2e21e2192ce20830979dd75b30b0a3148fc7""}","{""bytes"": 1285, ""path"": ""/Users/zhouzixiang/Desktop/zac/ZAC_zzx/results/physical_ga_main_v1/receipts/061b2a34f02d68d6-s2-ga_h2.json"", ""sha256"": ""f9e3a1987a45ccffd1758906859c0c11bdacd4aa17acf1582c291b7e15c964d4""}",9bb0ae97d2f3f1536a5c496a65fe2e21e2192ce20830979dd75b30b0a3148fc7,d1fab3aaa092939e281636e5182865245c839b6f137f7762fc773e601882716a,model_out_of_domain,,,,,,,
qmap154,hwb8_113,0,098a7e756517835d61b73098b65dcade06705dc6384a960ba0c8f6079b350618,098a7e756517835d-s0-ga_h2,success,True,"{""fidelity"": null, ""idle_exposures"": 21650.0, ""log_atom_transfer"": -91.27564543282584, ""log_coherence_linear"": null, ""log_fidelity"": null, ""log_idle_excitation"": -54.19276922226503, ""move_batches"": 40774.0, ""move_time_us"": 4160916.9290629216, ""transfers"": 91230.0}",False,False,fresh,fresh,success,098a7e756517835d61b73098b65dcade06705dc6384a960ba0c8f6079b350618,"{""bytes"": 623467, ""path"": ""/Users/zhouzixiang/Desktop/zac/ZAC_zzx/results/physical_ga_main_v1/protocol.json"", ""sha256"": ""9bb0ae97d2f3f1536a5c496a65fe2e21e2192ce20830979dd75b30b0a3148fc7""}","{""bytes"": 1286, ""path"": ""/Users/zhouzixiang/Desktop/zac/ZAC_zzx/results/physical_ga_main_v1/receipts/098a7e756517835d-s0-ga_h2.json"", ""sha256"": ""7b4758f1769e3a824b4cfcde2c5a05f2fd0fc2a5c3c4b904b1ba0a1453febf47""}",9bb0ae97d2f3f1536a5c496a65fe2e21e2192ce20830979dd75b30b0a3148fc7,d1fab3aaa092939e281636e5182865245c839b6f137f7762fc773e601882716a,model_out_of_domain,,,,,,,
qmap154,hwb8_113,1,098a7e756517835d61b73098b65dcade06705dc6384a960ba0c8f6079b350618,098a7e756517835d-s1-ga_h2,success,True,"{""fidelity"": null, ""idle_exposures"": 21790.0, ""log_atom_transfer"": -91.00350934209112, ""log_coherence_linear"": null, ""log_fidelity"": null, ""log_idle_excitation"": -54.54320745280161, ""move_batches"": 40746.0, ""move_time_us"": 4156341.3281895528, ""transfers"": 90958.0}",False,False,fresh,fresh,success,098a7e756517835d61b73098b65dcade06705dc6384a960ba0c8f6079b350618,"{""bytes"": 623467, ""path"": ""/Users/zhouzixiang/Desktop/zac/ZAC_zzx/results/physical_ga_main_v1/protocol.json"", ""sha256"": ""9bb0ae97d2f3f1536a5c496a65fe2e21e2192ce20830979dd75b30b0a3148fc7""}","{""bytes"": 1286, ""path"": ""/Users/zhouzixiang/Desktop/zac/ZAC_zzx/results/physical_ga_main_v1/receipts/098a7e756517835d-s1-ga_h2.json"", ""sha256"": ""b0dd27c21689a0e5a9a2a066f8f3cb2bd05fb4bf3f37e4f0d3ca2f3186507ecd""}",9bb0ae97d2f3f1536a5c496a65fe2e21e2192ce20830979dd75b30b0a3148fc7,d1fab3aaa092939e281636e5182865245c839b6f137f7762fc773e601882716a,model_out_of_domain,,,,,,,
qmap154,hwb8_113,2,098a7e756517835d61b73098b65dcade06705dc6384a960ba0c8f6079b350618,098a7e756517835d-s2-ga_h2,success,True,"{""fidelity"": null, ""idle_exposures"": 21856.0, ""log_atom_transfer"": -91.1015583747823, ""log_coherence_linear"": null, ""log_fidelity"": null, ""log_idle_excitation"": -54.70841404719743, ""move_batches"": 40766.0, ""move_time_us"": 4161116.0750164883, ""transfers"": 91056.0}",False,False,fresh,fresh,success,098a7e756517835d61b73098b65dcade06705dc6384a960ba0c8f6079b350618,"{""bytes"": 623467, ""path"": ""/Users/zhouzixiang/Desktop/zac/ZAC_zzx/results/physical_ga_main_v1/protocol.json"", ""sha256"": ""9bb0ae97d2f3f1536a5c496a65fe2e21e2192ce20830979dd75b30b0a3148fc7""}","{""bytes"": 1286, ""path"": ""/Users/zhouzixiang/Desktop/zac/ZAC_zzx/results/physical_ga_main_v1/receipts/098a7e756517835d-s2-ga_h2.json"", ""sha256"": ""fb60e2f73ee54d489aa11e93a9bf5d7d8e2ad2744658f3756a834e3fb0ac7225""}",9bb0ae97d2f3f1536a5c496a65fe2e21e2192ce20830979dd75b30b0a3148fc7,d1fab3aaa092939e281636e5182865245c839b6f137f7762fc773e601882716a,model_out_of_domain,,,,,,,
qmap154,plus63mod8192_164,1,15ed11d4a3dd7ea9656c37ea5e18376eb48e265c74545e1213c96380cf1ba852,15ed11d4a3dd7ea9-s1-ga_h2,success,True,"{""fidelity"": null, ""idle_exposures"": 55426.0, ""log_atom_transfer"": -262.69937158836143, ""log_coherence_linear"": null, ""log_fidelity"": null, ""log_idle_excitation"": -138.7384954694347, ""move_batches"": 120159.0, ""move_time_us"": 12198844.239249798, ""transfers"": 262568.0}",False,False,fresh,fresh,success,15ed11d4a3dd7ea9656c37ea5e18376eb48e265c74545e1213c96380cf1ba852,"{""bytes"": 623467, ""path"": ""/Users/zhouzixiang/Desktop/zac/ZAC_zzx/results/physical_ga_main_v1/protocol.json"", ""sha256"": ""9bb0ae97d2f3f1536a5c496a65fe2e21e2192ce20830979dd75b30b0a3148fc7""}","{""bytes"": 1294, ""path"": ""/Users/zhouzixiang/Desktop/zac/ZAC_zzx/results/physical_ga_main_v1/receipts/15ed11d4a3dd7ea9-s1-ga_h2.json"", ""sha256"": ""5fc352f25f3d6b8bb09d322f16c0af2edefab9dc33e985ede239f86d499b4424""}",9bb0ae97d2f3f1536a5c496a65fe2e21e2192ce20830979dd75b30b0a3148fc7,d1fab3aaa092939e281636e5182865245c839b6f137f7762fc773e601882716a,model_out_of_domain,,,,,,,
qmap154,9symml_195,0,26bde4287c6cb5d5b60c40f5aef845bacf25cce07cfdc5871e9fb2dea2c9746c,26bde4287c6cb5d5-s0-ga_h2,success,True,"{""fidelity"": null, ""idle_exposures"": 12293.0, ""log_atom_transfer"": -46.6173125429912, ""log_coherence_linear"": null, ""log_fidelity"": null, ""log_idle_excitation"": -30.77097977133044, ""move_batches"": 20665.0, ""move_time_us"": 2109814.7809814797, ""transfers"": 46594.0}",False,False,fresh,fresh,success,26bde4287c6cb5d5b60c40f5aef845bacf25cce07cfdc5871e9fb2dea2c9746c,"{""bytes"": 623467, ""path"": ""/Users/zhouzixiang/Desktop/zac/ZAC_zzx/results/physical_ga_main_v1/protocol.json"", ""sha256"": ""9bb0ae97d2f3f1536a5c496a65fe2e21e2192ce20830979dd75b30b0a3148fc7""}","{""bytes"": 1287, ""path"": ""/Users/zhouzixiang/Desktop/zac/ZAC_zzx/results/physical_ga_main_v1/receipts/26bde4287c6cb5d5-s0-ga_h2.json"", ""sha256"": ""92fb4f90af4928e9a92f564f3edbe084634c71f2e3c7bfe9d154f0ebe7ebc23c""}",9bb0ae97d2f3f1536a5c496a65fe2e21e2192ce20830979dd75b30b0a3148fc7,d1fab3aaa092939e281636e5182865245c839b6f137f7762fc773e601882716a,model_out_of_domain,,,,,,,
qmap154,9symml_195,1,26bde4287c6cb5d5b60c40f5aef845bacf25cce07cfdc5871e9fb2dea2c9746c,26bde4287c6cb5d5-s1-ga_h2,success,True,"{""fidelity"": null, ""idle_exposures"": 12110.0, ""log_atom_transfer"": -46.55928352364336, ""log_coherence_linear"": null, ""log_fidelity"": null, ""log_idle_excitation"": -30.312906941414756, ""move_batches"": 20650.0, ""move_time_us"": 2110926.6743758535, ""transfers"": 46536.0}",False,False,fresh,fresh,success,26bde4287c6cb5d5b60c40f5aef845bacf25cce07cfdc5871e9fb2dea2c9746c,"{""bytes"": 623467, ""path"": ""/Users/zhouzixiang/Desktop/zac/ZAC_zzx/results/physical_ga_main_v1/protocol.json"", ""sha256"": ""9bb0ae97d2f3f1536a5c496a65fe2e21e2192ce20830979dd75b30b0a3148fc7""}","{""bytes"": 1286, ""path"": ""/Users/zhouzixiang/Desktop/zac/ZAC_zzx/results/physical_ga_main_v1/receipts/26bde4287c6cb5d5-s1-ga_h2.json"", ""sha256"": ""ec66a403e4ff61e7dac8f1a959695db7e1f4b04ba386958a4a5dde1f5a7f7fb0""}",9bb0ae97d2f3f1536a5c496a65fe2e21e2192ce20830979dd75b30b0a3148fc7,d1fab3aaa092939e281636e5182865245c839b6f137f7762fc773e601882716a,model_out_of_domain,,,,,,,
qmap154,9symml_195,2,26bde4287c6cb5d5b60c40f5aef845bacf25cce07cfdc5871e9fb2dea2c9746c,26bde4287c6cb5d5-s2-ga_h2,success,True,"{""fidelity"": null, ""idle_exposures"": 12234.0, ""log_atom_transfer"": -46.4412244842805, ""log_coherence_linear"": null, ""log_fidelity"": null, ""log_idle_excitation"": -30.623295088461447, ""move_batches"": 20639.0, ""move_time_us"": 2104517.8126814426, ""transfers"": 46418.0}",False,False,fresh,fresh,success,26bde4287c6cb5d5b60c40f5aef845bacf25cce07cfdc5871e9fb2dea2c9746c,"{""bytes"": 623467, ""path"": ""/Users/zhouzixiang/Desktop/zac/ZAC_zzx/results/physical_ga_main_v1/protocol.json"", ""sha256"": ""9bb0ae97d2f3f1536a5c496a65fe2e21e2192ce20830979dd75b30b0a3148fc7""}","{""bytes"": 1287, ""path"": ""/Users/zhouzixiang/Desktop/zac/ZAC_zzx/results/physical_ga_main_v1/receipts/26bde4287c6cb5d5-s2-ga_h2.json"", ""sha256"": ""6edc0b54b2091fa623bb4ff06cfab6b9170680c1460a890cd3af0d387418c146""}",9bb0ae97d2f3f1536a5c496a65fe2e21e2192ce20830979dd75b30b0a3148fc7,d1fab3aaa092939e281636e5182865245c839b6f137f7762fc773e601882716a,model_out_of_domain,,,,,,,
qmap154,root_255,0,2b3237a508e829210f1cc5215a037ed2416c9c8f69d09be3c5cc69f274db9ae8,2b3237a508e82921-s0-ga_h2,success,True,"{""fidelity"": null, ""idle_exposures"": 4988.0, ""log_atom_transfer"": -22.651327552331217, ""log_coherence_linear"": null, ""log_fidelity"": null, ""log_idle_excitation"": -12.485613527974962, ""move_batches"": 9918.0, ""move_time_us"": 1026458.8594345811, ""transfers"": 22640.0}",False,False,fresh,fresh,success,2b3237a508e829210f1cc5215a037ed2416c9c8f69d09be3c5cc69f274db9ae8,"{""bytes"": 623467, ""path"": ""/Users/zhouzixiang/Desktop/zac/ZAC_zzx/results/physical_ga_main_v1/protocol.json"", ""sha256"": ""9bb0ae97d2f3f1536a5c496a65fe2e21e2192ce20830979dd75b30b0a3148fc7""}","{""bytes"": 1284, ""path"": ""/Users/zhouzixiang/Desktop/zac/ZAC_zzx/results/physical_ga_main_v1/receipts/2b3237a508e82921-s0-ga_h2.json"", ""sha256"": ""74e48d023d4de5ead79510a8c854adcc1c35d022ebcabcba6fb78518f098403f""}",9bb0ae97d2f3f1536a5c496a65fe2e21e2192ce20830979dd75b30b0a3148fc7,d1fab3aaa092939e281636e5182865245c839b6f137f7762fc773e601882716a,model_out_of_domain,,,,,,,
qmap154,root_255,1,2b3237a508e829210f1cc5215a037ed2416c9c8f69d09be3c5cc69f274db9ae8,2b3237a508e82921-s1-ga_h2,success,True,"{""fidelity"": null, ""idle_exposures"": 5000.0, ""log_atom_transfer"": -22.60730553765354, ""log_coherence_linear"": null, ""log_fidelity"": null, ""log_idle_excitation"": -12.515651090592385, ""move_batches"": 9872.0, ""move_time_us"": 1017735.0577578204, ""transfers"": 22596.0}",False,False,fresh,fresh,success,2b3237a508e829210f1cc5215a037ed2416c9c8f69d09be3c5cc69f274db9ae8,"{""bytes"": 623467, ""path"": ""/Users/zhouzixiang/Desktop/zac/ZAC_zzx/results/physical_ga_main_v1/protocol.json"", ""sha256"": ""9bb0ae97d2f3f1536a5c496a65fe2e21e2192ce20830979dd75b30b0a3148fc7""}","{""bytes"": 1284, ""path"": ""/Users/zhouzixiang/Desktop/zac/ZAC_zzx/results/physical_ga_main_v1/receipts/2b3237a508e82921-s1-ga_h2.json"", ""sha256"": ""5ef8dae8d16fd1bd1b14e56da0e6d6871c44f0b1591269f5396a4f6dc8e95a5e""}",9bb0ae97d2f3f1536a5c496a65fe2e21e2192ce20830979dd75b30b0a3148fc7,d1fab3aaa092939e281636e5182865245c839b6f137f7762fc773e601882716a,model_out_of_domain,,,,,,,
qmap154,root_255,2,2b3237a508e829210f1cc5215a037ed2416c9c8f69d09be3c5cc69f274db9ae8,2b3237a508e82921-s2-ga_h2,success,True,"{""fidelity"": null, ""idle_exposures"": 4983.0, ""log_atom_transfer"": -22.701352569010396, ""log_coherence_linear"": null, ""log_fidelity"": null, ""log_idle_excitation"": -12.47309787688437, ""move_batches"": 9871.0, ""move_time_us"": 1015793.3163899271, ""transfers"": 22690.0}",False,False,fresh,fresh,success,2b3237a508e829210f1cc5215a037ed2416c9c8f69d09be3c5cc69f274db9ae8,"{""bytes"": 623467, ""path"": ""/Users/zhouzixiang/Desktop/zac/ZAC_zzx/results/physical_ga_main_v1/protocol.json"", ""sha256"": ""9bb0ae97d2f3f1536a5c496a65fe2e21e2192ce20830979dd75b30b0a3148fc7""}","{""bytes"": 1282, ""path"": ""/Users/zhouzixiang/Desktop/zac/ZAC_zzx/results/physical_ga_main_v1/receipts/2b3237a508e82921-s2-ga_h2.json"", ""sha256"": ""2757c1dbbed1e5351f5c40afb2605f213d6fffd16e8531074ac7a7a691e8fc8c""}",9bb0ae97d2f3f1536a5c496a65fe2e21e2192ce20830979dd75b30b0a3148fc7,d1fab3aaa092939e281636e5182865245c839b6f137f7762fc773e601882716a,model_out_of_domain,,,,,,,
qmap154,urf3_279,0,328bdf07834b8d149b8419faf06dea8ba61a3f59f680d4494fa42d1fb6c9d76b,328bdf07834b8d14-s0-ga_h2,success,True,"{""fidelity"": null, ""idle_exposures"": 37774.0, ""log_atom_transfer"": -199.10957138645918, ""log_coherence_linear"": null, ""log_fidelity"": null, ""log_idle_excitation"": -94.55324085920735, ""move_batches"": 88891.0, ""move_time_us"": 9025398.23220399, ""transfers"": 199010.0}",False,False,fresh,fresh,success,328bdf07834b8d149b8419faf06dea8ba61a3f59f680d4494fa42d1fb6c9d76b,"{""bytes"": 623467, ""path"": ""/Users/zhouzixiang/Desktop/zac/ZAC_zzx/results/physical_ga_main_v1/protocol.json"", ""sha256"": ""9bb0ae97d2f3f1536a5c496a65fe2e21e2192ce20830979dd75b30b0a3148fc7""}","{""bytes"": 1286, ""path"": ""/Users/zhouzixiang/Desktop/zac/ZAC_zzx/results/physical_ga_main_v1/receipts/328bdf07834b8d14-s0-ga_h2.json"", ""sha256"": ""3645c9d504b7893c0a156703e294d9fe37bcff76a4fd39111c82c16de7af8836""}",9bb0ae97d2f3f1536a5c496a65fe2e21e2192ce20830979dd75b30b0a3148fc7,d1fab3aaa092939e281636e5182865245c839b6f137f7762fc773e601882716a,model_out_of_domain,,,,,,,
qmap154,urf3_279,1,328bdf07834b8d149b8419faf06dea8ba61a3f59f680d4494fa42d1fb6c9d76b,328bdf07834b8d14-s1-ga_h2,success,True,"{""fidelity"": null, ""idle_exposures"": 38166.0, ""log_atom_transfer"": -200.0920627140382, ""log_coherence_linear"": null, ""log_fidelity"": null, ""log_idle_excitation"": -95.53446790470979, ""move_batches"": 89290.0, ""move_time_us"": 9156856.45069909, ""transfers"": 199992.0}",False,False,fresh,fresh,success,328bdf07834b8d149b8419faf06dea8ba61a3f59f680d4494fa42d1fb6c9d76b,"{""bytes"": 623467, ""path"": ""/Users/zhouzixiang/Desktop/zac/ZAC_zzx/results/physical_ga_main_v1/protocol.json"", ""sha256"": ""9bb0ae97d2f3f1536a5c496a65fe2e21e2192ce20830979dd75b30b0a3148fc7""}","{""bytes"": 1285, ""path"": ""/Users/zhouzixiang/Desktop/zac/ZAC_zzx/results/physical_ga_main_v1/receipts/328bdf07834b8d14-s1-ga_h2.json"", ""sha256"": ""f3b523b273c20da1808fd1a18a8df657805211c91ca0d447574ff9ae7fe9b975""}",9bb0ae97d2f3f1536a5c496a65fe2e21e2192ce20830979dd75b30b0a3148fc7,d1fab3aaa092939e281636e5182865245c839b6f137f7762fc773e601882716a,model_out_of_domain,,,,,,,
qmap154,urf3_279,2,328bdf07834b8d149b8419faf06dea8ba61a3f59f680d4494fa42d1fb6c9d76b,328bdf07834b8d14-s2-ga_h2,success,True,"{""fidelity"": null, ""idle_exposures"": 37865.0, ""log_atom_transfer"": -200.2201267567369, ""log_coherence_linear"": null, ""log_fidelity"": null, ""log_idle_excitation"": -94.78102570905612, ""move_batches"": 88977.0, ""move_time_us"": 9106346.782617085, ""transfers"": 200120.0}",False,False,fresh,fresh,success,328bdf07834b8d149b8419faf06dea8ba61a3f59f680d4494fa42d1fb6c9d76b,"{""bytes"": 623467, ""path"": ""/Users/zhouzixiang/Desktop/zac/ZAC_zzx/results/physical_ga_main_v1/protocol.json"", ""sha256"": ""9bb0ae97d2f3f1536a5c496a65fe2e21e2192ce20830979dd75b30b0a3148fc7""}","{""bytes"": 1285, ""path"": ""/Users/zhouzixiang/Desktop/zac/ZAC_zzx/results/physical_ga_main_v1/receipts/328bdf07834b8d14-s2-ga_h2.json"", ""sha256"": ""155a243c40c4f51404baeeb279fdbf839f7a6aa6b97e8c3a4a9b4ed43321a0ca""}",9bb0ae97d2f3f1536a5c496a65fe2e21e2192ce20830979dd75b30b0a3148fc7,d1fab3aaa092939e281636e5182865245c839b6f137f7762fc773e601882716a,model_out_of_domain,,,,,,,
qmap154,sao2_257,0,43706b3214137b0e3861e5fec3fc91ef93dbc649f0787fccbe50e5b3c4eacff8,43706b3214137b0e-s0-ga_h2,success,True,"{""fidelity"": null, ""idle_exposures"": 13957.0, ""log_atom_transfer"": -51.17759306346495, ""log_coherence_linear"": null, ""log_fidelity"": null, ""log_idle_excitation"": -34.93618845427958, ""move_batches"": 22399.0, ""move_time_us"": 2309241.3277571145, ""transfers"": 51152.0}",False,False,fresh,fresh,success,43706b3214137b0e3861e5fec3fc91ef93dbc649f0787fccbe50e5b3c4eacff8,"{""bytes"": 623467, ""path"": ""/Users/zhouzixiang/Desktop/zac/ZAC_zzx/results/physical_ga_main_v1/protocol.json"", ""sha256"": ""9bb0ae97d2f3f1536a5c496a65fe2e21e2192ce20830979dd75b30b0a3148fc7""}","{""bytes"": 1285, ""path"": ""/Users/zhouzixiang/Desktop/zac/ZAC_zzx/results/physical_ga_main_v1/receipts/43706b3214137b0e-s0-ga_h2.json"", ""sha256"": ""da942ccada990590707f35aa811b08739bc437df4c6bd2b2c268db2f00b79ddc""}",9bb0ae97d2f3f1536a5c496a65fe2e21e2192ce20830979dd75b30b0a3148fc7,d1fab3aaa092939e281636e5182865245c839b6f137f7762fc773e601882716a,model_out_of_domain,,,,,,,
qmap154,sao2_257,1,43706b3214137b0e3861e5fec3fc91ef93dbc649f0787fccbe50e5b3c4eacff8,43706b3214137b0e-s1-ga_h2,success,True,"{""fidelity"": null, ""idle_exposures"": 13741.0, ""log_atom_transfer"": -51.127568046785775, ""log_coherence_linear"": null, ""log_fidelity"": null, ""log_idle_excitation"": -34.39551232716599, ""move_batches"": 22507.0, ""move_time_us"": 2325072.909886332, ""transfers"": 51102.0}",False,False,fresh,fresh,success,43706b3214137b0e3861e5fec3fc91ef93dbc649f0787fccbe50e5b3c4eacff8,"{""bytes"": 623467, ""path"": ""/Users/zhouzixiang/Desktop/zac/ZAC_zzx/results/physical_ga_main_v1/protocol.json"", ""sha256"": ""9bb0ae97d2f3f1536a5c496a65fe2e21e2192ce20830979dd75b30b0a3148fc7""}","{""bytes"": 1285, ""path"": ""/Users/zhouzixiang/Desktop/zac/ZAC_zzx/results/physical_ga_main_v1/receipts/43706b3214137b0e-s1-ga_h2.json"", ""sha256"": ""635bafcbe3c780c580f7fca13c545b0417e83fea591eb9988012795352cb9fbe""}",9bb0ae97d2f3f1536a5c496a65fe2e21e2192ce20830979dd75b30b0a3148fc7,d1fab3aaa092939e281636e5182865245c839b6f137f7762fc773e601882716a,model_out_of_domain,,,,,,,
qmap154,sao2_257,2,43706b3214137b0e3861e5fec3fc91ef93dbc649f0787fccbe50e5b3c4eacff8,43706b3214137b0e-s2-ga_h2,success,True,"{""fidelity"": null, ""idle_exposures"": 13888.0, ""log_atom_transfer"": -50.9434759854064, ""log_coherence_linear"": null, ""log_fidelity"": null, ""log_idle_excitation"": -34.763472469229406, ""move_batches"": 22352.0, ""move_time_us"": 2311441.305054857, ""transfers"": 50918.0}",False,False,fresh,fresh,success,43706b3214137b0e3861e5fec3fc91ef93dbc649f0787fccbe50e5b3c4eacff8,"{""bytes"": 623467, ""path"": ""/Users/zhouzixiang/Desktop/zac/ZAC_zzx/results/physical_ga_main_v1/protocol.json"", ""sha256"": ""9bb0ae97d2f3f1536a5c496a65fe2e21e2192ce20830979dd75b30b0a3148fc7""}","{""bytes"": 1285, ""path"": ""/Users/zhouzixiang/Desktop/zac/ZAC_zzx/results/physical_ga_main_v1/receipts/43706b3214137b0e-s2-ga_h2.json"", ""sha256"": ""257bf4c2f89bcf6468b2e9d21345c973b0450501fea1c437bc71436448bff811""}",9bb0ae97d2f3f1536a5c496a65fe2e21e2192ce20830979dd75b30b0a3148fc7,d1fab3aaa092939e281636e5182865245c839b6f137f7762fc773e601882716a,model_out_of_domain,,,,,,,
qmap154,mlp4_245,0,4adf02f2ebf3a225585ba480d6f0c839a879562a7bcb11fa3d065ee9d2cce73b,4adf02f2ebf3a225-s0-ga_h2,success,True,"{""fidelity"": null, ""idle_exposures"": 5406.0, ""log_atom_transfer"": -24.954479320240512, ""log_coherence_linear"": null, ""log_fidelity"": null, ""log_idle_excitation"": -13.531921959148486, ""move_batches"": 11136.0, ""move_time_us"": 1142807.2639724575, ""transfers"": 24942.0}",False,False,fresh,fresh,success,4adf02f2ebf3a225585ba480d6f0c839a879562a7bcb11fa3d065ee9d2cce73b,"{""bytes"": 623467, ""path"": ""/Users/zhouzixiang/Desktop/zac/ZAC_zzx/results/physical_ga_main_v1/protocol.json"", ""sha256"": ""9bb0ae97d2f3f1536a5c496a65fe2e21e2192ce20830979dd75b30b0a3148fc7""}","{""bytes"": 1283, ""path"": ""/Users/zhouzixiang/Desktop/zac/ZAC_zzx/results/physical_ga_main_v1/receipts/4adf02f2ebf3a225-s0-ga_h2.json"", ""sha256"": ""6edaa108d155f16034224d1ef33a66883c19fde3c849bbb11de19ff18b6ff192""}",9bb0ae97d2f3f1536a5c496a65fe2e21e2192ce20830979dd75b30b0a3148fc7,d1fab3aaa092939e281636e5182865245c839b6f137f7762fc773e601882716a,model_out_of_domain,,,,,,,
qmap154,mlp4_245,1,4adf02f2ebf3a225585ba480d6f0c839a879562a7bcb11fa3d065ee9d2cce73b,4adf02f2ebf3a225-s1-ga_h2,success,True,"{""fidelity"": null, ""idle_exposures"": 5394.0, ""log_atom_transfer"": -24.946475317571846, ""log_coherence_linear"": null, ""log_fidelity"": null, ""log_idle_excitation"": -13.501884396531064, ""move_batches"": 11153.0, ""move_time_us"": 1149741.24040581, ""transfers"": 24934.0}",False,False,fresh,fresh,success,4adf02f2ebf3a225585ba480d6f0c839a879562a7bcb11fa3d065ee9d2cce73b,"{""bytes"": 623467, ""path"": ""/Users/zhouzixiang/Desktop/zac/ZAC_zzx/results/physical_ga_main_v1/protocol.json"", ""sha256"": ""9bb0ae97d2f3f1536a5c496a65fe2e21e2192ce20830979dd75b30b0a3148fc7""}","{""bytes"": 1284, ""path"": ""/Users/zhouzixiang/Desktop/zac/ZAC_zzx/results/physical_ga_main_v1/receipts/4adf02f2ebf3a225-s1-ga_h2.json"", ""sha256"": ""24e6c48d7aba0959d6df87ed2331407d35f98ae056bc79472ea280e279f323bd""}",9bb0ae97d2f3f1536a5c496a65fe2e21e2192ce20830979dd75b30b0a3148fc7,d1fab3aaa092939e281636e5182865245c839b6f137f7762fc773e601882716a,model_out_of_domain,,,,,,,
qmap154,mlp4_245,2,4adf02f2ebf3a225585ba480d6f0c839a879562a7bcb11fa3d065ee9d2cce73b,4adf02f2ebf3a225-s2-ga_h2,success,True,"{""fidelity"": null, ""idle_exposures"": 5397.0, ""log_atom_transfer"": -24.95047731890618, ""log_coherence_linear"": null, ""log_fidelity"": null, ""log_idle_excitation"": -13.50939378718542, ""move_batches"": 11144.0, ""move_time_us"": 1147522.3829929167, ""transfers"": 24938.0}",False,False,fresh,fresh,success,4adf02f2ebf3a225585ba480d6f0c839a879562a7bcb11fa3d065ee9d2cce73b,"{""bytes"": 623467, ""path"": ""/Users/zhouzixiang/Desktop/zac/ZAC_zzx/results/physical_ga_main_v1/protocol.json"", ""sha256"": ""9bb0ae97d2f3f1536a5c496a65fe2e21e2192ce20830979dd75b30b0a3148fc7""}","{""bytes"": 1284, ""path"": ""/Users/zhouzixiang/Desktop/zac/ZAC_zzx/results/physical_ga_main_v1/receipts/4adf02f2ebf3a225-s2-ga_h2.json"", ""sha256"": ""5f0c6f04019eac54233045c4ad1e321007b1141bd31fcd6b0432e39b970d979c""}",9bb0ae97d2f3f1536a5c496a65fe2e21e2192ce20830979dd75b30b0a3148fc7,d1fab3aaa092939e281636e5182865245c839b6f137f7762fc773e601882716a,model_out_of_domain,,,,,,,
qmap154,urf5_158,0,519990e4e669042f5f88609d0678fac03062d4c73dbb340576dccdfb4d4791de,519990e4e669042f-s0-ga_h2,success,True,"{""fidelity"": null, ""idle_exposures"": 52134.0, ""log_atom_transfer"": -208.33018246076503, ""log_coherence_linear"": null, ""log_fidelity"": null, ""log_idle_excitation"": -130.49819079138868, ""move_batches"": 95948.0, ""move_time_us"": 9762516.442722382, ""transfers"": 208226.0}",False,False,fresh,fresh,success,519990e4e669042f5f88609d0678fac03062d4c73dbb340576dccdfb4d4791de,"{""bytes"": 623467, ""path"": ""/Users/zhouzixiang/Desktop/zac/ZAC_zzx/results/physical_ga_main_v1/protocol.json"", ""sha256"": ""9bb0ae97d2f3f1536a5c496a65fe2e21e2192ce20830979dd75b30b0a3148fc7""}","{""bytes"": 1284, ""path"": ""/Users/zhouzixiang/Desktop/zac/ZAC_zzx/results/physical_ga_main_v1/receipts/519990e4e669042f-s0-ga_h2.json"", ""sha256"": ""53e29e32bd3cb69c00b826ef5ef6eb52db21db044495049c67232c2bf3c6b6d0""}",9bb0ae97d2f3f1536a5c496a65fe2e21e2192ce20830979dd75b30b0a3148fc7,d1fab3aaa092939e281636e5182865245c839b6f137f7762fc773e601882716a,model_out_of_domain,,,,,,,
qmap154,urf5_158,1,519990e4e669042f5f88609d0678fac03062d4c73dbb340576dccdfb4d4791de,519990e4e669042f-s1-ga_h2,success,True,"{""fidelity"": null, ""idle_exposures"": 52859.0, ""log_atom_transfer"": -208.88646064623748, ""log_coherence_linear"": null, ""log_fidelity"": null, ""log_idle_excitation"": -132.31296019952458, ""move_batches"": 96167.0, ""move_time_us"": 9827737.868642896, ""transfers"": 208782.0}",False,False,fresh,fresh,success,519990e4e669042f5f88609d0678fac03062d4c73dbb340576dccdfb4d4791de,"{""bytes"": 623467, ""path"": ""/Users/zhouzixiang/Desktop/zac/ZAC_zzx/results/physical_ga_main_v1/protocol.json"", ""sha256"": ""9bb0ae97d2f3f1536a5c496a65fe2e21e2192ce20830979dd75b30b0a3148fc7""}","{""bytes"": 1285, ""path"": ""/Users/zhouzixiang/Desktop/zac/ZAC_zzx/results/physical_ga_main_v1/receipts/519990e4e669042f-s1-ga_h2.json"", ""sha256"": ""63c06037fa43202cd19ced355158bbb314e7ffce03d5419093b9be22ece07670""}",9bb0ae97d2f3f1536a5c496a65fe2e21e2192ce20830979dd75b30b0a3148fc7,d1fab3aaa092939e281636e5182865245c839b6f137f7762fc773e601882716a,model_out_of_domain,,,,,,,
qmap154,urf5_158,2,519990e4e669042f5f88609d0678fac03062d4c73dbb340576dccdfb4d4791de,519990e4e669042f-s2-ga_h2,success,True,"{""fidelity"": null, ""idle_exposures"": 52500.0, ""log_atom_transfer"": -207.61782622325356, ""log_coherence_linear"": null, ""log_fidelity"": null, ""log_idle_excitation"": -131.41433645122004, ""move_batches"": 95756.0, ""move_time_us"": 9628076.39604686, ""transfers"": 207514.0}",False,False,fresh,fresh,success,519990e4e669042f5f88609d0678fac03062d4c73dbb340576dccdfb4d4791de,"{""bytes"": 623467, ""path"": ""/Users/zhouzixiang/Desktop/zac/ZAC_zzx/results/physical_ga_main_v1/protocol.json"", ""sha256"": ""9bb0ae97d2f3f1536a5c496a65fe2e21e2192ce20830979dd75b30b0a3148fc7""}","{""bytes"": 1285, ""path"": ""/Users/zhouzixiang/Desktop/zac/ZAC_zzx/results/physical_ga_main_v1/receipts/519990e4e669042f-s2-ga_h2.json"", ""sha256"": ""00f86e3e4c646388ccf2fa968a4dfe61f4d622a2a54e5d036ddf0e4cf8070b76""}",9bb0ae97d2f3f1536a5c496a65fe2e21e2192ce20830979dd75b30b0a3148fc7,d1fab3aaa092939e281636e5182865245c839b6f137f7762fc773e601882716a,model_out_of_domain,,,,,,,
qmap154,urf2_152,0,55b93a9b6eff1a8ea7a3f8edb58f348a0de40c2d16d890d46fccff55d4af6183,55b93a9b6eff1a8e-s0-ga_h2,success,True,"{""fidelity"": null, ""idle_exposures"": 26859.0, ""log_atom_transfer"": -96.24613109006884, ""log_coherence_linear"": null, ""log_fidelity"": null, ""log_idle_excitation"": -67.23157452844417, ""move_batches"": 44690.0, ""move_time_us"": 4455837.529388716, ""transfers"": 96198.0}",False,False,fresh,fresh,success,55b93a9b6eff1a8ea7a3f8edb58f348a0de40c2d16d890d46fccff55d4af6183,"{""bytes"": 623467, ""path"": ""/Users/zhouzixiang/Desktop/zac/ZAC_zzx/results/physical_ga_main_v1/protocol.json"", ""sha256"": ""9bb0ae97d2f3f1536a5c496a65fe2e21e2192ce20830979dd75b30b0a3148fc7""}","{""bytes"": 1286, ""path"": ""/Users/zhouzixiang/Desktop/zac/ZAC_zzx/results/physical_ga_main_v1/receipts/55b93a9b6eff1a8e-s0-ga_h2.json"", ""sha256"": ""3aea682e9abbb947b831a090e99ddc1bdd4385195ea6e52dc4cbd86aa9362111""}",9bb0ae97d2f3f1536a5c496a65fe2e21e2192ce20830979dd75b30b0a3148fc7,d1fab3aaa092939e281636e5182865245c839b6f137f7762fc773e601882716a,model_out_of_domain,,,,,,,
qmap154,urf2_152,1,55b93a9b6eff1a8ea7a3f8edb58f348a0de40c2d16d890d46fccff55d4af6183,55b93a9b6eff1a8e-s1-ga_h2,success,True,"{""fidelity"": null, ""idle_exposures"": 26540.0, ""log_atom_transfer"": -96.33217411875702, ""log_coherence_linear"": null, ""log_fidelity"": null, ""log_idle_excitation"": -66.43307598886437, ""move_batches"": 44743.0, ""move_time_us"": 4459730.678175702, ""transfers"": 96284.0}",False,False,fresh,fresh,success,55b93a9b6eff1a8ea7a3f8edb58f348a0de40c2d16d890d46fccff55d4af6183,"{""bytes"": 623467, ""path"": ""/Users/zhouzixiang/Desktop/zac/ZAC_zzx/results/physical_ga_main_v1/protocol.json"", ""sha256"": ""9bb0ae97d2f3f1536a5c496a65fe2e21e2192ce20830979dd75b30b0a3148fc7""}","{""bytes"": 1286, ""path"": ""/Users/zhouzixiang/Desktop/zac/ZAC_zzx/results/physical_ga_main_v1/receipts/55b93a9b6eff1a8e-s1-ga_h2.json"", ""sha256"": ""1e9286840ea7a5c4b169e84aaa736952a433eaa4e82ae3d6eb36cbaf22c75d8d""}",9bb0ae97d2f3f1536a5c496a65fe2e21e2192ce20830979dd75b30b0a3148fc7,d1fab3aaa092939e281636e5182865245c839b6f137f7762fc773e601882716a,model_out_of_domain,,,,,,,
qmap154,urf2_152,2,55b93a9b6eff1a8ea7a3f8edb58f348a0de40c2d16d890d46fccff55d4af6183,55b93a9b6eff1a8e-s2-ga_h2,success,True,"{""fidelity"": null, ""idle_exposures"": 26806.0, ""log_atom_transfer"": -96.22011808139567, ""log_coherence_linear"": null, ""log_fidelity"": null, ""log_idle_excitation"": -67.0989086268839, ""move_batches"": 44738.0, ""move_time_us"": 4462806.725555856, ""transfers"": 96172.0}",False,False,fresh,fresh,success,55b93a9b6eff1a8ea7a3f8edb58f348a0de40c2d16d890d46fccff55d4af6183,"{""bytes"": 623467, ""path"": ""/Users/zhouzixiang/Desktop/zac/ZAC_zzx/results/physical_ga_main_v1/protocol.json"", ""sha256"": ""9bb0ae97d2f3f1536a5c496a65fe2e21e2192ce20830979dd75b30b0a3148fc7""}","{""bytes"": 1286, ""path"": ""/Users/zhouzixiang/Desktop/zac/ZAC_zzx/results/physical_ga_main_v1/receipts/55b93a9b6eff1a8e-s2-ga_h2.json"", ""sha256"": ""8741db6a46d1abeedc52a2aa3f188c9ea1585bae95526971191d0f7cfabb01f4""}",9bb0ae97d2f3f1536a5c496a65fe2e21e2192ce20830979dd75b30b0a3148fc7,d1fab3aaa092939e281636e5182865245c839b6f137f7762fc773e601882716a,model_out_of_domain,,,,,,,
qmap154,urf5_280,0,5cf6399299cef926984e7c5cb768fb3ee0fa8a47a51b246a2188db42073e823c,5cf6399299cef926-s0-ga_h2,success,True,"{""fidelity"": null, ""idle_exposures"": 16413.0, ""log_atom_transfer"": -72.6903512361781, ""log_coherence_linear"": null, ""log_fidelity"": null, ""log_idle_excitation"": -41.08387626997856, ""move_batches"": 32251.0, ""move_time_us"": 3292860.747170894, ""transfers"": 72654.0}",False,False,fresh,fresh,success,5cf6399299cef926984e7c5cb768fb3ee0fa8a47a51b246a2188db42073e823c,"{""bytes"": 623467, ""path"": ""/Users/zhouzixiang/Desktop/zac/ZAC_zzx/results/physical_ga_main_v1/protocol.json"", ""sha256"": ""9bb0ae97d2f3f1536a5c496a65fe2e21e2192ce20830979dd75b30b0a3148fc7""}","{""bytes"": 1286, ""path"": ""/Users/zhouzixiang/Desktop/zac/ZAC_zzx/results/physical_ga_main_v1/receipts/5cf6399299cef926-s0-ga_h2.json"", ""sha256"": ""4528c06013646fbdd237943505536416118d6a51d0625ad98d07aa93ae547ee6""}",9bb0ae97d2f3f1536a5c496a65fe2e21e2192ce20830979dd75b30b0a3148fc7,d1fab3aaa092939e281636e5182865245c839b6f137f7762fc773e601882716a,model_out_of_domain,,,,,,,
qmap154,urf5_280,1,5cf6399299cef926984e7c5cb768fb3ee0fa8a47a51b246a2188db42073e823c,5cf6399299cef926-s1-ga_h2,success,True,"{""fidelity"": null, ""idle_exposures"": 16302.0, ""log_atom_transfer"": -72.64032621949893, ""log_coherence_linear"": null, ""log_fidelity"": null, ""log_idle_excitation"": -40.80602881576741, ""move_batches"": 32211.0, ""move_time_us"": 3280022.8404410197, ""transfers"": 72604.0}",False,False,fresh,fresh,success,5cf6399299cef926984e7c5cb768fb3ee0fa8a47a51b246a2188db42073e823c,"{""bytes"": 623467, ""path"": ""/Users/zhouzixiang/Desktop/zac/ZAC_zzx/results/physical_ga_main_v1/protocol.json"", ""sha256"": ""9bb0ae97d2f3f1536a5c496a65fe2e21e2192ce20830979dd75b30b0a3148fc7""}","{""bytes"": 1284, ""path"": ""/Users/zhouzixiang/Desktop/zac/ZAC_zzx/results/physical_ga_main_v1/receipts/5cf6399299cef926-s1-ga_h2.json"", ""sha256"": ""4550948e36465fdfa91623d1f5e24af40bad48126cfd544c42680984a32ed1e2""}",9bb0ae97d2f3f1536a5c496a65fe2e21e2192ce20830979dd75b30b0a3148fc7,d1fab3aaa092939e281636e5182865245c839b6f137f7762fc773e601882716a,model_out_of_domain,,,,,,,
qmap154,urf5_280,2,5cf6399299cef926984e7c5cb768fb3ee0fa8a47a51b246a2188db42073e823c,5cf6399299cef926-s2-ga_h2,success,True,"{""fidelity"": null, ""idle_exposures"": 16108.0, ""log_atom_transfer"": -72.85843529222014, ""log_coherence_linear"": null, ""log_fidelity"": null, ""log_idle_excitation"": -40.32042155345243, ""move_batches"": 32270.0, ""move_time_us"": 3313020.2496804465, ""transfers"": 72822.0}",False,False,fresh,fresh,success,5cf6399299cef926984e7c5cb768fb3ee0fa8a47a51b246a2188db42073e823c,"{""bytes"": 623467, ""path"": ""/Users/zhouzixiang/Desktop/zac/ZAC_zzx/results/physical_ga_main_v1/protocol.json"", ""sha256"": ""9bb0ae97d2f3f1536a5c496a65fe2e21e2192ce20830979dd75b30b0a3148fc7""}","{""bytes"": 1286, ""path"": ""/Users/zhouzixiang/Desktop/zac/ZAC_zzx/results/physical_ga_main_v1/receipts/5cf6399299cef926-s2-ga_h2.json"", ""sha256"": ""f83b51b36d59623925dd820af400ac3384706cbed56e5bfe0c54f06b4e83ec63""}",9bb0ae97d2f3f1536a5c496a65fe2e21e2192ce20830979dd75b30b0a3148fc7,d1fab3aaa092939e281636e5182865245c839b6f137f7762fc773e601882716a,model_out_of_domain,,,,,,,
qmap154,sym10_262,0,5db52a7209dad55f0dc564044090c5a06872df68846f80b25e1a9ca1519f9cde,5db52a7209dad55f-s0-ga_h2,success,True,"{""fidelity"": null, ""idle_exposures"": 20159.0, ""log_atom_transfer"": -85.91096264415093, ""log_coherence_linear"": null, ""log_fidelity"": null, ""log_idle_excitation"": -50.460602067050374, ""move_batches"": 38261.0, ""move_time_us"": 3949169.1433774196, ""transfers"": 85868.0}",False,False,fresh,fresh,success,5db52a7209dad55f0dc564044090c5a06872df68846f80b25e1a9ca1519f9cde,"{""bytes"": 623467, ""path"": ""/Users/zhouzixiang/Desktop/zac/ZAC_zzx/results/physical_ga_main_v1/protocol.json"", ""sha256"": ""9bb0ae97d2f3f1536a5c496a65fe2e21e2192ce20830979dd75b30b0a3148fc7""}","{""bytes"": 1287, ""path"": ""/Users/zhouzixiang/Desktop/zac/ZAC_zzx/results/physical_ga_main_v1/receipts/5db52a7209dad55f-s0-ga_h2.json"", ""sha256"": ""1f5013a1201467923ea8848194d442acd60b5e0d6a0606330f3b0490d1da9541""}",9bb0ae97d2f3f1536a5c496a65fe2e21e2192ce20830979dd75b30b0a3148fc7,d1fab3aaa092939e281636e5182865245c839b6f137f7762fc773e601882716a,model_out_of_domain,,,,,,,
qmap154,sym10_262,1,5db52a7209dad55f0dc564044090c5a06872df68846f80b25e1a9ca1519f9cde,5db52a7209dad55f-s1-ga_h2,success,True,"{""fidelity"": null, ""idle_exposures"": 20244.0, ""log_atom_transfer"": -85.73687558610739, ""log_coherence_linear"": null, ""log_fidelity"": null, ""log_idle_excitation"": -50.67336813559045, ""move_batches"": 38220.0, ""move_time_us"": 3941162.805076529, ""transfers"": 85694.0}",False,False,fresh,fresh,success,5db52a7209dad55f0dc564044090c5a06872df68846f80b25e1a9ca1519f9cde,"{""bytes"": 623467, ""path"": ""/Users/zhouzixiang/Desktop/zac/ZAC_zzx/results/physical_ga_main_v1/protocol.json"", ""sha256"": ""9bb0ae97d2f3f1536a5c496a65fe2e21e2192ce20830979dd75b30b0a3148fc7""}","{""bytes"": 1287, ""path"": ""/Users/zhouzixiang/Desktop/zac/ZAC_zzx/results/physical_ga_main_v1/receipts/5db52a7209dad55f-s1-ga_h2.json"", ""sha256"": ""b9bd38704dda7804160585b6fe6506d85e6abfb08c76185462cfb7ebec50f154""}",9bb0ae97d2f3f1536a5c496a65fe2e21e2192ce20830979dd75b30b0a3148fc7,d1fab3aaa092939e281636e5182865245c839b6f137f7762fc773e601882716a,model_out_of_domain,,,,,,,
qmap154,sym10_262,2,5db52a7209dad55f0dc564044090c5a06872df68846f80b25e1a9ca1519f9cde,5db52a7209dad55f-s2-ga_h2,success,True,"{""fidelity"": null, ""idle_exposures"": 20239.0, ""log_atom_transfer"": -85.87894663347626, ""log_coherence_linear"": null, ""log_fidelity"": null, ""log_idle_excitation"": -50.660852484499856, ""move_batches"": 38234.0, ""move_time_us"": 3939396.1822310993, ""transfers"": 85836.0}",False,False,fresh,fresh,success,5db52a7209dad55f0dc564044090c5a06872df68846f80b25e1a9ca1519f9cde,"{""bytes"": 623467, ""path"": ""/Users/zhouzixiang/Desktop/zac/ZAC_zzx/results/physical_ga_main_v1/protocol.json"", ""sha256"": ""9bb0ae97d2f3f1536a5c496a65fe2e21e2192ce20830979dd75b30b0a3148fc7""}","{""bytes"": 1287, ""path"": ""/Users/zhouzixiang/Desktop/zac/ZAC_zzx/results/physical_ga_main_v1/receipts/5db52a7209dad55f-s2-ga_h2.json"", ""sha256"": ""cfc88a34359b972cf57df7628d533cf8f13e48a2bd91f6342ab194aa7c749858""}",9bb0ae97d2f3f1536a5c496a65fe2e21e2192ce20830979dd75b30b0a3148fc7,d1fab3aaa092939e281636e5182865245c839b6f137f7762fc773e601882716a,model_out_of_domain,,,,,,,
qmap154,max46_240,0,67f3a2ba74dceba2bd89005348bd7f40e3b7118c9e378395e877d9f522f31d3b,67f3a2ba74dceba2-s0-ga_h2,success,True,"{""fidelity"": null, ""idle_exposures"": 9945.0, ""log_atom_transfer"": -35.72386491093368, ""log_coherence_linear"": null, ""log_fidelity"": null, ""log_idle_excitation"": -24.893630019188254, ""move_batches"": 15690.0, ""move_time_us"": 1601821.7842098675, ""transfers"": 35706.0}",False,False,fresh,fresh,success,67f3a2ba74dceba2bd89005348bd7f40e3b7118c9e378395e877d9f522f31d3b,"{""bytes"": 623467, ""path"": ""/Users/zhouzixiang/Desktop/zac/ZAC_zzx/results/physical_ga_main_v1/protocol.json"", ""sha256"": ""9bb0ae97d2f3f1536a5c496a65fe2e21e2192ce20830979dd75b30b0a3148fc7""}","{""bytes"": 1284, ""path"": ""/Users/zhouzixiang/Desktop/zac/ZAC_zzx/results/physical_ga_main_v1/receipts/67f3a2ba74dceba2-s0-ga_h2.json"", ""sha256"": ""938266c728d2e2048a2a170cea18655ead65e821822bb5cb7a9982b5dce7e5ff""}",9bb0ae97d2f3f1536a5c496a65fe2e21e2192ce20830979dd75b30b0a3148fc7,d1fab3aaa092939e281636e5182865245c839b6f137f7762fc773e601882716a,model_out_of_domain,,,,,,,
qmap154,max46_240,1,67f3a2ba74dceba2bd89005348bd7f40e3b7118c9e378395e877d9f522f31d3b,67f3a2ba74dceba2-s1-ga_h2,success,True,"{""fidelity"": null, ""idle_exposures"": 9781.0, ""log_atom_transfer"": -35.80590593828753, ""log_coherence_linear"": null, ""log_fidelity"": null, ""log_idle_excitation"": -24.483116663416823, ""move_batches"": 15688.0, ""move_time_us"": 1604816.0067959146, ""transfers"": 35788.0}",False,False,fresh,fresh,success,67f3a2ba74dceba2bd89005348bd7f40e3b7118c9e378395e877d9f522f31d3b,"{""bytes"": 623467, ""path"": ""/Users/zhouzixiang/Desktop/zac/ZAC_zzx/results/physical_ga_main_v1/protocol.json"", ""sha256"": ""9bb0ae97d2f3f1536a5c496a65fe2e21e2192ce20830979dd75b30b0a3148fc7""}","{""bytes"": 1284, ""path"": ""/Users/zhouzixiang/Desktop/zac/ZAC_zzx/results/physical_ga_main_v1/receipts/67f3a2ba74dceba2-s1-ga_h2.json"", ""sha256"": ""82ce1d645f48728bfc2046b5d55acd96fd6853bab87b61649e30ca48b91d1311""}",9bb0ae97d2f3f1536a5c496a65fe2e21e2192ce20830979dd75b30b0a3148fc7,d1fab3aaa092939e281636e5182865245c839b6f137f7762fc773e601882716a,model_out_of_domain,,,,,,,
qmap154,max46_240,2,67f3a2ba74dceba2bd89005348bd7f40e3b7118c9e378395e877d9f522f31d3b,67f3a2ba74dceba2-s2-ga_h2,success,True,"{""fidelity"": null, ""idle_exposures"": 9648.0, ""log_atom_transfer"": -35.83992294962937, ""log_coherence_linear"": null, ""log_fidelity"": null, ""log_idle_excitation"": -24.150200344407065, ""move_batches"": 15777.0, ""move_time_us"": 1625092.9466210266, ""transfers"": 35822.0}",False,False,fresh,fresh,success,67f3a2ba74dceba2bd89005348bd7f40e3b7118c9e378395e877d9f522f31d3b,"{""bytes"": 623467, ""path"": ""/Users/zhouzixiang/Desktop/zac/ZAC_zzx/results/physical_ga_main_v1/protocol.json"", ""sha256"": ""9bb0ae97d2f3f1536a5c496a65fe2e21e2192ce20830979dd75b30b0a3148fc7""}","{""bytes"": 1285, ""path"": ""/Users/zhouzixiang/Desktop/zac/ZAC_zzx/results/physical_ga_main_v1/receipts/67f3a2ba74dceba2-s2-ga_h2.json"", ""sha256"": ""4ab6a6e9353a9875971878a813fcc07ea34f3fe795a1306ad1e00f6c472bcb20""}",9bb0ae97d2f3f1536a5c496a65fe2e21e2192ce20830979dd75b30b0a3148fc7,d1fab3aaa092939e281636e5182865245c839b6f137f7762fc773e601882716a,model_out_of_domain,,,,,,,
qmap154,sym9_148,0,6a854c802f048fc965ee3b2fea0772c5ebe941c837e8ea52c657829e243e25b5,6a854c802f048fc9-s0-ga_h2,success,True,"{""fidelity"": null, ""idle_exposures"": 6102.0, ""log_atom_transfer"": -28.17208839304516, ""log_coherence_linear"": null, ""log_fidelity"": null, ""log_idle_excitation"": -15.274100590958946, ""move_batches"": 12683.0, ""move_time_us"": 1315949.2679805302, ""transfers"": 28158.0}",False,False,fresh,fresh,success,6a854c802f048fc965ee3b2fea0772c5ebe941c837e8ea52c657829e243e25b5,"{""bytes"": 623467, ""path"": ""/Users/zhouzixiang/Desktop/zac/ZAC_zzx/results/physical_ga_main_v1/protocol.json"", ""sha256"": ""9bb0ae97d2f3f1536a5c496a65fe2e21e2192ce20830979dd75b30b0a3148fc7""}","{""bytes"": 1285, ""path"": ""/Users/zhouzixiang/Desktop/zac/ZAC_zzx/results/physical_ga_main_v1/receipts/6a854c802f048fc9-s0-ga_h2.json"", ""sha256"": ""81d7cc766be61fc59a49cb572c16449641050a8310f20dd5048ca0ccbaef1ec3""}",9bb0ae97d2f3f1536a5c496a65fe2e21e2192ce20830979dd75b30b0a3148fc7,d1fab3aaa092939e281636e5182865245c839b6f137f7762fc773e601882716a,model_out_of_domain,,,,,,,
qmap154,sym9_148,1,6a854c802f048fc965ee3b2fea0772c5ebe941c837e8ea52c657829e243e25b5,6a854c802f048fc9-s1-ga_h2,success,True,"{""fidelity"": null, ""idle_exposures"": 6087.0, ""log_atom_transfer"": -28.280142429072182, ""log_coherence_linear"": null, ""log_fidelity"": null, ""log_idle_excitation"": -15.23655363768717, ""move_batches"": 12683.0, ""move_time_us"": 1314041.5323533355, ""transfers"": 28266.0}",False,False,fresh,fresh,success,6a854c802f048fc965ee3b2fea0772c5ebe941c837e8ea52c657829e243e25b5,"{""bytes"": 623467, ""path"": ""/Users/zhouzixiang/Desktop/zac/ZAC_zzx/results/physical_ga_main_v1/protocol.json"", ""sha256"": ""9bb0ae97d2f3f1536a5c496a65fe2e21e2192ce20830979dd75b30b0a3148fc7""}","{""bytes"": 1284, ""path"": ""/Users/zhouzixiang/Desktop/zac/ZAC_zzx/results/physical_ga_main_v1/receipts/6a854c802f048fc9-s1-ga_h2.json"", ""sha256"": ""f373b4062d57c5ad8e7452c906892bd1e36762834eb011d07d472fb4f009f555""}",9bb0ae97d2f3f1536a5c496a65fe2e21e2192ce20830979dd75b30b0a3148fc7,d1fab3aaa092939e281636e5182865245c839b6f137f7762fc773e601882716a,model_out_of_domain,,,,,,,
qmap154,sym9_148,2,6a854c802f048fc965ee3b2fea0772c5ebe941c837e8ea52c657829e243e25b5,6a854c802f048fc9-s2-ga_h2,success,True,"{""fidelity"": null, ""idle_exposures"": 6114.0, ""log_atom_transfer"": -28.340172449087195, ""log_coherence_linear"": null, ""log_fidelity"": null, ""log_idle_excitation"": -15.304138153576368, ""move_batches"": 12710.0, ""move_time_us"": 1314895.768312965, ""transfers"": 28326.0}",False,False,fresh,fresh,success,6a854c802f048fc965ee3b2fea0772c5ebe941c837e8ea52c657829e243e25b5,"{""bytes"": 623467, ""path"": ""/Users/zhouzixiang/Desktop/zac/ZAC_zzx/results/physical_ga_main_v1/protocol.json"", ""sha256"": ""9bb0ae97d2f3f1536a5c496a65fe2e21e2192ce20830979dd75b30b0a3148fc7""}","{""bytes"": 1285, ""path"": ""/Users/zhouzixiang/Desktop/zac/ZAC_zzx/results/physical_ga_main_v1/receipts/6a854c802f048fc9-s2-ga_h2.json"", ""sha256"": ""4193c0437575b5dd3fa9c5dd106f90a90544c9680bcf4519961f971199c4b1eb""}",9bb0ae97d2f3f1536a5c496a65fe2e21e2192ce20830979dd75b30b0a3148fc7,d1fab3aaa092939e281636e5182865245c839b6f137f7762fc773e601882716a,model_out_of_domain,,,,,,,
qmap154,urf2_277,0,6b204da03ed7c6d4a702bf7e75e363c9521987069c738fe559f3b61d7a389ce5,6b204da03ed7c6d4-s0-ga_h2,success,True,"{""fidelity"": null, ""idle_exposures"": 5977.0, ""log_atom_transfer"": -31.623814543908352, ""log_coherence_linear"": null, ""log_fidelity"": null, ""log_idle_excitation"": -14.961209313694138, ""move_batches"": 13940.0, ""move_time_us"": 1421521.214782869, ""transfers"": 31608.0}",False,False,fresh,fresh,success,6b204da03ed7c6d4a702bf7e75e363c9521987069c738fe559f3b61d7a389ce5,"{""bytes"": 623467, ""path"": ""/Users/zhouzixiang/Desktop/zac/ZAC_zzx/results/physical_ga_main_v1/protocol.json"", ""sha256"": ""9bb0ae97d2f3f1536a5c496a65fe2e21e2192ce20830979dd75b30b0a3148fc7""}","{""bytes"": 1284, ""path"": ""/Users/zhouzixiang/Desktop/zac/ZAC_zzx/results/physical_ga_main_v1/receipts/6b204da03ed7c6d4-s0-ga_h2.json"", ""sha256"": ""d630adb45454067fb3e97676517d047ebf3494fc2b623dc23c914c686241d36d""}",9bb0ae97d2f3f1536a5c496a65fe2e21e2192ce20830979dd75b30b0a3148fc7,d1fab3aaa092939e281636e5182865245c839b6f137f7762fc773e601882716a,model_out_of_domain,,,,,,,
qmap154,urf2_277,1,6b204da03ed7c6d4a702bf7e75e363c9521987069c738fe559f3b61d7a389ce5,6b204da03ed7c6d4-s1-ga_h2,success,True,"{""fidelity"": null, ""idle_exposures"": 5953.0, ""log_atom_transfer"": -31.733869580602544, ""log_coherence_linear"": null, ""log_fidelity"": null, ""log_idle_excitation"": -14.901134188459293, ""move_batches"": 13993.0, ""move_time_us"": 1428524.393812511, ""transfers"": 31718.0}",False,False,fresh,fresh,success,6b204da03ed7c6d4a702bf7e75e363c9521987069c738fe559f3b61d7a389ce5,"{""bytes"": 623467, ""path"": ""/Users/zhouzixiang/Desktop/zac/ZAC_zzx/results/physical_ga_main_v1/protocol.json"", ""sha256"": ""9bb0ae97d2f3f1536a5c496a65fe2e21e2192ce20830979dd75b30b0a3148fc7""}","{""bytes"": 1285, ""path"": ""/Users/zhouzixiang/Desktop/zac/ZAC_zzx/results/physical_ga_main_v1/receipts/6b204da03ed7c6d4-s1-ga_h2.json"", ""sha256"": ""1742aa8e4ec8e720aa4d96bc5e7290d93af1f1a8283b0ba5085f42ab9e51f584""}",9bb0ae97d2f3f1536a5c496a65fe2e21e2192ce20830979dd75b30b0a3148fc7,d1fab3aaa092939e281636e5182865245c839b6f137f7762fc773e601882716a,model_out_of_domain,,,,,,,
qmap154,urf2_277,2,6b204da03ed7c6d4a702bf7e75e363c9521987069c738fe559f3b61d7a389ce5,6b204da03ed7c6d4-s2-ga_h2,success,True,"{""fidelity"": null, ""idle_exposures"": 5986.0, ""log_atom_transfer"": -31.63381954724419, ""log_coherence_linear"": null, ""log_fidelity"": null, ""log_idle_excitation"": -14.983737485657203, ""move_batches"": 13958.0, ""move_time_us"": 1428335.2937423452, ""transfers"": 31618.0}",False,False,fresh,fresh,success,6b204da03ed7c6d4a702bf7e75e363c9521987069c738fe559f3b61d7a389ce5,"{""bytes"": 623467, ""path"": ""/Users/zhouzixiang/Desktop/zac/ZAC_zzx/results/physical_ga_main_v1/protocol.json"", ""sha256"": ""9bb0ae97d2f3f1536a5c496a65fe2e21e2192ce20830979dd75b30b0a3148fc7""}","{""bytes"": 1284, ""path"": ""/Users/zhouzixiang/Desktop/zac/ZAC_zzx/results/physical_ga_main_v1/receipts/6b204da03ed7c6d4-s2-ga_h2.json"", ""sha256"": ""6d46471c0fb1cbaefc78f653928d2efba0210ad0c60a64abd29adfc907de1de5""}",9bb0ae97d2f3f1536a5c496a65fe2e21e2192ce20830979dd75b30b0a3148fc7,d1fab3aaa092939e281636e5182865245c839b6f137f7762fc773e601882716a,model_out_of_domain,,,,,,,
qmap154,life_238,0,74b2946fa4cd4b5f2674d1d782198f9847a48610650465988696869ee07ab48b,74b2946fa4cd4b5f-s0-ga_h2,success,True,"{""fidelity"": null, ""idle_exposures"": 6409.0, ""log_atom_transfer"": -30.045025017513538, ""log_coherence_linear"": null, ""log_fidelity"": null, ""log_idle_excitation"": -16.042561567921318, ""move_batches"": 13380.0, ""move_time_us"": 1368708.9543551935, ""transfers"": 30030.0}",False,False,fresh,fresh,success,74b2946fa4cd4b5f2674d1d782198f9847a48610650465988696869ee07ab48b,"{""bytes"": 623467, ""path"": ""/Users/zhouzixiang/Desktop/zac/ZAC_zzx/results/physical_ga_main_v1/protocol.json"", ""sha256"": ""9bb0ae97d2f3f1536a5c496a65fe2e21e2192ce20830979dd75b30b0a3148fc7""}","{""bytes"": 1285, ""path"": ""/Users/zhouzixiang/Desktop/zac/ZAC_zzx/results/physical_ga_main_v1/receipts/74b2946fa4cd4b5f-s0-ga_h2.json"", ""sha256"": ""8fe9d5b8b8eda83d339ec82095048322670b781d2f1e3b1090d6d542ff88e3e1""}",9bb0ae97d2f3f1536a5c496a65fe2e21e2192ce20830979dd75b30b0a3148fc7,d1fab3aaa092939e281636e5182865245c839b6f137f7762fc773e601882716a,model_out_of_domain,,,,,,,
qmap154,life_238,1,74b2946fa4cd4b5f2674d1d782198f9847a48610650465988696869ee07ab48b,74b2946fa4cd4b5f-s1-ga_h2,success,True,"{""fidelity"": null, ""idle_exposures"": 6402.0, ""log_atom_transfer"": -29.972988993495523, ""log_coherence_linear"": null, ""log_fidelity"": null, ""log_idle_excitation"": -16.02503965639449, ""move_batches"": 13359.0, ""move_time_us"": 1363280.4262663117, ""transfers"": 29958.0}",False,False,fresh,fresh,success,74b2946fa4cd4b5f2674d1d782198f9847a48610650465988696869ee07ab48b,"{""bytes"": 623467, ""path"": ""/Users/zhouzixiang/Desktop/zac/ZAC_zzx/results/physical_ga_main_v1/protocol.json"", ""sha256"": ""9bb0ae97d2f3f1536a5c496a65fe2e21e2192ce20830979dd75b30b0a3148fc7""}","{""bytes"": 1284, ""path"": ""/Users/zhouzixiang/Desktop/zac/ZAC_zzx/results/physical_ga_main_v1/receipts/74b2946fa4cd4b5f-s1-ga_h2.json"", ""sha256"": ""9023054e31c10eac739990c14314c349bae4820713cb76db265c885a0a4f7142""}",9bb0ae97d2f3f1536a5c496a65fe2e21e2192ce20830979dd75b30b0a3148fc7,d1fab3aaa092939e281636e5182865245c839b6f137f7762fc773e601882716a,model_out_of_domain,,,,,,,
qmap154,life_238,2,74b2946fa4cd4b5f2674d1d782198f9847a48610650465988696869ee07ab48b,74b2946fa4cd4b5f-s2-ga_h2,success,True,"{""fidelity"": null, ""idle_exposures"": 6421.0, ""log_atom_transfer"": -30.005005004170197, ""log_coherence_linear"": null, ""log_fidelity"": null, ""log_idle_excitation"": -16.07259913053874, ""move_batches"": 13351.0, ""move_time_us"": 1360640.5397686171, ""transfers"": 29990.0}",False,False,fresh,fresh,success,74b2946fa4cd4b5f2674d1d782198f9847a48610650465988696869ee07ab48b,"{""bytes"": 623467, ""path"": ""/Users/zhouzixiang/Desktop/zac/ZAC_zzx/results/physical_ga_main_v1/protocol.json"", ""sha256"": ""9bb0ae97d2f3f1536a5c496a65fe2e21e2192ce20830979dd75b30b0a3148fc7""}","{""bytes"": 1285, ""path"": ""/Users/zhouzixiang/Desktop/zac/ZAC_zzx/results/physical_ga_main_v1/receipts/74b2946fa4cd4b5f-s2-ga_h2.json"", ""sha256"": ""57c9084ddf154568ba9206f24e803e076526a8de712a41545ced6de4f89e9c15""}",9bb0ae97d2f3f1536a5c496a65fe2e21e2192ce20830979dd75b30b0a3148fc7,d1fab3aaa092939e281636e5182865245c839b6f137f7762fc773e601882716a,model_out_of_domain,,,,,,,
qmap154,urf6_160,0,880954c5d99eb11659dc5546165525c3911fe05965a70e40c276522a6acd69ab,880954c5d99eb116-s0-ga_h2,success,True,"{""fidelity"": null, ""idle_exposures"": 54819.0, ""log_atom_transfer"": -215.2296327611571, ""log_coherence_linear"": null, ""log_fidelity"": null, ""log_idle_excitation"": -137.2190954270368, ""move_batches"": 100466.0, ""move_time_us"": 10213896.926719407, ""transfers"": 215122.0}",False,False,fresh,fresh,success,880954c5d99eb11659dc5546165525c3911fe05965a70e40c276522a6acd69ab,"{""bytes"": 623467, ""path"": ""/Users/zhouzixiang/Desktop/zac/ZAC_zzx/results/physical_ga_main_v1/protocol.json"", ""sha256"": ""9bb0ae97d2f3f1536a5c496a65fe2e21e2192ce20830979dd75b30b0a3148fc7""}","{""bytes"": 1285, ""path"": ""/Users/zhouzixiang/Desktop/zac/ZAC_zzx/results/physical_ga_main_v1/receipts/880954c5d99eb116-s0-ga_h2.json"", ""sha256"": ""60d35a231fce3c2160b3316ad2ab3f0814d4efbca85d1a7588d4fce9e83091f1""}",9bb0ae97d2f3f1536a5c496a65fe2e21e2192ce20830979dd75b30b0a3148fc7,d1fab3aaa092939e281636e5182865245c839b6f137f7762fc773e601882716a,model_out_of_domain,,,,,,,
qmap154,urf6_160,1,880954c5d99eb11659dc5546165525c3911fe05965a70e40c276522a6acd69ab,880954c5d99eb116-s1-ga_h2,success,True,"{""fidelity"": null, ""idle_exposures"": 55177.0, ""log_atom_transfer"": -213.76690127345796, ""log_coherence_linear"": null, ""log_fidelity"": null, ""log_idle_excitation"": -138.1152160451232, ""move_batches"": 100085.0, ""move_time_us"": 10056700.653462369, ""transfers"": 213660.0}",False,False,fresh,fresh,success,880954c5d99eb11659dc5546165525c3911fe05965a70e40c276522a6acd69ab,"{""bytes"": 623467, ""path"": ""/Users/zhouzixiang/Desktop/zac/ZAC_zzx/results/physical_ga_main_v1/protocol.json"", ""sha256"": ""9bb0ae97d2f3f1536a5c496a65fe2e21e2192ce20830979dd75b30b0a3148fc7""}","{""bytes"": 1286, ""path"": ""/Users/zhouzixiang/Desktop/zac/ZAC_zzx/results/physical_ga_main_v1/receipts/880954c5d99eb116-s1-ga_h2.json"", ""sha256"": ""496db388902d423d1e580473b0634fae17d6f666645fe47a3000471fffd5c873""}",9bb0ae97d2f3f1536a5c496a65fe2e21e2192ce20830979dd75b30b0a3148fc7,d1fab3aaa092939e281636e5182865245c839b6f137f7762fc773e601882716a,model_out_of_domain,,,,,,,
qmap154,urf6_160,2,880954c5d99eb11659dc5546165525c3911fe05965a70e40c276522a6acd69ab,880954c5d99eb116-s2-ga_h2,success,True,"{""fidelity"": null, ""idle_exposures"": 54909.0, ""log_atom_transfer"": -214.13708639688386, ""log_coherence_linear"": null, ""log_fidelity"": null, ""log_idle_excitation"": -137.44437714666745, ""move_batches"": 100173.0, ""move_time_us"": 10107534.46559251, ""transfers"": 214030.0}",False,False,fresh,fresh,success,880954c5d99eb11659dc5546165525c3911fe05965a70e40c276522a6acd69ab,"{""bytes"": 623467, ""path"": ""/Users/zhouzixiang/Desktop/zac/ZAC_zzx/results/physical_ga_main_v1/protocol.json"", ""sha256"": ""9bb0ae97d2f3f1536a5c496a65fe2e21e2192ce20830979dd75b30b0a3148fc7""}","{""bytes"": 1286, ""path"": ""/Users/zhouzixiang/Desktop/zac/ZAC_zzx/results/physical_ga_main_v1/receipts/880954c5d99eb116-s2-ga_h2.json"", ""sha256"": ""cf6791a8ff404cdc7a794df5e47796a6bcd8658b9e80ed9b197f2df724cfac6e""}",9bb0ae97d2f3f1536a5c496a65fe2e21e2192ce20830979dd75b30b0a3148fc7,d1fab3aaa092939e281636e5182865245c839b6f137f7762fc773e601882716a,model_out_of_domain,,,,,,,
qmap154,hwb7_59,0,950a93cdf9ae6380467be0579e9ab37db18a441bb35be76d383f287ce0ec41b0,950a93cdf9ae6380-s0-ga_h2,success,True,"{""fidelity"": null, ""idle_exposures"": 7102.0, ""log_atom_transfer"": -31.875940627971406, ""log_coherence_linear"": null, ""log_fidelity"": null, ""log_idle_excitation"": -17.777230809077423, ""move_batches"": 14234.0, ""move_time_us"": 1454361.3003132003, ""transfers"": 31860.0}",False,False,fresh,fresh,success,950a93cdf9ae6380467be0579e9ab37db18a441bb35be76d383f287ce0ec41b0,"{""bytes"": 623467, ""path"": ""/Users/zhouzixiang/Desktop/zac/ZAC_zzx/results/physical_ga_main_v1/protocol.json"", ""sha256"": ""9bb0ae97d2f3f1536a5c496a65fe2e21e2192ce20830979dd75b30b0a3148fc7""}","{""bytes"": 1283, ""path"": ""/Users/zhouzixiang/Desktop/zac/ZAC_zzx/results/physical_ga_main_v1/receipts/950a93cdf9ae6380-s0-ga_h2.json"", ""sha256"": ""e58444f6e10cf7ded0a7c7603d7a9e25c07cd533e66168cd13a494d54b497a8c""}",9bb0ae97d2f3f1536a5c496a65fe2e21e2192ce20830979dd75b30b0a3148fc7,d1fab3aaa092939e281636e5182865245c839b6f137f7762fc773e601882716a,model_out_of_domain,,,,,,,
qmap154,hwb7_59,1,950a93cdf9ae6380467be0579e9ab37db18a441bb35be76d383f287ce0ec41b0,950a93cdf9ae6380-s1-ga_h2,success,True,"{""fidelity"": null, ""idle_exposures"": 7120.0, ""log_atom_transfer"": -31.998001668668596, ""log_coherence_linear"": null, ""log_fidelity"": null, ""log_idle_excitation"": -17.822287153003558, ""move_batches"": 14276.0, ""move_time_us"": 1466464.2847417828, ""transfers"": 31982.0}",False,False,fresh,fresh,success,950a93cdf9ae6380467be0579e9ab37db18a441bb35be76d383f287ce0ec41b0,"{""bytes"": 623467, ""path"": ""/Users/zhouzixiang/Desktop/zac/ZAC_zzx/results/physical_ga_main_v1/protocol.json"", ""sha256"": ""9bb0ae97d2f3f1536a5c496a65fe2e21e2192ce20830979dd75b30b0a3148fc7""}","{""bytes"": 1282, ""path"": ""/Users/zhouzixiang/Desktop/zac/ZAC_zzx/results/physical_ga_main_v1/receipts/950a93cdf9ae6380-s1-ga_h2.json"", ""sha256"": ""f57b96571af70db158cebb118f072265baecf60d8c690ab8dff8152fede6c6a6""}",9bb0ae97d2f3f1536a5c496a65fe2e21e2192ce20830979dd75b30b0a3148fc7,d1fab3aaa092939e281636e5182865245c839b6f137f7762fc773e601882716a,model_out_of_domain,,,,,,,
qmap154,hwb7_59,2,950a93cdf9ae6380467be0579e9ab37db18a441bb35be76d383f287ce0ec41b0,950a93cdf9ae6380-s2-ga_h2,success,True,"{""fidelity"": null, ""idle_exposures"": 7110.0, ""log_atom_transfer"": -31.909957639313244, ""log_coherence_linear"": null, ""log_fidelity"": null, ""log_idle_excitation"": -17.79725585082237, ""move_batches"": 14217.0, ""move_time_us"": 1448266.2684403285, ""transfers"": 31894.0}",False,False,fresh,fresh,success,950a93cdf9ae6380467be0579e9ab37db18a441bb35be76d383f287ce0ec41b0,"{""bytes"": 623467, ""path"": ""/Users/zhouzixiang/Desktop/zac/ZAC_zzx/results/physical_ga_main_v1/protocol.json"", ""sha256"": ""9bb0ae97d2f3f1536a5c496a65fe2e21e2192ce20830979dd75b30b0a3148fc7""}","{""bytes"": 1283, ""path"": ""/Users/zhouzixiang/Desktop/zac/ZAC_zzx/results/physical_ga_main_v1/receipts/950a93cdf9ae6380-s2-ga_h2.json"", ""sha256"": ""b24c878bdb45b4b2f7f913f3f5d779649dd4b37cfbd8742798e8653edf409573""}",9bb0ae97d2f3f1536a5c496a65fe2e21e2192ce20830979dd75b30b0a3148fc7,d1fab3aaa092939e281636e5182865245c839b6f137f7762fc773e601882716a,model_out_of_domain,,,,,,,
qmap154,urf1_278,0,a1e792ad6dea65292c6f25330a00d88d427b32fa5d9a689ea1e6e25faaed858e,a1e792ad6dea6529-s0-ga_h2,success,True,"{""fidelity"": null, ""idle_exposures"": 17488.0, ""log_atom_transfer"": -82.77939660003446, ""log_coherence_linear"": null, ""log_fidelity"": null, ""log_idle_excitation"": -43.774741254455925, ""move_batches"": 36664.0, ""move_time_us"": 3756964.6106754667, ""transfers"": 82738.0}",False,False,fresh,fresh,success,a1e792ad6dea65292c6f25330a00d88d427b32fa5d9a689ea1e6e25faaed858e,"{""bytes"": 623467, ""path"": ""/Users/zhouzixiang/Desktop/zac/ZAC_zzx/results/physical_ga_main_v1/protocol.json"", ""sha256"": ""9bb0ae97d2f3f1536a5c496a65fe2e21e2192ce20830979dd75b30b0a3148fc7""}","{""bytes"": 1285, ""path"": ""/Users/zhouzixiang/Desktop/zac/ZAC_zzx/results/physical_ga_main_v1/receipts/a1e792ad6dea6529-s0-ga_h2.json"", ""sha256"": ""3bdadaa9cb2fdd0f51ccd34e420fa13ed72b079b8b044faa3b75428737d627eb""}",9bb0ae97d2f3f1536a5c496a65fe2e21e2192ce20830979dd75b30b0a3148fc7,d1fab3aaa092939e281636e5182865245c839b6f137f7762fc773e601882716a,model_out_of_domain,,,,,,,
qmap154,urf1_278,1,a1e792ad6dea65292c6f25330a00d88d427b32fa5d9a689ea1e6e25faaed858e,a1e792ad6dea6529-s1-ga_h2,success,True,"{""fidelity"": null, ""idle_exposures"": 17589.0, ""log_atom_transfer"": -82.50926150996692, ""log_coherence_linear"": null, ""log_fidelity"": null, ""log_idle_excitation"": -44.02755740648589, ""move_batches"": 36684.0, ""move_time_us"": 3747172.7537815175, ""transfers"": 82468.0}",False,False,fresh,fresh,success,a1e792ad6dea65292c6f25330a00d88d427b32fa5d9a689ea1e6e25faaed858e,"{""bytes"": 623467, ""path"": ""/Users/zhouzixiang/Desktop/zac/ZAC_zzx/results/physical_ga_main_v1/protocol.json"", ""sha256"": ""9bb0ae97d2f3f1536a5c496a65fe2e21e2192ce20830979dd75b30b0a3148fc7""}","{""bytes"": 1286, ""path"": ""/Users/zhouzixiang/Desktop/zac/ZAC_zzx/results/physical_ga_main_v1/receipts/a1e792ad6dea6529-s1-ga_h2.json"", ""sha256"": ""4bbe3805871c89f9dd88ffecb3c27f19e68e0b6976e0c2296e07ea01392df1ba""}",9bb0ae97d2f3f1536a5c496a65fe2e21e2192ce20830979dd75b30b0a3148fc7,d1fab3aaa092939e281636e5182865245c839b6f137f7762fc773e601882716a,model_out_of_domain,,,,,,,
qmap154,urf1_278,2,a1e792ad6dea65292c6f25330a00d88d427b32fa5d9a689ea1e6e25faaed858e,a1e792ad6dea6529-s2-ga_h2,success,True,"{""fidelity"": null, ""idle_exposures"": 17467.0, ""log_atom_transfer"": -82.88544963539432, ""log_coherence_linear"": null, ""log_fidelity"": null, ""log_idle_excitation"": -43.722175519875435, ""move_batches"": 36760.0, ""move_time_us"": 3758768.708977178, ""transfers"": 82844.0}",False,False,fresh,fresh,success,a1e792ad6dea65292c6f25330a00d88d427b32fa5d9a689ea1e6e25faaed858e,"{""bytes"": 623467, ""path"": ""/Users/zhouzixiang/Desktop/zac/ZAC_zzx/results/physical_ga_main_v1/protocol.json"", ""sha256"": ""9bb0ae97d2f3f1536a5c496a65fe2e21e2192ce20830979dd75b30b0a3148fc7""}","{""bytes"": 1285, ""path"": ""/Users/zhouzixiang/Desktop/zac/ZAC_zzx/results/physical_ga_main_v1/receipts/a1e792ad6dea6529-s2-ga_h2.json"", ""sha256"": ""d345c77b2a8019fc242e3e3e10e2dc0293ce5c779c2985162f1e347cd93e02b3""}",9bb0ae97d2f3f1536a5c496a65fe2e21e2192ce20830979dd75b30b0a3148fc7,d1fab3aaa092939e281636e5182865245c839b6f137f7762fc773e601882716a,model_out_of_domain,,,,,,,
qmap154,co14_215,0,ad531fd39cdc47fc29e5c2641e1df1875cbe7cb0b067c9bf22f2ac428ceb8119,ad531fd39cdc47fc-s0-ga_h2,success,True,"{""fidelity"": null, ""idle_exposures"": 5279.0, ""log_atom_transfer"": -23.983993996664484, ""log_coherence_linear"": null, ""log_fidelity"": null, ""log_idle_excitation"": -13.214024421447439, ""move_batches"": 10182.0, ""move_time_us"": 1062201.7640919054, ""transfers"": 23972.0}",False,False,fresh,fresh,success,ad531fd39cdc47fc29e5c2641e1df1875cbe7cb0b067c9bf22f2ac428ceb8119,"{""bytes"": 623467, ""path"": ""/Users/zhouzixiang/Desktop/zac/ZAC_zzx/results/physical_ga_main_v1/protocol.json"", ""sha256"": ""9bb0ae97d2f3f1536a5c496a65fe2e21e2192ce20830979dd75b30b0a3148fc7""}","{""bytes"": 1284, ""path"": ""/Users/zhouzixiang/Desktop/zac/ZAC_zzx/results/physical_ga_main_v1/receipts/ad531fd39cdc47fc-s0-ga_h2.json"", ""sha256"": ""dca82cf2e77e0ca5709c9ff6b6ad71798122e0c04a77e2ae63f8d5a55fa43bae""}",9bb0ae97d2f3f1536a5c496a65fe2e21e2192ce20830979dd75b30b0a3148fc7,d1fab3aaa092939e281636e5182865245c839b6f137f7762fc773e601882716a,model_out_of_domain,,,,,,,
qmap154,co14_215,1,ad531fd39cdc47fc29e5c2641e1df1875cbe7cb0b067c9bf22f2ac428ceb8119,ad531fd39cdc47fc-s1-ga_h2,success,True,"{""fidelity"": null, ""idle_exposures"": 5277.0, ""log_atom_transfer"": -24.00000200200182, ""log_coherence_linear"": null, ""log_fidelity"": null, ""log_idle_excitation"": -13.209018161011203, ""move_batches"": 10130.0, ""move_time_us"": 1057838.5225990042, ""transfers"": 23988.0}",False,False,fresh,fresh,success,ad531fd39cdc47fc29e5c2641e1df1875cbe7cb0b067c9bf22f2ac428ceb8119,"{""bytes"": 623467, ""path"": ""/Users/zhouzixiang/Desktop/zac/ZAC_zzx/results/physical_ga_main_v1/protocol.json"", ""sha256"": ""9bb0ae97d2f3f1536a5c496a65fe2e21e2192ce20830979dd75b30b0a3148fc7""}","{""bytes"": 1284, ""path"": ""/Users/zhouzixiang/Desktop/zac/ZAC_zzx/results/physical_ga_main_v1/receipts/ad531fd39cdc47fc-s1-ga_h2.json"", ""sha256"": ""081d036b78b46a8e6f34c93e38aa94772b0a79e68d4bc951a3db17e5a47cd799""}",9bb0ae97d2f3f1536a5c496a65fe2e21e2192ce20830979dd75b30b0a3148fc7,d1fab3aaa092939e281636e5182865245c839b6f137f7762fc773e601882716a,model_out_of_domain,,,,,,,
qmap154,co14_215,2,ad531fd39cdc47fc29e5c2641e1df1875cbe7cb0b067c9bf22f2ac428ceb8119,ad531fd39cdc47fc-s2-ga_h2,success,True,"{""fidelity"": null, ""idle_exposures"": 5286.0, ""log_atom_transfer"": -23.869936958635964, ""log_coherence_linear"": null, ""log_fidelity"": null, ""log_idle_excitation"": -13.231546332974268, ""move_batches"": 10169.0, ""move_time_us"": 1063739.9898853912, ""transfers"": 23858.0}",False,False,fresh,fresh,success,ad531fd39cdc47fc29e5c2641e1df1875cbe7cb0b067c9bf22f2ac428ceb8119,"{""bytes"": 623467, ""path"": ""/Users/zhouzixiang/Desktop/zac/ZAC_zzx/results/physical_ga_main_v1/protocol.json"", ""sha256"": ""9bb0ae97d2f3f1536a5c496a65fe2e21e2192ce20830979dd75b30b0a3148fc7""}","{""bytes"": 1284, ""path"": ""/Users/zhouzixiang/Desktop/zac/ZAC_zzx/results/physical_ga_main_v1/receipts/ad531fd39cdc47fc-s2-ga_h2.json"", ""sha256"": ""69cf5d0213796c340ba091de2e3e3dffa09a18d46561f4e2d98b70419de80ad6""}",9bb0ae97d2f3f1536a5c496a65fe2e21e2192ce20830979dd75b30b0a3148fc7,d1fab3aaa092939e281636e5182865245c839b6f137f7762fc773e601882716a,model_out_of_domain,,,,,,,
qmap154,plus63mod4096_163,0,b808153d3b91e8ede62618c77815e00a84c28c8cbfd9940412cd60a74686cfc3,b808153d3b91e8ed-s0-ga_h2,success,True,"{""fidelity"": null, ""idle_exposures"": 39238.0, ""log_atom_transfer"": -170.877452973399, ""log_coherence_linear"": null, ""log_fidelity"": null, ""log_idle_excitation"": -98.2178234985328, ""move_batches"": 76818.0, ""move_time_us"": 7898241.46865215, ""transfers"": 170792.0}",False,False,fresh,fresh,success,b808153d3b91e8ede62618c77815e00a84c28c8cbfd9940412cd60a74686cfc3,"{""bytes"": 623467, ""path"": ""/Users/zhouzixiang/Desktop/zac/ZAC_zzx/results/physical_ga_main_v1/protocol.json"", ""sha256"": ""9bb0ae97d2f3f1536a5c496a65fe2e21e2192ce20830979dd75b30b0a3148fc7""}","{""bytes"": 1294, ""path"": ""/Users/zhouzixiang/Desktop/zac/ZAC_zzx/results/physical_ga_main_v1/receipts/b808153d3b91e8ed-s0-ga_h2.json"", ""sha256"": ""8d6ae14474cc11dae94b15e3edb6ce762738bebacb2f5f301b0893e6b279a4d3""}",9bb0ae97d2f3f1536a5c496a65fe2e21e2192ce20830979dd75b30b0a3148fc7,d1fab3aaa092939e281636e5182865245c839b6f137f7762fc773e601882716a,model_out_of_domain,,,,,,,
qmap154,plus63mod4096_163,1,b808153d3b91e8ede62618c77815e00a84c28c8cbfd9940412cd60a74686cfc3,b808153d3b91e8ed-s1-ga_h2,success,True,"{""fidelity"": null, ""idle_exposures"": 39130.0, ""log_atom_transfer"": -170.75939393403615, ""log_coherence_linear"": null, ""log_fidelity"": null, ""log_idle_excitation"": -97.947485434976, ""move_batches"": 76908.0, ""move_time_us"": 7907240.151419147, ""transfers"": 170674.0}",False,False,fresh,fresh,success,b808153d3b91e8ede62618c77815e00a84c28c8cbfd9940412cd60a74686cfc3,"{""bytes"": 623467, ""path"": ""/Users/zhouzixiang/Desktop/zac/ZAC_zzx/results/physical_ga_main_v1/protocol.json"", ""sha256"": ""9bb0ae97d2f3f1536a5c496a65fe2e21e2192ce20830979dd75b30b0a3148fc7""}","{""bytes"": 1295, ""path"": ""/Users/zhouzixiang/Desktop/zac/ZAC_zzx/results/physical_ga_main_v1/receipts/b808153d3b91e8ed-s1-ga_h2.json"", ""sha256"": ""e355cec177964967b7cbe7a7ad620e766c0479988b0b53797294f6b43cbfa452""}",9bb0ae97d2f3f1536a5c496a65fe2e21e2192ce20830979dd75b30b0a3148fc7,d1fab3aaa092939e281636e5182865245c839b6f137f7762fc773e601882716a,model_out_of_domain,,,,,,,
qmap154,plus63mod4096_163,2,b808153d3b91e8ede62618c77815e00a84c28c8cbfd9940412cd60a74686cfc3,b808153d3b91e8ed-s2-ga_h2,success,True,"{""fidelity"": null, ""idle_exposures"": 39085.0, ""log_atom_transfer"": -170.84543696272434, ""log_coherence_linear"": null, ""log_fidelity"": null, ""log_idle_excitation"": -97.83484457516067, ""move_batches"": 76945.0, ""move_time_us"": 7912164.581169718, ""transfers"": 170760.0}",False,False,fresh,fresh,success,b808153d3b91e8ede62618c77815e00a84c28c8cbfd9940412cd60a74686cfc3,"{""bytes"": 623467, ""path"": ""/Users/zhouzixiang/Desktop/zac/ZAC_zzx/results/physical_ga_main_v1/protocol.json"", ""sha256"": ""9bb0ae97d2f3f1536a5c496a65fe2e21e2192ce20830979dd75b30b0a3148fc7""}","{""bytes"": 1294, ""path"": ""/Users/zhouzixiang/Desktop/zac/ZAC_zzx/results/physical_ga_main_v1/receipts/b808153d3b91e8ed-s2-ga_h2.json"", ""sha256"": ""1c577d6a5cdb42b0c77e0c65e5fb63beac309513bd9691d58f7ba4fa78b365e5""}",9bb0ae97d2f3f1536a5c496a65fe2e21e2192ce20830979dd75b30b0a3148fc7,d1fab3aaa092939e281636e5182865245c839b6f137f7762fc773e601882716a,model_out_of_domain,,,,,,,
qmap154,dist_223,0,e47341dbc1d6f08e02097b6d62cd49c6395fef428823e3dd1508710d582799fb,e47341dbc1d6f08e-s0-ga_h2,success,True,"{""fidelity"": null, ""idle_exposures"": 13072.0, ""log_atom_transfer"": -50.039023683846885, ""log_coherence_linear"": null, ""log_fidelity"": null, ""log_idle_excitation"": -32.72091821124473, ""move_batches"": 21825.0, ""move_time_us"": 2254921.5212163855, ""transfers"": 50014.0}",False,False,fresh,fresh,success,e47341dbc1d6f08e02097b6d62cd49c6395fef428823e3dd1508710d582799fb,"{""bytes"": 623467, ""path"": ""/Users/zhouzixiang/Desktop/zac/ZAC_zzx/results/physical_ga_main_v1/protocol.json"", ""sha256"": ""9bb0ae97d2f3f1536a5c496a65fe2e21e2192ce20830979dd75b30b0a3148fc7""}","{""bytes"": 1285, ""path"": ""/Users/zhouzixiang/Desktop/zac/ZAC_zzx/results/physical_ga_main_v1/receipts/e47341dbc1d6f08e-s0-ga_h2.json"", ""sha256"": ""08b7f5ff64e158b4518b9d67ca8f6be0f8fa3151bda5ce49d29123b393165a60""}",9bb0ae97d2f3f1536a5c496a65fe2e21e2192ce20830979dd75b30b0a3148fc7,d1fab3aaa092939e281636e5182865245c839b6f137f7762fc773e601882716a,model_out_of_domain,,,,,,,
qmap154,dist_223,1,e47341dbc1d6f08e02097b6d62cd49c6395fef428823e3dd1508710d582799fb,e47341dbc1d6f08e-s1-ga_h2,success,True,"{""fidelity"": null, ""idle_exposures"": 13146.0, ""log_atom_transfer"": -49.936972649821364, ""log_coherence_linear"": null, ""log_fidelity"": null, ""log_idle_excitation"": -32.9061498473855, ""move_batches"": 21858.0, ""move_time_us"": 2260819.499328941, ""transfers"": 49912.0}",False,False,fresh,fresh,success,e47341dbc1d6f08e02097b6d62cd49c6395fef428823e3dd1508710d582799fb,"{""bytes"": 623467, ""path"": ""/Users/zhouzixiang/Desktop/zac/ZAC_zzx/results/physical_ga_main_v1/protocol.json"", ""sha256"": ""9bb0ae97d2f3f1536a5c496a65fe2e21e2192ce20830979dd75b30b0a3148fc7""}","{""bytes"": 1285, ""path"": ""/Users/zhouzixiang/Desktop/zac/ZAC_zzx/results/physical_ga_main_v1/receipts/e47341dbc1d6f08e-s1-ga_h2.json"", ""sha256"": ""e846fc69d93f04e1ee8a50d1332981159dd79ba43bf161000cdc971fc9324bff""}",9bb0ae97d2f3f1536a5c496a65fe2e21e2192ce20830979dd75b30b0a3148fc7,d1fab3aaa092939e281636e5182865245c839b6f137f7762fc773e601882716a,model_out_of_domain,,,,,,,
qmap154,dist_223,2,e47341dbc1d6f08e02097b6d62cd49c6395fef428823e3dd1508710d582799fb,e47341dbc1d6f08e-s2-ga_h2,success,True,"{""fidelity"": null, ""idle_exposures"": 13395.0, ""log_atom_transfer"": -49.86093462446902, ""log_coherence_linear"": null, ""log_fidelity"": null, ""log_idle_excitation"": -33.529429271697, ""move_batches"": 21902.0, ""move_time_us"": 2257896.0060296124, ""transfers"": 49836.0}",False,False,fresh,fresh,success,e47341dbc1d6f08e02097b6d62cd49c6395fef428823e3dd1508710d582799fb,"{""bytes"": 623467, ""path"": ""/Users/zhouzixiang/Desktop/zac/ZAC_zzx/results/physical_ga_main_v1/protocol.json"", ""sha256"": ""9bb0ae97d2f3f1536a5c496a65fe2e21e2192ce20830979dd75b30b0a3148fc7""}","{""bytes"": 1285, ""path"": ""/Users/zhouzixiang/Desktop/zac/ZAC_zzx/results/physical_ga_main_v1/receipts/e47341dbc1d6f08e-s2-ga_h2.json"", ""sha256"": ""f25936bc792279804c9aa0adb25925ccede2dc297e2d1f2c7ce1321090c72d1a""}",9bb0ae97d2f3f1536a5c496a65fe2e21e2192ce20830979dd75b30b0a3148fc7,d1fab3aaa092939e281636e5182865245c839b6f137f7762fc773e601882716a,model_out_of_domain,,,,,,,
