dataset,circuit,canonical_sha256,canonical_job_id,seed,status,metrics,fidelity_valid,fidelity_underflow,main_origin,source_origin,source_status,input_sha256,source_protocol,source_receipt,source_result_protocol_sha256,source_snapshot_sha256,quality_classification,source_failure,diagnostic_note,failure_source_path,failure_source_sha256,failure_source_kind,failure_exception_type,failure_message
qmap154,urf3_155,0c55a40c9f7259ed883713b1089a34fb52d3bbc047f58e264486f7f2e9ca7447,0c55a40c9f7259ed-s0-ga_h2,0,timeout,{},False,False,fresh,fresh,timeout,0c55a40c9f7259ed883713b1089a34fb52d3bbc047f58e264486f7f2e9ca7447,"{""bytes"": 623467, ""path"": ""/Users/zhouzixiang/Desktop/zac/ZAC_zzx/results/physical_ga_main_v1/protocol.json"", ""sha256"": ""9bb0ae97d2f3f1536a5c496a65fe2e21e2192ce20830979dd75b30b0a3148fc7""}","{""bytes"": 1010, ""path"": ""/Users/zhouzixiang/Desktop/zac/ZAC_zzx/results/physical_ga_main_v1/receipts/0c55a40c9f7259ed-s0-ga_h2.json"", ""sha256"": ""3adb5509fe102a3a62ce89f7154d9b71b9d9deb62759a2ddd085d99b78e31081""}",,,timeout,,,/Users/zhouzixiang/Desktop/zac/ZAC_zzx/results/physical_ga_main_v1/receipts/0c55a40c9f7259ed-s0-ga_h2.json,3adb5509fe102a3a62ce89f7154d9b71b9d9deb62759a2ddd085d99b78e31081,terminal_receipt,,
qmap154,urf3_155,0c55a40c9f7259ed883713b1089a34fb52d3bbc047f58e264486f7f2e9ca7447,0c55a40c9f7259ed-s1-ga_h2,1,timeout,{},False,False,fresh,fresh,timeout,0c55a40c9f7259ed883713b1089a34fb52d3bbc047f58e264486f7f2e9ca7447,"{""bytes"": 623467, ""path"": ""/Users/zhouzixiang/Desktop/zac/ZAC_zzx/results/physical_ga_main_v1/protocol.json"", ""sha256"": ""9bb0ae97d2f3f1536a5c496a65fe2e21e2192ce20830979dd75b30b0a3148fc7""}","{""bytes"": 1010, ""path"": ""/Users/zhouzixiang/Desktop/zac/ZAC_zzx/results/physical_ga_main_v1/receipts/0c55a40c9f7259ed-s1-ga_h2.json"", ""sha256"": ""e1ce3ddbecf4dde55b90e24c8b4c9b96c11240fcc7efe228e5c7f40c32f9d432""}",,,timeout,,,/Users/zhouzixiang/Desktop/zac/ZAC_zzx/results/physical_ga_main_v1/receipts/0c55a40c9f7259ed-s1-ga_h2.json,e1ce3ddbecf4dde55b90e24c8b4c9b96c11240fcc7efe228e5c7f40c32f9d432,terminal_receipt,,
qmap154,urf3_155,0c55a40c9f7259ed883713b1089a34fb52d3bbc047f58e264486f7f2e9ca7447,0c55a40c9f7259ed-s2-ga_h2,2,timeout,{},False,False,fresh,fresh,timeout,0c55a40c9f7259ed883713b1089a34fb52d3bbc047f58e264486f7f2e9ca7447,"{""bytes"": 623467, ""path"": ""/Users/zhouzixiang/Desktop/zac/ZAC_zzx/results/physical_ga_main_v1/protocol.json"", ""sha256"": ""9bb0ae97d2f3f1536a5c496a65fe2e21e2192ce20830979dd75b30b0a3148fc7""}","{""bytes"": 1010, ""path"": ""/Users/zhouzixiang/Desktop/zac/ZAC_zzx/results/physical_ga_main_v1/receipts/0c55a40c9f7259ed-s2-ga_h2.json"", ""sha256"": ""b8697ee0f4fcf171656e016926d55dd51e094c8f135039df489c5c5dc7f4d198""}",,,timeout,,,/Users/zhouzixiang/Desktop/zac/ZAC_zzx/results/physical_ga_main_v1/receipts/0c55a40c9f7259ed-s2-ga_h2.json,b8697ee0f4fcf171656e016926d55dd51e094c8f135039df489c5c5dc7f4d198,terminal_receipt,,
qmap154,urf4_187,11e30776f79843ad4e7b6d4e62727fc4bd683f9cef5c0ec80fefab01e6d907f8,11e30776f79843ad-s0-ga_h2,0,timeout,{},False,False,fresh,fresh,timeout,11e30776f79843ad4e7b6d4e62727fc4bd683f9cef5c0ec80fefab01e6d907f8,"{""bytes"": 623467, ""path"": ""/Users/zhouzixiang/Desktop/zac/ZAC_zzx/results/physical_ga_main_v1/protocol.json"", ""sha256"": ""9bb0ae97d2f3f1536a5c496a65fe2e21e2192ce20830979dd75b30b0a3148fc7""}","{""bytes"": 1010, ""path"": ""/Users/zhouzixiang/Desktop/zac/ZAC_zzx/results/physical_ga_main_v1/receipts/11e30776f79843ad-s0-ga_h2.json"", ""sha256"": ""42eac60d1da7a629d94c93755f44d36d7c2d9afa98511dde10919b6d3d3b7d9a""}",,,timeout,,,/Users/zhouzixiang/Desktop/zac/ZAC_zzx/results/physical_ga_main_v1/receipts/11e30776f79843ad-s0-ga_h2.json,42eac60d1da7a629d94c93755f44d36d7c2d9afa98511dde10919b6d3d3b7d9a,terminal_receipt,,
qmap154,urf4_187,11e30776f79843ad4e7b6d4e62727fc4bd683f9cef5c0ec80fefab01e6d907f8,11e30776f79843ad-s1-ga_h2,1,timeout,{},False,False,fresh,fresh,timeout,11e30776f79843ad4e7b6d4e62727fc4bd683f9cef5c0ec80fefab01e6d907f8,"{""bytes"": 623467, ""path"": ""/Users/zhouzixiang/Desktop/zac/ZAC_zzx/results/physical_ga_main_v1/protocol.json"", ""sha256"": ""9bb0ae97d2f3f1536a5c496a65fe2e21e2192ce20830979dd75b30b0a3148fc7""}","{""bytes"": 1010, ""path"": ""/Users/zhouzixiang/Desktop/zac/ZAC_zzx/results/physical_ga_main_v1/receipts/11e30776f79843ad-s1-ga_h2.json"", ""sha256"": ""474a3c5ed38cb9200effe6b9cc020e6d7f9d3d2f4435369f8c760e2a284fce13""}",,,timeout,,,/Users/zhouzixiang/Desktop/zac/ZAC_zzx/results/physical_ga_main_v1/receipts/11e30776f79843ad-s1-ga_h2.json,474a3c5ed38cb9200effe6b9cc020e6d7f9d3d2f4435369f8c760e2a284fce13,terminal_receipt,,
qmap154,urf4_187,11e30776f79843ad4e7b6d4e62727fc4bd683f9cef5c0ec80fefab01e6d907f8,11e30776f79843ad-s2-ga_h2,2,timeout,{},False,False,fresh,fresh,timeout,11e30776f79843ad4e7b6d4e62727fc4bd683f9cef5c0ec80fefab01e6d907f8,"{""bytes"": 623467, ""path"": ""/Users/zhouzixiang/Desktop/zac/ZAC_zzx/results/physical_ga_main_v1/protocol.json"", ""sha256"": ""9bb0ae97d2f3f1536a5c496a65fe2e21e2192ce20830979dd75b30b0a3148fc7""}","{""bytes"": 1009, ""path"": ""/Users/zhouzixiang/Desktop/zac/ZAC_zzx/results/physical_ga_main_v1/receipts/11e30776f79843ad-s2-ga_h2.json"", ""sha256"": ""7dca37a2f56d68ed626f2b121988dfba48824afe5476c0ab4d9fe17c26860763""}",,,timeout,,,/Users/zhouzixiang/Desktop/zac/ZAC_zzx/results/physical_ga_main_v1/receipts/11e30776f79843ad-s2-ga_h2.json,7dca37a2f56d68ed626f2b121988dfba48824afe5476c0ab4d9fe17c26860763,terminal_receipt,,
qmap154,plus63mod8192_164,15ed11d4a3dd7ea9656c37ea5e18376eb48e265c74545e1213c96380cf1ba852,15ed11d4a3dd7ea9-s0-ga_h2,0,timeout,{},False,False,fresh,fresh,timeout,15ed11d4a3dd7ea9656c37ea5e18376eb48e265c74545e1213c96380cf1ba852,"{""bytes"": 623467, ""path"": ""/Users/zhouzixiang/Desktop/zac/ZAC_zzx/results/physical_ga_main_v1/protocol.json"", ""sha256"": ""9bb0ae97d2f3f1536a5c496a65fe2e21e2192ce20830979dd75b30b0a3148fc7""}","{""bytes"": 1019, ""path"": ""/Users/zhouzixiang/Desktop/zac/ZAC_zzx/results/physical_ga_main_v1/receipts/15ed11d4a3dd7ea9-s0-ga_h2.json"", ""sha256"": ""eb7b0d978f6948e62661f812ebca8509a311a9623595782cc166aca31e35258c""}",,,timeout,,,/Users/zhouzixiang/Desktop/zac/ZAC_zzx/results/physical_ga_main_v1/receipts/15ed11d4a3dd7ea9-s0-ga_h2.json,eb7b0d978f6948e62661f812ebca8509a311a9623595782cc166aca31e35258c,terminal_receipt,,
qmap154,plus63mod8192_164,15ed11d4a3dd7ea9656c37ea5e18376eb48e265c74545e1213c96380cf1ba852,15ed11d4a3dd7ea9-s2-ga_h2,2,timeout,{},False,False,fresh,fresh,timeout,15ed11d4a3dd7ea9656c37ea5e18376eb48e265c74545e1213c96380cf1ba852,"{""bytes"": 623467, ""path"": ""/Users/zhouzixiang/Desktop/zac/ZAC_zzx/results/physical_ga_main_v1/protocol.json"", ""sha256"": ""9bb0ae97d2f3f1536a5c496a65fe2e21e2192ce20830979dd75b30b0a3148fc7""}","{""bytes"": 1019, ""path"": ""/Users/zhouzixiang/Desktop/zac/ZAC_zzx/results/physical_ga_main_v1/receipts/15ed11d4a3dd7ea9-s2-ga_h2.json"", ""sha256"": ""0c8476a9ff7bfb2f5e9cc7e702e0685788e152ce5f4cdf98a3b0395b898eda2d""}",,,timeout,,,/Users/zhouzixiang/Desktop/zac/ZAC_zzx/results/physical_ga_main_v1/receipts/15ed11d4a3dd7ea9-s2-ga_h2.json,0c8476a9ff7bfb2f5e9cc7e702e0685788e152ce5f4cdf98a3b0395b898eda2d,terminal_receipt,,
zac18,ising_n42,24ea0070b6bfe3a37d44ff0cff0d0f5527dd49518a58af57b394bd775bcaab65,24ea0070b6bfe3a3-s0-ga_h2,0,timeout,{},False,False,reused,fresh,timeout,24ea0070b6bfe3a37d44ff0cff0d0f5527dd49518a58af57b394bd775bcaab65,"{""bytes"": 120460, ""path"": ""/Users/zhouzixiang/Desktop/zac/ZAC_zzx/results/physical_ga_initial_v1/corrected_driver_v1/protocol.json"", ""sha256"": ""634fb00b81921a7f81494cbeaaf4749cf9fe3bcfffdbd34f6488c496ea0244d7""}","{""bytes"": 1063, ""path"": ""/Users/zhouzixiang/Desktop/zac/ZAC_zzx/results/physical_ga_initial_v1/corrected_driver_v1/receipts/24ea0070b6bfe3a3-s0-ga_h2.json"", ""sha256"": ""276bf00def5eb2e3d583736d748bd6992bc6349c559de6101d036ade89ebce0b""}",,,timeout,,,/Users/zhouzixiang/Desktop/zac/ZAC_zzx/results/physical_ga_initial_v1/corrected_driver_v1/receipts/24ea0070b6bfe3a3-s0-ga_h2.json,276bf00def5eb2e3d583736d748bd6992bc6349c559de6101d036ade89ebce0b,terminal_receipt,,
zac18,ising_n42,24ea0070b6bfe3a37d44ff0cff0d0f5527dd49518a58af57b394bd775bcaab65,24ea0070b6bfe3a3-s1-ga_h2,1,timeout,{},False,False,reused,fresh,timeout,24ea0070b6bfe3a37d44ff0cff0d0f5527dd49518a58af57b394bd775bcaab65,"{""bytes"": 120460, ""path"": ""/Users/zhouzixiang/Desktop/zac/ZAC_zzx/results/physical_ga_initial_v1/corrected_driver_v1/protocol.json"", ""sha256"": ""634fb00b81921a7f81494cbeaaf4749cf9fe3bcfffdbd34f6488c496ea0244d7""}","{""bytes"": 1063, ""path"": ""/Users/zhouzixiang/Desktop/zac/ZAC_zzx/results/physical_ga_initial_v1/corrected_driver_v1/receipts/24ea0070b6bfe3a3-s1-ga_h2.json"", ""sha256"": ""22d37a682cc6349f660769f127ca8d8b1c923d496112036f33dac1c56db3913d""}",,,timeout,,,/Users/zhouzixiang/Desktop/zac/ZAC_zzx/results/physical_ga_initial_v1/corrected_driver_v1/receipts/24ea0070b6bfe3a3-s1-ga_h2.json,22d37a682cc6349f660769f127ca8d8b1c923d496112036f33dac1c56db3913d,terminal_receipt,,
zac18,ising_n42,24ea0070b6bfe3a37d44ff0cff0d0f5527dd49518a58af57b394bd775bcaab65,24ea0070b6bfe3a3-s2-ga_h2,2,timeout,{},False,False,reused,fresh,timeout,24ea0070b6bfe3a37d44ff0cff0d0f5527dd49518a58af57b394bd775bcaab65,"{""bytes"": 120460, ""path"": ""/Users/zhouzixiang/Desktop/zac/ZAC_zzx/results/physical_ga_initial_v1/corrected_driver_v1/protocol.json"", ""sha256"": ""634fb00b81921a7f81494cbeaaf4749cf9fe3bcfffdbd34f6488c496ea0244d7""}","{""bytes"": 1063, ""path"": ""/Users/zhouzixiang/Desktop/zac/ZAC_zzx/results/physical_ga_initial_v1/corrected_driver_v1/receipts/24ea0070b6bfe3a3-s2-ga_h2.json"", ""sha256"": ""80194086aad73e02787e2d73d8c284556909a2059cc9f74974b98082a03e4188""}",,,timeout,,,/Users/zhouzixiang/Desktop/zac/ZAC_zzx/results/physical_ga_initial_v1/corrected_driver_v1/receipts/24ea0070b6bfe3a3-s2-ga_h2.json,80194086aad73e02787e2d73d8c284556909a2059cc9f74974b98082a03e4188,terminal_receipt,,
qmap154,qft_16,2e5720da50a8d2fd9ab1fb290f0329a29fa73b931ac3b1565d4a2c693f566c23,2e5720da50a8d2fd-s0-ga_h2,0,program_error,{},False,False,fresh,fresh,program_error,2e5720da50a8d2fd9ab1fb290f0329a29fa73b931ac3b1565d4a2c693f566c23,"{""bytes"": 623467, ""path"": ""/Users/zhouzixiang/Desktop/zac/ZAC_zzx/results/physical_ga_main_v1/protocol.json"", ""sha256"": ""9bb0ae97d2f3f1536a5c496a65fe2e21e2192ce20830979dd75b30b0a3148fc7""}","{""bytes"": 1240, ""path"": ""/Users/zhouzixiang/Desktop/zac/ZAC_zzx/results/physical_ga_main_v1/receipts/2e5720da50a8d2fd-s0-ga_h2.json"", ""sha256"": ""bb1469e0d975d9d41765e0cce5d68000924d756dbf0e9f6471eb9946c629d50b""}",,,program_error,"{""bytes"": 812, ""path"": ""/Users/zhouzixiang/Desktop/zac/ZAC_zzx/results/physical_ga_main_v1/jobs/2e5720da50a8d2fd-s0-ga_h2/failure.json"", ""sha256"": ""f46e8d61c857fa3424b09c7e1e2236064e7a91ee416b85687e12f4af6923faaa""}",空门序列导致初始化报告字段缺失,/Users/zhouzixiang/Desktop/zac/ZAC_zzx/results/physical_ga_main_v1/jobs/2e5720da50a8d2fd-s0-ga_h2/failure.json,f46e8d61c857fa3424b09c7e1e2236064e7a91ee416b85687e12f4af6923faaa,failure_artifact,AttributeError,'ZAC_zzx' object has no attribute 'zzx_initial_lookahead_report'
qmap154,qft_16,2e5720da50a8d2fd9ab1fb290f0329a29fa73b931ac3b1565d4a2c693f566c23,2e5720da50a8d2fd-s1-ga_h2,1,program_error,{},False,False,fresh,fresh,program_error,2e5720da50a8d2fd9ab1fb290f0329a29fa73b931ac3b1565d4a2c693f566c23,"{""bytes"": 623467, ""path"": ""/Users/zhouzixiang/Desktop/zac/ZAC_zzx/results/physical_ga_main_v1/protocol.json"", ""sha256"": ""9bb0ae97d2f3f1536a5c496a65fe2e21e2192ce20830979dd75b30b0a3148fc7""}","{""bytes"": 1238, ""path"": ""/Users/zhouzixiang/Desktop/zac/ZAC_zzx/results/physical_ga_main_v1/receipts/2e5720da50a8d2fd-s1-ga_h2.json"", ""sha256"": ""9c2cf610740e89d54b75c8b16f1f00b8edb29fb4ba4a05f3322e6c1fa0f47caa""}",,,program_error,"{""bytes"": 812, ""path"": ""/Users/zhouzixiang/Desktop/zac/ZAC_zzx/results/physical_ga_main_v1/jobs/2e5720da50a8d2fd-s1-ga_h2/failure.json"", ""sha256"": ""8db5bd24a88591309437f4eca235265b6cb8e123246fc3a4bf1902e8d5831d79""}",空门序列导致初始化报告字段缺失,/Users/zhouzixiang/Desktop/zac/ZAC_zzx/results/physical_ga_main_v1/jobs/2e5720da50a8d2fd-s1-ga_h2/failure.json,8db5bd24a88591309437f4eca235265b6cb8e123246fc3a4bf1902e8d5831d79,failure_artifact,AttributeError,'ZAC_zzx' object has no attribute 'zzx_initial_lookahead_report'
qmap154,qft_16,2e5720da50a8d2fd9ab1fb290f0329a29fa73b931ac3b1565d4a2c693f566c23,2e5720da50a8d2fd-s2-ga_h2,2,program_error,{},False,False,fresh,fresh,program_error,2e5720da50a8d2fd9ab1fb290f0329a29fa73b931ac3b1565d4a2c693f566c23,"{""bytes"": 623467, ""path"": ""/Users/zhouzixiang/Desktop/zac/ZAC_zzx/results/physical_ga_main_v1/protocol.json"", ""sha256"": ""9bb0ae97d2f3f1536a5c496a65fe2e21e2192ce20830979dd75b30b0a3148fc7""}","{""bytes"": 1240, ""path"": ""/Users/zhouzixiang/Desktop/zac/ZAC_zzx/results/physical_ga_main_v1/receipts/2e5720da50a8d2fd-s2-ga_h2.json"", ""sha256"": ""8348e3d9aa928836db0a421324f58d89610c64a17d946c2e7e77e65c9638674f""}",,,program_error,"{""bytes"": 812, ""path"": ""/Users/zhouzixiang/Desktop/zac/ZAC_zzx/results/physical_ga_main_v1/jobs/2e5720da50a8d2fd-s2-ga_h2/failure.json"", ""sha256"": ""01f4904aee8f80e88697db34dfc15f960dc1c2ea967f5eea82b49168f4498238""}",空门序列导致初始化报告字段缺失,/Users/zhouzixiang/Desktop/zac/ZAC_zzx/results/physical_ga_main_v1/jobs/2e5720da50a8d2fd-s2-ga_h2/failure.json,01f4904aee8f80e88697db34dfc15f960dc1c2ea967f5eea82b49168f4498238,failure_artifact,AttributeError,'ZAC_zzx' object has no attribute 'zzx_initial_lookahead_report'
qmap154,hwb9_119,2e9923dba4ff19f3f08945bfa534866386905120e3c1b07e74a1e22ae55d9865,2e9923dba4ff19f3-s0-ga_h2,0,timeout,{},False,False,fresh,fresh,timeout,2e9923dba4ff19f3f08945bfa534866386905120e3c1b07e74a1e22ae55d9865,"{""bytes"": 623467, ""path"": ""/Users/zhouzixiang/Desktop/zac/ZAC_zzx/results/physical_ga_main_v1/protocol.json"", ""sha256"": ""9bb0ae97d2f3f1536a5c496a65fe2e21e2192ce20830979dd75b30b0a3148fc7""}","{""bytes"": 1010, ""path"": ""/Users/zhouzixiang/Desktop/zac/ZAC_zzx/results/physical_ga_main_v1/receipts/2e9923dba4ff19f3-s0-ga_h2.json"", ""sha256"": ""e5a948489aff188634133f9354cc50d96a4f49b42e7f407e62ba304039f0ecd7""}",,,timeout,,,/Users/zhouzixiang/Desktop/zac/ZAC_zzx/results/physical_ga_main_v1/receipts/2e9923dba4ff19f3-s0-ga_h2.json,e5a948489aff188634133f9354cc50d96a4f49b42e7f407e62ba304039f0ecd7,terminal_receipt,,
qmap154,hwb9_119,2e9923dba4ff19f3f08945bfa534866386905120e3c1b07e74a1e22ae55d9865,2e9923dba4ff19f3-s1-ga_h2,1,timeout,{},False,False,fresh,fresh,timeout,2e9923dba4ff19f3f08945bfa534866386905120e3c1b07e74a1e22ae55d9865,"{""bytes"": 623467, ""path"": ""/Users/zhouzixiang/Desktop/zac/ZAC_zzx/results/physical_ga_main_v1/protocol.json"", ""sha256"": ""9bb0ae97d2f3f1536a5c496a65fe2e21e2192ce20830979dd75b30b0a3148fc7""}","{""bytes"": 1010, ""path"": ""/Users/zhouzixiang/Desktop/zac/ZAC_zzx/results/physical_ga_main_v1/receipts/2e9923dba4ff19f3-s1-ga_h2.json"", ""sha256"": ""291eb1fd8069bcbbbc53fa19f4360925443e5185ecc4c7e5158594ffb9bf87dd""}",,,timeout,,,/Users/zhouzixiang/Desktop/zac/ZAC_zzx/results/physical_ga_main_v1/receipts/2e9923dba4ff19f3-s1-ga_h2.json,291eb1fd8069bcbbbc53fa19f4360925443e5185ecc4c7e5158594ffb9bf87dd,terminal_receipt,,
qmap154,hwb9_119,2e9923dba4ff19f3f08945bfa534866386905120e3c1b07e74a1e22ae55d9865,2e9923dba4ff19f3-s2-ga_h2,2,timeout,{},False,False,fresh,fresh,timeout,2e9923dba4ff19f3f08945bfa534866386905120e3c1b07e74a1e22ae55d9865,"{""bytes"": 623467, ""path"": ""/Users/zhouzixiang/Desktop/zac/ZAC_zzx/results/physical_ga_main_v1/protocol.json"", ""sha256"": ""9bb0ae97d2f3f1536a5c496a65fe2e21e2192ce20830979dd75b30b0a3148fc7""}","{""bytes"": 1010, ""path"": ""/Users/zhouzixiang/Desktop/zac/ZAC_zzx/results/physical_ga_main_v1/receipts/2e9923dba4ff19f3-s2-ga_h2.json"", ""sha256"": ""bddf401b31aef2fe6a4351882205aed490473ecb13ceb256850d2d3b60d29187""}",,,timeout,,,/Users/zhouzixiang/Desktop/zac/ZAC_zzx/results/physical_ga_main_v1/receipts/2e9923dba4ff19f3-s2-ga_h2.json,bddf401b31aef2fe6a4351882205aed490473ecb13ceb256850d2d3b60d29187,terminal_receipt,,
zac18,ising_n98_transpiled,69c9ca8c5d772ffa553ccdd9fa59e2f844a8149741d3dc4180a51f3970bffc6c,69c9ca8c5d772ffa-s0-ga_h2,0,timeout,{},False,False,fresh,fresh,timeout,69c9ca8c5d772ffa553ccdd9fa59e2f844a8149741d3dc4180a51f3970bffc6c,"{""bytes"": 623467, ""path"": ""/Users/zhouzixiang/Desktop/zac/ZAC_zzx/results/physical_ga_main_v1/protocol.json"", ""sha256"": ""9bb0ae97d2f3f1536a5c496a65fe2e21e2192ce20830979dd75b30b0a3148fc7""}","{""bytes"": 1019, ""path"": ""/Users/zhouzixiang/Desktop/zac/ZAC_zzx/results/physical_ga_main_v1/receipts/69c9ca8c5d772ffa-s0-ga_h2.json"", ""sha256"": ""cd76b1550870e7048de4925e62aee263cc5063bc7a23fb00eba8c2eb2b57b3c7""}",,,timeout,,,/Users/zhouzixiang/Desktop/zac/ZAC_zzx/results/physical_ga_main_v1/receipts/69c9ca8c5d772ffa-s0-ga_h2.json,cd76b1550870e7048de4925e62aee263cc5063bc7a23fb00eba8c2eb2b57b3c7,terminal_receipt,,
zac18,ising_n98_transpiled,69c9ca8c5d772ffa553ccdd9fa59e2f844a8149741d3dc4180a51f3970bffc6c,69c9ca8c5d772ffa-s1-ga_h2,1,timeout,{},False,False,fresh,fresh,timeout,69c9ca8c5d772ffa553ccdd9fa59e2f844a8149741d3dc4180a51f3970bffc6c,"{""bytes"": 623467, ""path"": ""/Users/zhouzixiang/Desktop/zac/ZAC_zzx/results/physical_ga_main_v1/protocol.json"", ""sha256"": ""9bb0ae97d2f3f1536a5c496a65fe2e21e2192ce20830979dd75b30b0a3148fc7""}","{""bytes"": 1019, ""path"": ""/Users/zhouzixiang/Desktop/zac/ZAC_zzx/results/physical_ga_main_v1/receipts/69c9ca8c5d772ffa-s1-ga_h2.json"", ""sha256"": ""be897029feff08a38f1ab12780365424b5db274053d15fc7629364025796d423""}",,,timeout,,,/Users/zhouzixiang/Desktop/zac/ZAC_zzx/results/physical_ga_main_v1/receipts/69c9ca8c5d772ffa-s1-ga_h2.json,be897029feff08a38f1ab12780365424b5db274053d15fc7629364025796d423,terminal_receipt,,
zac18,ising_n98_transpiled,69c9ca8c5d772ffa553ccdd9fa59e2f844a8149741d3dc4180a51f3970bffc6c,69c9ca8c5d772ffa-s2-ga_h2,2,timeout,{},False,False,fresh,fresh,timeout,69c9ca8c5d772ffa553ccdd9fa59e2f844a8149741d3dc4180a51f3970bffc6c,"{""bytes"": 623467, ""path"": ""/Users/zhouzixiang/Desktop/zac/ZAC_zzx/results/physical_ga_main_v1/protocol.json"", ""sha256"": ""9bb0ae97d2f3f1536a5c496a65fe2e21e2192ce20830979dd75b30b0a3148fc7""}","{""bytes"": 1019, ""path"": ""/Users/zhouzixiang/Desktop/zac/ZAC_zzx/results/physical_ga_main_v1/receipts/69c9ca8c5d772ffa-s2-ga_h2.json"", ""sha256"": ""548e81c60467cae58e9599a66ca3dea2faecf6172bad053e8d9332ea1b766ce8""}",,,timeout,,,/Users/zhouzixiang/Desktop/zac/ZAC_zzx/results/physical_ga_main_v1/receipts/69c9ca8c5d772ffa-s2-ga_h2.json,548e81c60467cae58e9599a66ca3dea2faecf6172bad053e8d9332ea1b766ce8,terminal_receipt,,
qmap154,urf1_149,bfb4a038a3fbac9ef336ae9bb1049d6eecf898f1b0288765c45315abd7388a4b,bfb4a038a3fbac9e-s0-ga_h2,0,memory_limit,{},False,False,fresh,fresh,memory_limit,bfb4a038a3fbac9ef336ae9bb1049d6eecf898f1b0288765c45315abd7388a4b,"{""bytes"": 623467, ""path"": ""/Users/zhouzixiang/Desktop/zac/ZAC_zzx/results/physical_ga_main_v1/protocol.json"", ""sha256"": ""9bb0ae97d2f3f1536a5c496a65fe2e21e2192ce20830979dd75b30b0a3148fc7""}","{""bytes"": 1016, ""path"": ""/Users/zhouzixiang/Desktop/zac/ZAC_zzx/results/physical_ga_main_v1/receipts/bfb4a038a3fbac9e-s0-ga_h2.json"", ""sha256"": ""fe4fb5c132d632abf07e274f5e23f7924e8e6f8f37b4618ce8d9da33d2d6f1fd""}",,,memory_limit,,,/Users/zhouzixiang/Desktop/zac/ZAC_zzx/results/physical_ga_main_v1/receipts/bfb4a038a3fbac9e-s0-ga_h2.json,fe4fb5c132d632abf07e274f5e23f7924e8e6f8f37b4618ce8d9da33d2d6f1fd,terminal_receipt,,
qmap154,urf1_149,bfb4a038a3fbac9ef336ae9bb1049d6eecf898f1b0288765c45315abd7388a4b,bfb4a038a3fbac9e-s1-ga_h2,1,memory_limit,{},False,False,fresh,fresh,memory_limit,bfb4a038a3fbac9ef336ae9bb1049d6eecf898f1b0288765c45315abd7388a4b,"{""bytes"": 623467, ""path"": ""/Users/zhouzixiang/Desktop/zac/ZAC_zzx/results/physical_ga_main_v1/protocol.json"", ""sha256"": ""9bb0ae97d2f3f1536a5c496a65fe2e21e2192ce20830979dd75b30b0a3148fc7""}","{""bytes"": 1015, ""path"": ""/Users/zhouzixiang/Desktop/zac/ZAC_zzx/results/physical_ga_main_v1/receipts/bfb4a038a3fbac9e-s1-ga_h2.json"", ""sha256"": ""2e296bbc98ba13b881c0ef7aa60ce12cde04118f7ca30a4f572a0036692822dd""}",,,memory_limit,,,/Users/zhouzixiang/Desktop/zac/ZAC_zzx/results/physical_ga_main_v1/receipts/bfb4a038a3fbac9e-s1-ga_h2.json,2e296bbc98ba13b881c0ef7aa60ce12cde04118f7ca30a4f572a0036692822dd,terminal_receipt,,
qmap154,urf1_149,bfb4a038a3fbac9ef336ae9bb1049d6eecf898f1b0288765c45315abd7388a4b,bfb4a038a3fbac9e-s2-ga_h2,2,memory_limit,{},False,False,fresh,fresh,memory_limit,bfb4a038a3fbac9ef336ae9bb1049d6eecf898f1b0288765c45315abd7388a4b,"{""bytes"": 623467, ""path"": ""/Users/zhouzixiang/Desktop/zac/ZAC_zzx/results/physical_ga_main_v1/protocol.json"", ""sha256"": ""9bb0ae97d2f3f1536a5c496a65fe2e21e2192ce20830979dd75b30b0a3148fc7""}","{""bytes"": 1015, ""path"": ""/Users/zhouzixiang/Desktop/zac/ZAC_zzx/results/physical_ga_main_v1/receipts/bfb4a038a3fbac9e-s2-ga_h2.json"", ""sha256"": ""c56ed1587016ab161fadb5273a460fcaa66c14a92d20041bd5a0a2d3b458391b""}",,,memory_limit,,,/Users/zhouzixiang/Desktop/zac/ZAC_zzx/results/physical_ga_main_v1/receipts/bfb4a038a3fbac9e-s2-ga_h2.json,c56ed1587016ab161fadb5273a460fcaa66c14a92d20041bd5a0a2d3b458391b,terminal_receipt,,
qmap154,qft_10,c254705763939d7764422ef5dd7203e07ed12ba332697bed4093e8e8f77534dc,c254705763939d77-s0-ga_h2,0,program_error,{},False,False,fresh,fresh,program_error,c254705763939d7764422ef5dd7203e07ed12ba332697bed4093e8e8f77534dc,"{""bytes"": 623467, ""path"": ""/Users/zhouzixiang/Desktop/zac/ZAC_zzx/results/physical_ga_main_v1/protocol.json"", ""sha256"": ""9bb0ae97d2f3f1536a5c496a65fe2e21e2192ce20830979dd75b30b0a3148fc7""}","{""bytes"": 1240, ""path"": ""/Users/zhouzixiang/Desktop/zac/ZAC_zzx/results/physical_ga_main_v1/receipts/c254705763939d77-s0-ga_h2.json"", ""sha256"": ""5f0545aa9be21f2dd9bfe0d16074923b55ff55c232ce0c0db1fe3c42465c5e5f""}",,,program_error,"{""bytes"": 812, ""path"": ""/Users/zhouzixiang/Desktop/zac/ZAC_zzx/results/physical_ga_main_v1/jobs/c254705763939d77-s0-ga_h2/failure.json"", ""sha256"": ""d709c1478531ced2331adb821c6dc545a7b4db7b4fde4f25627e0f09fcf647c5""}",空门序列导致初始化报告字段缺失,/Users/zhouzixiang/Desktop/zac/ZAC_zzx/results/physical_ga_main_v1/jobs/c254705763939d77-s0-ga_h2/failure.json,d709c1478531ced2331adb821c6dc545a7b4db7b4fde4f25627e0f09fcf647c5,failure_artifact,AttributeError,'ZAC_zzx' object has no attribute 'zzx_initial_lookahead_report'
qmap154,qft_10,c254705763939d7764422ef5dd7203e07ed12ba332697bed4093e8e8f77534dc,c254705763939d77-s1-ga_h2,1,program_error,{},False,False,fresh,fresh,program_error,c254705763939d7764422ef5dd7203e07ed12ba332697bed4093e8e8f77534dc,"{""bytes"": 623467, ""path"": ""/Users/zhouzixiang/Desktop/zac/ZAC_zzx/results/physical_ga_main_v1/protocol.json"", ""sha256"": ""9bb0ae97d2f3f1536a5c496a65fe2e21e2192ce20830979dd75b30b0a3148fc7""}","{""bytes"": 1238, ""path"": ""/Users/zhouzixiang/Desktop/zac/ZAC_zzx/results/physical_ga_main_v1/receipts/c254705763939d77-s1-ga_h2.json"", ""sha256"": ""967564f4fa873028d532a8e117b9edcf66b6469875daefc5d3dd9be829cbc21d""}",,,program_error,"{""bytes"": 812, ""path"": ""/Users/zhouzixiang/Desktop/zac/ZAC_zzx/results/physical_ga_main_v1/jobs/c254705763939d77-s1-ga_h2/failure.json"", ""sha256"": ""0d68af0763d48327a86e92ab39c978a77c42379ad04b7d5f02c883653267f81b""}",空门序列导致初始化报告字段缺失,/Users/zhouzixiang/Desktop/zac/ZAC_zzx/results/physical_ga_main_v1/jobs/c254705763939d77-s1-ga_h2/failure.json,0d68af0763d48327a86e92ab39c978a77c42379ad04b7d5f02c883653267f81b,failure_artifact,AttributeError,'ZAC_zzx' object has no attribute 'zzx_initial_lookahead_report'
qmap154,qft_10,c254705763939d7764422ef5dd7203e07ed12ba332697bed4093e8e8f77534dc,c254705763939d77-s2-ga_h2,2,program_error,{},False,False,fresh,fresh,program_error,c254705763939d7764422ef5dd7203e07ed12ba332697bed4093e8e8f77534dc,"{""bytes"": 623467, ""path"": ""/Users/zhouzixiang/Desktop/zac/ZAC_zzx/results/physical_ga_main_v1/protocol.json"", ""sha256"": ""9bb0ae97d2f3f1536a5c496a65fe2e21e2192ce20830979dd75b30b0a3148fc7""}","{""bytes"": 1240, ""path"": ""/Users/zhouzixiang/Desktop/zac/ZAC_zzx/results/physical_ga_main_v1/receipts/c254705763939d77-s2-ga_h2.json"", ""sha256"": ""77d99c89529b1fe12c73a6d545f2c222532a352519add17d2152ada181c9c3f6""}",,,program_error,"{""bytes"": 812, ""path"": ""/Users/zhouzixiang/Desktop/zac/ZAC_zzx/results/physical_ga_main_v1/jobs/c254705763939d77-s2-ga_h2/failure.json"", ""sha256"": ""ba6026e4ce49b7dba8f58c3222d51c5abe5cdff46691eeb5f86ad8109847eb51""}",空门序列导致初始化报告字段缺失,/Users/zhouzixiang/Desktop/zac/ZAC_zzx/results/physical_ga_main_v1/jobs/c254705763939d77-s2-ga_h2/failure.json,ba6026e4ce49b7dba8f58c3222d51c5abe5cdff46691eeb5f86ad8109847eb51,failure_artifact,AttributeError,'ZAC_zzx' object has no attribute 'zzx_initial_lookahead_report'
qmap154,ising_model_13,e86d670b4294ec453133e6dd18dfac6f90a9459e0c10d6fd7754d621e9f262fe,e86d670b4294ec45-s0-ga_h2,0,timeout,{},False,False,fresh,fresh,timeout,e86d670b4294ec453133e6dd18dfac6f90a9459e0c10d6fd7754d621e9f262fe,"{""bytes"": 623467, ""path"": ""/Users/zhouzixiang/Desktop/zac/ZAC_zzx/results/physical_ga_main_v1/protocol.json"", ""sha256"": ""9bb0ae97d2f3f1536a5c496a65fe2e21e2192ce20830979dd75b30b0a3148fc7""}","{""bytes"": 1015, ""path"": ""/Users/zhouzixiang/Desktop/zac/ZAC_zzx/results/physical_ga_main_v1/receipts/e86d670b4294ec45-s0-ga_h2.json"", ""sha256"": ""84951b052e18b433c0e26c46ff869a6f0a1730d5544acbc31dd73122d5a5b5bd""}",,,timeout,,,/Users/zhouzixiang/Desktop/zac/ZAC_zzx/results/physical_ga_main_v1/receipts/e86d670b4294ec45-s0-ga_h2.json,84951b052e18b433c0e26c46ff869a6f0a1730d5544acbc31dd73122d5a5b5bd,terminal_receipt,,
