circuit,qubits,gates_1q,gates_2q,M1__fidelity,M1__move_batches,M1__move_time_ms,M1__algorithm_time_s,M1__valid_over_N,M1__status,M2__fidelity,M2__move_batches,M2__move_time_ms,M2__algorithm_time_s,M2__valid_over_N,M2__status,M3__fidelity,M3__move_batches,M3__move_time_ms,M3__algorithm_time_s,M3__valid_over_N,M3__status,M4__fidelity,M4__move_batches,M4__move_time_ms,M4__algorithm_time_s,M4__valid_over_N,M4__status,M3__initial_placement_s,M3__transition_decision_s,M3__problem_preparation_s,M3__search_kernel_s,M3__result_commit_s,M3__transition_residual_s,M3__routing_s,M3__return_match_s,M3__forecast_s,M4__initial_placement_s,M4__transition_decision_s,M4__problem_preparation_s,M4__search_kernel_s,M4__result_commit_s,M4__transition_residual_s,M4__routing_s,M4__return_match_s,M4__forecast_s
整体汇总,,,,0.004515667327248357,751.8032786885246,72.8341007895338,11.465840985,133/154,共同线性F=122,0.004519242052737885,745.4098360655738,72.38970877713277,0.12265805981967214,154/154,共同线性F=122,0.004373566492203526,748.0573770491803,79.59999181981696,8.310042107926229,152/154,共同线性F=122,0.005674260277188296,557.4098360655738,57.20702112741019,19.012152323409836,153/154,共同线性F=122,2.5058560960081966,5.6518000805573765,0.732901165532787,3.800035416590164,1.0611413486393442,0.05772214979508197,0.08471194836065574,0.014803916213114754,0.002441701204918033,2.5162943538442626,16.36644491640164,0.7446180328688524,14.519450530590163,1.041455303262295,0.06092104968032787,0.06419405386885246,0.010637201254098361,3.333843225352459
0410184_169,14,182,102,0.2927648793259374,163.0,16.381224431274426,9.210951417,1/1,success,0.29442010782334455,153.0,15.114007849593468,0.026020458,1/1,success,0.28792019274514086,164.0,19.26785718225081,3.936115292,1/1,success,0.29579207875674596,132.0,14.944989385929697,24.808442375,1/1,success,2.143371833,1.748508666,0.141110791,1.393631251,0.178053792,0.035712832,0.015535355,0.009756855,0.00157603,2.128522333,22.638047583,0.145210129,22.293913456,0.163044043,0.035879955,0.012477398,0.012650386,4.402913525
3_17_13,3,32,17,0.8433764659529815,32.0,2.9705321772823017,3.978931208,1/1,success,0.8432999040450452,32.0,3.0158104309251663,0.00580625,1/1,success,0.8461314295919721,31.0,3.3199314343323936,1.538713,1/1,success,0.8416220248507202,19.0,1.8302910508081474,2.008650416,1/1,success,1.333610583,0.183180375,0.016342251,0.112278291,0.0243825,0.030177333,0.002221346,0.000702537,0.000327819,1.340271958,0.646619667,0.017719125,0.560798791,0.037198166,0.030903585,0.00169754,0.00043821,0.194277388
4_49_16,5,175,97,0.3607040729572892,181.0,17.029227268008214,8.073223792,1/1,success,0.35922801207528,179.0,16.810345987514996,0.029534292,1/1,success,0.36808440715402824,181.0,17.262455880151567,3.271348875,1/1,success,0.35582364418098095,127.0,13.31963163281929,10.001586042,1/1,success,2.10149075,1.114152208,0.118589922,0.807705955,0.152508835,0.035347496,0.025970697,0.004762756,0.00193827,2.127915667,7.833656292,0.137179002,7.494230081,0.164844251,0.037402958,0.010228634,0.003984662,2.385727297
4gt10-v1_81,5,124,66,0.5001153174664597,122.0,11.490431948238246,8.863709958,1/1,success,0.5001419293993478,120.0,11.370636327242407,0.020105916,1/1,success,0.5033486025092224,124.0,12.128005849850378,3.1019565,1/1,success,0.4918456355303221,88.0,9.409287024188574,7.675905167,1/1,success,2.259713833,0.807300333,0.083703996,0.588234916,0.10199946,0.033361961,0.009331942,0.00339226,0.001268265,2.283669292,5.357720792,0.098451712,5.116284582,0.108056039,0.034928459,0.007015944,0.002983254,1.638616927
4gt11_82,5,27,16,0.8561290257016672,24.0,2.391354506511963,6.16387825,1/1,success,0.8564968399606243,22.0,2.21077251335491,0.005399292,1/1,success,0.8615120290696869,22.0,2.3464116170595712,1.969927458,1/1,success,0.8589584577164673,19.0,1.9123773748582136,2.696460959,1/1,success,1.751930417,0.196782666,0.017248252,0.128476416,0.020687376,0.030370622,0.001785517,0.00065356,0.000244156,1.841076667,0.833381833,0.018615875,0.761332209,0.022351376,0.031082373,0.00169301,0.000748416,0.261007636
4gt11_83,5,23,14,0.8739675915268008,22.0,2.1687980294939018,5.429347042,1/1,success,0.8735559737657692,22.0,2.2058460611385438,0.004977,1/1,success,0.8777118536969363,21.0,2.0750361432223308,1.816419458,1/1,success,0.8749111351800528,16.0,1.604994525301593,2.234273791,1/1,success,1.638166375,0.156951792,0.015206792,0.092896209,0.018409916,0.030438875,0.001591921,0.00048179,0.000241082,1.62916775,0.58289675,0.015474544,0.518355415,0.01802621,0.031040581,0.001300573,0.00038768,0.176111916
4gt11_84,5,18,9,0.9068524593392224,16.0,1.592934349834719,3.809102625,1/1,success,0.9065763464882078,16.0,1.6317954108998247,0.003164542,1/1,success,0.9128891715896745,14.0,1.4900430724014253,1.496302792,1/1,success,0.9105067545721256,11.0,1.1460869877163888,1.642161875,1/1,success,1.358913125,0.116567042,0.01003275,0.04983679,0.026002208,0.030695294,0.001252413,0.000294213,0.000149453,1.325284125,0.296453667,0.022882792,0.232723041,0.011166168,0.029681666,0.000906944,0.000224298,0.077688093
4gt12-v0_86,6,208,114,0.30387720135344487,192.0,18.237367623343935,10.515190833,1/1,success,0.3036772767242913,192.0,18.295034934455874,0.032615,1/1,success,0.30716656205664356,193.0,19.31582831620158,3.921939917,1/1,success,0.29827133548363616,141.0,15.200564275668418,14.153117875,1/1,success,2.551420042,1.3124535,0.140046294,0.964108454,0.172933047,0.035365705,0.027824163,0.005331975,0.00204116,2.571028625,11.539446125,0.156343704,11.163407627,0.182373828,0.037320966,0.011980057,0.004532254,3.166439763
4gt12-v0_87,6,206,112,0.3086439897431713,190.0,18.032177605980642,10.510592709,1/1,success,0.30851034937475985,190.0,18.086582359037255,0.030494042,1/1,success,0.3100062065143786,196.0,20.363936980118577,4.028089375,1/1,success,0.30354925931637433,137.0,14.601689293413372,13.697918666,1/1,success,2.551382083,1.417745958,0.124671207,1.084560086,0.173210997,0.035303668,0.027974606,0.005168002,0.002048126,2.570927042,11.084809292,0.137817914,10.73067588,0.178303,0.038012498,0.011736631,0.0044334,2.99922051
4gt12-v0_88,6,161,86,0.4034815803891876,157.0,14.891799528759133,9.278086667,1/1,success,0.40314899976423346,156.0,14.939071478156867,0.026981875,1/1,success,0.4054957529594559,157.0,15.958538399393042,3.317955,1/1,success,0.3973748105337814,110.0,11.023071615735224,9.251007834,1/1,success,2.312056583,0.964645583,0.096923368,0.695719504,0.138030329,0.033972382,0.01188755,0.004129195,0.001655256,2.31380525,6.899569084,0.104000794,6.623338037,0.13639184,0.035838413,0.008964539,0.003073463,2.20150639
4gt12-v1_89,6,187,100,0.3397545794216961,189.0,19.27826946012675,8.858764833,1/1,success,0.3397504066314697,181.0,18.203967050685605,0.030483292,1/1,success,0.3431118766283614,181.0,19.701781794552527,3.766143333,1/1,success,0.33983680891865714,130.0,13.865328882878947,11.105478291,1/1,success,2.313224084,1.396703292,0.128685709,1.065473833,0.166141662,0.036402088,0.027014732,0.004746804,0.001846854,2.267611584,8.79794175,0.140037921,8.454119792,0.166475997,0.03730804,0.010518312,0.003891924,2.675750229
4gt13-v1_93,5,58,30,0.7295315263223074,54.0,5.147117969819125,5.617199958,1/1,success,0.7288049852066851,55.0,5.2882451446876155,0.009423083,1/1,success,0.7299576611341303,55.0,5.603533943543942,2.135051791,1/1,success,0.7255329591545231,39.0,3.857521226437573,3.615501334,1/1,success,1.647652333,0.460978459,0.032082375,0.339597917,0.057941624,0.031356543,0.004194736,0.001467118,0.00058892,1.694749791,1.895361209,0.035166752,1.766312498,0.060954334,0.032927625,0.003206491,0.001076274,0.672248265
4gt13_90,5,87,49,0.6021418486770534,88.0,8.850802035473475,8.697790459,1/1,success,0.6007140092707604,86.0,8.274183678504196,0.015531958,1/1,success,0.6061701709160824,88.0,10.099872579211963,2.901414125,1/1,success,0.5974845900852876,66.0,6.532986440607681,5.6536385,1/1,success,2.208419875,0.662333875,0.068576418,0.485070875,0.076636915,0.032049667,0.006928921,0.002453133,0.000896386,2.252573583,3.370668542,0.074306001,3.184342247,0.078555128,0.033465166,0.005624056,0.00225103,1.145217241
4gt13_91,5,85,47,0.6137037818783082,88.0,8.84594925906602,8.6262335,1/1,success,0.6121462000794132,86.0,8.267062875626813,0.014445125,1/1,success,0.616485217555871,86.0,10.013031786395938,2.823262292,1/1,success,0.6092618406774977,63.0,6.29407232658636,5.470011708,1/1,success,2.21617175,0.576368667,0.066468707,0.403629254,0.073957747,0.032312959,0.00673151,0.002191753,0.000902035,2.23916125,3.200561084,0.072996085,3.017985542,0.075593041,0.033986416,0.005129576,0.001980348,1.088230032
4gt13_92,5,57,30,0.7232977258519813,56.0,5.3707584883302335,5.542911709,1/1,success,0.7203268538610678,55.0,5.364743633614141,0.009639792,1/1,success,0.7324914118817619,54.0,5.2526246697270365,2.07789825,1/1,success,0.725701760443589,38.0,4.245267695679983,4.523487,1/1,success,1.659409084,0.392906083,0.030734251,0.287613541,0.042620378,0.031937913,0.004100561,0.001449084,0.00054477,1.637119334,2.86211225,0.032893247,2.74127467,0.056767707,0.031176626,0.003164291,0.001175175,0.66810191
4gt4-v0_72,6,211,113,0.30242666757416814,199.0,19.371815137787763,10.475600208,1/1,success,0.30227877037917567,193.0,18.36329404045166,0.031452375,1/1,success,0.30444533515845384,206.0,21.29483233238117,3.989182792,1/1,success,0.29749401487642096,140.0,14.766189867300449,14.901666125,1/1,success,2.563962542,1.377507125,0.131389828,1.027193455,0.18338146,0.035542382,0.015776157,0.005052867,0.002098261,2.525946167,12.33441725,0.148941083,11.970847961,0.178707293,0.035920913,0.011904716,0.004243341,3.10016857
4gt4-v0_73,6,326,179,0.15113676681281427,315.0,29.68989636143697,10.61826525,1/1,success,0.15102237822173115,316.0,29.769877620260722,0.054839584,1/1,success,0.15122373128128208,328.0,34.82905791661502,4.73369675,1/1,success,0.14560531103544028,238.0,24.494934126268156,19.836172791,1/1,success,2.566213083,2.102344834,0.226653381,1.517133332,0.319279247,0.039278874,0.025355101,0.009008625,0.003377851,2.555979208,17.221737125,0.244489412,16.626967706,0.308133086,0.042146921,0.019756079,0.007516981,5.095745817
4gt4-v0_78,6,193,107,0.3246670911134975,193.0,18.349325719957765,10.734896291,1/1,success,0.3243886690998904,192.0,18.30016037583708,0.034265291,1/1,success,0.327289297683212,194.0,19.845011962943673,3.777834958,1/1,success,0.3195994441113112,143.0,14.545598350968783,11.134044667,1/1,success,2.560925459,1.171860625,0.124481043,0.837959251,0.17441546,0.035004871,0.014768839,0.005051697,0.001998977,2.565389708,8.522132375,0.131151084,8.176629624,0.177217628,0.037134039,0.011645079,0.004345798,2.819180714
4gt4-v0_79,6,185,103,0.33604112119973767,186.0,17.64715764536695,9.719223333,1/1,success,0.335969422397284,184.0,17.491634468962147,0.031011625,1/1,success,0.33960415049780085,188.0,19.066934321085267,3.636367042,1/1,success,0.3315451502354098,135.0,14.048224103913176,11.075852917,1/1,success,2.424829334,1.154471667,0.118048707,0.835010745,0.165888007,0.035524208,0.027330637,0.005175936,0.001913032,2.42733675,8.607340125,0.125293165,8.278260627,0.166541337,0.037244996,0.011132002,0.004595463,2.744369507
4gt4-v0_80,6,148,79,0.43031645634766247,147.0,14.0247234767548,9.065986333,1/1,success,0.43035645180808557,145.0,13.897790986872884,0.023552125,1/1,success,0.4321495811863738,147.0,15.272075902645843,3.468114959,1/1,success,0.4256142237001521,102.0,10.70128591339617,8.373978125,1/1,success,2.32569025,1.103404916,0.094930792,0.840616704,0.133915542,0.033941878,0.01150322,0.003790324,0.001526494,2.322223875,6.014552917,0.094856793,5.758101755,0.127162537,0.034431832,0.009307384,0.003060665,2.026524239
4gt4-v1_74,6,223,119,0.27879799069030436,222.0,21.796554657619367,12.510926084,1/1,success,0.27857524448738136,221.0,20.865736329385033,0.035231708,1/1,success,0.28174318828964295,222.0,22.648229316082183,4.269949291,1/1,success,0.2737010299108275,155.0,16.38582314495054,12.413371416,1/1,success,2.860877875,1.360235791,0.152917414,0.956614251,0.215142077,0.035562049,0.016915798,0.005958012,0.00236463,2.852042375,9.513789542,0.170255628,9.103667327,0.202552464,0.037314123,0.012834311,0.004977215,3.20078678
4gt5_75,5,71,38,0.6669330924653196,68.0,6.4759173740007805,7.98155175,1/1,success,0.6654120132031999,68.0,6.948406350528713,0.012282583,1/1,success,0.6693909122079291,66.0,7.034448809715644,2.543119583,1/1,success,0.6633706550038613,50.0,5.0138048854844826,5.421203167,1/1,success,2.0919745,0.423640125,0.04108654,0.28343771,0.067912083,0.031203792,0.005255461,0.002122505,0.000685078,2.08208625,3.311693792,0.042924417,3.167169373,0.06966117,0.031938832,0.004374981,0.001812574,0.874189851
4gt5_76,5,79,46,0.6264548113306613,77.0,7.308292786733188,7.953877916,1/1,success,0.6259927877065123,78.0,7.4241449447355885,0.01423275,1/1,success,0.6327358902614418,78.0,7.495525890068501,2.667595958,1/1,success,0.6233918072905074,61.0,6.258492990539773,5.52082775,1/1,success,2.084475166,0.554275167,0.049273583,0.405534211,0.067482412,0.031984961,0.005959034,0.002347831,0.000819178,2.098289,3.393466875,0.053923796,3.236309413,0.069942628,0.033291038,0.004672289,0.002353793,1.096167483
4gt5_77,5,109,58,0.5436857762266762,105.0,9.966118224837242,7.306405917,1/1,success,0.5432817575873582,105.0,10.083082940082905,0.017429333,1/1,success,0.5467923340978216,104.0,12.651440311679835,2.615280208,1/1,success,0.5409050277288421,75.0,7.953489121547699,6.154045416,1/1,success,1.950844,0.6314185,0.079351998,0.427632124,0.091361084,0.033073294,0.007948875,0.002897851,0.001087291,1.948932625,4.174050833,0.082950711,3.969228625,0.088904999,0.032966498,0.006378889,0.002349954,1.4574252
4mod5-bdd_287,7,56,31,0.7160364109986639,61.0,6.041651753965435,7.862939,1/1,success,0.7156722915736339,60.0,5.942057730718415,0.01094125,1/1,success,0.7194515477996618,59.0,5.819910206877833,2.405725417,1/1,success,0.7142783772471228,39.0,4.076375133354373,3.556982875,1/1,success,2.013894666,0.365373292,0.036211625,0.248463999,0.049820461,0.030877207,0.004496813,0.001324899,0.00065218,1.999498125,1.532252334,0.038549539,1.414177045,0.048342418,0.031183332,0.003267765,0.000889125,0.556577123
4mod5-v0_18,5,61,31,0.7300942226597257,56.0,5.286856033523669,7.064260584,1/1,success,0.7298691888794698,56.0,5.3268769846794735,0.010090875,1/1,success,0.7332064610569251,55.0,5.199708706500733,2.299420708,1/1,success,0.7245682634126596,39.0,3.878537339426407,3.516588292,1/1,success,1.928239375,0.3457035,0.036328169,0.228866998,0.049029128,0.031479205,0.003968477,0.001307008,0.000648861,1.979132417,1.512321417,0.040456418,1.389907873,0.050258374,0.031698752,0.003046036,0.000949439,0.521779177
4mod5-v0_19,5,30,16,0.843203146236282,32.0,3.0966036548545857,5.442179791,1/1,success,0.8426505631703021,32.0,3.136733762443699,0.005956667,1/1,success,0.846914787454543,31.0,2.9678591560793754,1.880791,1/1,success,0.8415119967507206,22.0,2.291029321276628,2.375144292,1/1,success,1.661202667,0.197172833,0.018233665,0.109396708,0.03857804,0.03096442,0.002262354,0.000729042,0.000348763,1.623333791,0.7302165,0.032018207,0.643815128,0.024153917,0.030229248,0.00178051,0.000483355,0.242399324
4mod5-v0_20,5,18,10,0.8972913783913241,18.0,2.130966744343222,4.6467585,1/1,success,0.8980827304883225,17.0,1.7629457914334103,0.003896292,1/1,success,0.9038635405498091,17.0,1.7251788697943309,1.617064208,1/1,success,0.9013681887466415,13.0,1.3650368447854853,1.876234833,1/1,success,1.4896985,0.1074825,0.009115459,0.0442885,0.024510793,0.029567748,0.001320362,0.000300922,0.000144115,1.501076291,0.354897625,0.010219666,0.287579125,0.026560084,0.03053875,0.001248598,0.00024597,0.082611186
4mod5-v1_22,5,20,11,0.8887055572739078,20.0,2.0075564735723406,4.713528459,1/1,success,0.8887255660431952,19.0,1.9488140945222097,0.004415417,1/1,success,0.8945983454258576,19.0,1.9121092245677849,1.645918417,1/1,success,0.8920384757429038,15.0,1.5513805454770446,1.968941416,1/1,success,1.497344708,0.128022291,0.010854999,0.059107834,0.027591625,0.030467833,0.001513004,0.000362714,0.000178205,1.504080125,0.443273375,0.011647583,0.36947621,0.030906248,0.031243334,0.001281023,0.000328456,0.104365219
4mod5-v1_23,5,57,32,0.7096222952855918,61.0,5.761715226057468,7.126534292,1/1,success,0.7092644047559475,61.0,5.808279315177253,0.010240875,1/1,success,0.7182087563462835,60.0,5.7826616821951315,2.313913417,1/1,success,0.7131726585871364,40.0,4.136799118024493,3.541120792,1/1,success,1.931416834,0.355853875,0.035014956,0.241527875,0.04796342,0.031347624,0.004472017,0.001234925,0.000649102,1.881462792,1.634863042,0.050244666,1.506395165,0.047373462,0.030849749,0.003245592,0.000861943,0.58364981
4mod5-v1_24,5,29,16,0.8399214307312504,32.0,3.1056906486753157,5.494451708,1/1,success,0.8398658532358505,31.0,3.0734885740029476,0.005498334,1/1,success,0.8435200129099667,31.0,3.0119287624037447,1.915982416,1/1,success,0.8379504278993637,22.0,2.2981193510587916,3.343032541,1/1,success,1.624071541,0.269952167,0.01684475,0.198650376,0.023726459,0.030730582,0.002332687,0.00082312,0.000316527,1.680268417,1.640284125,0.019332126,1.565313375,0.024256332,0.031382292,0.001801968,0.000810585,0.282637741
4mod7-v0_94,5,130,70,0.48025118120940175,129.0,12.184608340405989,8.065597542,1/1,success,0.4800586396713611,127.0,12.09557720743488,0.023551583,1/1,success,0.4839352124698616,129.0,12.37419205053934,3.019035416,1/1,success,0.47232861436881496,92.0,9.180291546383192,8.031910625,1/1,success,2.104643917,0.877863541,0.09578721,0.6303155,0.116590957,0.035169874,0.009734154,0.003734025,0.001428318,2.101438709,5.89610075,0.082487376,5.667820042,0.110818451,0.034974881,0.007922649,0.003099471,1.705664393
4mod7-v1_96,5,131,70,0.4752294106930539,134.0,15.118360350564481,7.996728417,1/1,success,0.4776744972610995,128.0,12.26745471152818,0.021549667,1/1,success,0.4832221825609738,129.0,13.93835492283327,3.006189084,1/1,success,0.4768748215808535,89.0,9.675177864848422,7.132842125,1/1,success,2.099288834,0.871632083,0.079796244,0.646179712,0.112019581,0.033636546,0.0096035,0.003394598,0.001304428,2.126459292,4.973186,0.0835605,4.746164918,0.10946525,0.033995332,0.007324457,0.002430474,1.778524505
9symml_195,11,28293,15232,,,,,0/1,verifier_fail,,26785.0,2603.708046725306,4.322254584,1/1,success（线性F OOD）,,26815.0,2710.7904568305776,57.059260917,1/1,success（线性F OOD）,,20602.0,2103.165450424444,54.328936542,1/1,success（线性F OOD）,4.818505708,47.312431166,2.636886272,39.738061923,4.424482331,0.51300064,3.160485744,0.300193946,0.008732182,4.775306417,45.307989041,2.155448469,37.93566818,4.704577697,0.512294695,2.708081007,0.331505032,0.922595232
C17_204,7,382,205,0.10779345062340649,364.0,34.773604232276796,14.84907275,1/1,success,0.10610307199399976,364.0,35.48226083376361,0.062243166,1/1,success,0.10838462108820592,379.0,39.300664008536316,6.08205975,1/1,success,0.10434916436631549,270.0,29.38847338029168,23.591578625,1/1,success,3.23407475,2.76134825,0.253119294,2.090210624,0.364297243,0.053721089,0.044306278,0.010412356,0.003820292,3.217561708,20.293814375,0.280345744,19.583619757,0.370932663,0.058916211,0.039141178,0.00849015,6.180682749
adr4_197,13,2786,1498,1.0601717374804554e-08,2620.0,256.7187949149563,25.652192208,1/1,success,1.0694494803608008e-08,2603.0,255.03137959966793,0.425099875,1/1,success,7.3258018377407245e-09,2685.0,290.9279842933277,24.279124958,1/1,success,1.4748777687207649e-08,1968.0,200.08676101380772,30.459932125,1/1,success,4.461105125,19.347591334,2.542603569,13.212086282,3.445439552,0.147461931,0.283450127,0.048404226,0.005803848,4.512863958,25.537310709,2.671288863,19.402437163,3.303361724,0.160222959,0.244274378,0.031243003,1.505373501
aj-e11_165,5,128,69,0.485842074840411,131.0,12.797837054258943,9.008524,1/1,success,0.48487178543538173,127.0,12.05973098745516,0.021170209,1/1,success,0.4913798774404617,128.0,12.42778764340464,3.047437917,1/1,success,0.48355088835157856,85.0,8.338971941055753,7.119988458,1/1,success,2.272475625,0.739000458,0.076721749,0.518224789,0.106489339,0.037564581,0.009284496,0.002967573,0.001310526,2.23812375,4.848438,0.082429794,4.625142209,0.106768252,0.034097745,0.007107735,0.0022206,1.461142071
alu-bdd_288,7,73,38,0.6551496903431628,72.0,7.005243285476675,9.302645083,1/1,success,0.6549797512121575,71.0,7.060465491355581,0.01892975,1/1,success,0.659437159721935,70.0,6.822516079556546,2.760185,1/1,success,0.6551092587702366,49.0,5.118132028074075,4.380418042,1/1,success,2.23495,0.497209625,0.044163876,0.36119775,0.059764873,0.032083126,0.005353451,0.001969762,0.00075296,2.224135292,2.128302292,0.047882713,1.988107708,0.059754916,0.032556955,0.004299164,0.001676299,0.728370331
alu-v0_26,5,70,38,0.6686202371022227,73.0,6.9298749070139385,7.266716292,1/1,success,0.668417329393995,72.0,6.916365237425854,0.012304167,1/1,success,0.6746693926115204,70.0,6.763300519358815,2.439552458,1/1,success,0.6652939811509462,52.0,5.438234336593016,4.475058875,1/1,success,1.967673375,0.444032083,0.054955457,0.298571751,0.059009542,0.031495333,0.005297899,0.001936328,0.000756501,1.970946583,2.476895958,0.058793084,2.326206127,0.059217874,0.032678873,0.004153013,0.00161302,0.864541535
alu-v0_27,5,31,17,0.8285210101807691,32.0,3.061470808534262,6.236764791,1/1,success,0.8289120279825818,30.0,2.8682968424252,0.006024709,1/1,success,0.8339925392227199,33.0,3.5151363894865475,2.0377195,1/1,success,0.8308608654608615,22.0,2.2770861916884777,3.0267565,1/1,success,1.78302325,0.232604375,0.017772667,0.146825211,0.036655872,0.031350625,0.0024755,0.00081038,0.000303107,1.846195708,1.158218708,0.019141584,1.069376375,0.038607833,0.031092916,0.001789808,0.000746091,0.289174044
alu-v1_28,5,34,18,0.8231297774714176,32.0,3.0686352715945318,6.260338459,1/1,success,0.8236783345442589,30.0,2.869325829159886,0.00631125,1/1,success,0.8285673778652992,32.0,3.5216438627052833,2.066126875,1/1,success,0.8244117771120919,24.0,2.4339338133026667,2.815454833,1/1,success,1.805529708,0.237832333,0.01966025,0.143988459,0.04279854,0.031385084,0.002688646,0.000893199,0.000326886,1.784271083,1.008047,0.019477252,0.917766419,0.039378873,0.031424456,0.002048969,0.0008452,0.291240293
alu-v1_29,5,31,17,0.8285159177368961,32.0,3.0633097477521756,6.250636,1/1,success,0.8289224271679358,30.0,2.8645430239856755,0.005925291,1/1,success,0.8340201566971674,32.0,3.505231807906449,2.031115959,1/1,success,0.8328552931836507,21.0,2.100008638099296,3.845286334,1/1,success,1.788224125,0.220514209,0.018554001,0.133066876,0.037774376,0.031118956,0.002519131,0.000842366,0.000298099,1.761994625,2.061450959,0.018267709,1.975197207,0.036860376,0.031125667,0.001793623,0.000712276,0.232638143
alu-v2_30,6,409,221,0.0938848195612532,397.0,37.47514111206235,12.165764042,1/1,success,0.09390777422713913,394.0,37.207811526024344,0.067306334,1/1,success,0.09548299871548961,407.0,39.93689245664338,5.683018416,1/1,success,0.09014131347512333,290.0,29.657672323787057,23.5746525,1/1,success,2.81955725,2.772476041,0.260837293,2.08453295,0.371799052,0.055306746,0.046730518,0.011088805,0.004189827,2.837084375,20.671287083,0.284454919,19.940752449,0.387836045,0.05824367,0.024107456,0.009115569,6.23480234
alu-v2_31,5,368,198,0.12425955446226541,351.0,32.90401203717397,8.403694,1/1,success,0.12441320771749874,345.0,32.297584724046715,0.056822959,1/1,success,0.12730364410386463,361.0,37.60438142473535,4.415050041,1/1,success,0.12039866526054421,258.0,26.37539254455149,18.89658175,1/1,success,2.120515667,2.22565725,0.22940879,1.616791203,0.326871458,0.052585799,0.027740717,0.010189907,0.003737856,2.116667917,16.720026375,0.239920537,16.102655253,0.321987664,0.055462921,0.020957708,0.008484191,5.219480754
alu-v2_32,5,135,72,0.4657670014178625,136.0,12.889574640797502,8.85787875,1/1,success,0.464581680390117,130.0,12.3144239072686,0.0222625,1/1,success,0.4717744627628845,133.0,13.545478857377491,3.1223145,1/1,success,0.4642609515627702,95.0,9.968374941683802,7.323801459,1/1,success,2.240563917,0.845336541,0.080347128,0.619152956,0.113076873,0.032759584,0.010140896,0.003260691,0.001328868,2.271384041,5.018177708,0.085453497,4.783400418,0.113685085,0.035638708,0.007677555,0.002761962,1.818910816
alu-v2_33,5,31,17,0.8269509838234843,34.0,3.6288467812787997,6.2451145,1/1,success,0.8275560719967991,31.0,3.3580753284460987,0.005674625,1/1,success,0.8353471550737052,31.0,2.977270900187029,2.056472583,1/1,success,0.8313436062368811,22.0,2.2572569444983293,3.038745,1/1,success,1.827968667,0.205875208,0.017537708,0.120014288,0.036940085,0.031383127,0.002346277,0.000830863,0.000314473,1.802075625,1.213991167,0.018940041,1.125971666,0.037366753,0.031712707,0.001831532,0.000744945,0.297561099
alu-v3_34,5,46,24,0.7727234519237015,46.0,4.337640471687405,6.440810167,1/1,success,0.7724647877620324,46.0,4.385682453107629,0.007881959,1/1,success,0.7762075142524588,46.0,4.821457908283293,2.162967334,1/1,success,0.7710314023200199,31.0,3.24399679374235,3.31647375,1/1,success,1.827045459,0.310675459,0.026813543,0.199527291,0.052579916,0.031754709,0.003350496,0.001241298,0.000499693,1.8410435,1.451578125,0.044197999,1.339183171,0.037145624,0.031051331,0.002543211,0.001098268,0.47876561
alu-v3_35,5,31,18,0.8206205846656462,34.0,3.242819722750612,6.3079355,1/1,success,0.8209995016839294,32.0,3.052712670105252,0.005919458,1/1,success,0.8258997096843121,35.0,3.747211734195414,2.058935917,1/1,success,0.8226687026613304,23.0,2.3482464029940107,3.057508792,1/1,success,1.791385833,0.245073667,0.019488123,0.155860417,0.038540001,0.031185126,0.002620935,0.000881263,0.00032471,1.826527334,1.207714041,0.02052775,1.112505711,0.042567664,0.032112916,0.001936197,0.000784174,0.312704673
alu-v4_36,5,93,49,0.5914248072164432,92.0,8.642229948709355,8.037961041,1/1,success,0.591527142487021,91.0,8.538733446611712,0.015170834,1/1,success,0.5898918111520434,93.0,12.031926617720574,2.802932125,1/1,success,0.5891022717638499,63.0,6.186253074857907,6.469279042,1/1,success,2.113853875,0.658428166,0.055056331,0.495891167,0.075589668,0.031891,0.007083416,0.002658214,0.000914008,2.161797583,4.276434375,0.059151126,4.106754626,0.075877418,0.034651205,0.005151033,0.002593806,1.193749033
alu-v4_37,5,31,18,0.8206205846656462,34.0,3.242819722750612,6.236929458,1/1,success,0.8210079178006117,32.0,3.0496457566415502,0.0057645,1/1,success,0.8258997096843121,35.0,3.747211734195414,2.079611792,1/1,success,0.8226687026613304,23.0,2.3482464029940107,2.953367167,1/1,success,1.809396625,0.24693325,0.019342751,0.157087249,0.039307417,0.031195833,0.002640486,0.000864544,0.000327213,1.7612225,1.170273833,0.019377917,1.081602501,0.038753083,0.030540332,0.001855373,0.000690819,0.301806891
clip_206,14,27438,14772,,25847.0,2546.5835538859756,67.200200959,1/1,success（线性F OOD）,,25244.0,2480.444895936986,4.020529292,1/1,success（线性F OOD）,,25588.0,2604.5560757779313,59.84437575,1/1,success（线性F OOD）,,19681.0,2027.3156619387726,61.089751,1/1,success（线性F OOD）,6.386930334,48.737797917,3.237894423,40.802847479,4.216306994,0.480749021,2.8512218,0.273814957,0.007787925,6.497788417,50.320233,2.467786117,42.790191533,4.465154046,0.597101304,2.529747725,0.400773835,1.079189438
cm152a_212,12,996,532,0.0018196212240130219,952.0,91.45407285848694,13.415847292,1/1,success,0.0017955598591295491,956.0,92.41260748574004,0.159443709,1/1,success,0.0018399353350407833,966.0,98.40303721016008,10.768468417,1/1,success,0.0019001464018934366,708.0,73.76857872434155,75.319409208,1/1,success,2.700489667,7.887029416,0.751072418,5.982024047,1.076144336,0.077788615,0.10135746,0.02996836,0.010208017,2.7106245,72.451585916,0.963875544,70.145524295,1.256586165,0.085599912,0.080749035,0.024853142,18.328899813
cm42a_207,14,1433,771,8.740155504028818e-05,1311.0,126.66464265861744,17.079276916,1/1,success,8.483590595870664e-05,1314.0,128.29095303427007,0.21286775,1/1,success,7.677878598956606e-05,1327.0,139.40003580925745,11.597727833,1/1,success,9.630097053914908e-05,990.0,103.29150142318498,16.401784209,1/1,success,3.211345667,8.144754083,1.402090874,4.965379122,1.687310614,0.089973473,0.138242006,0.020001317,0.001726535,3.240339,12.9756845,1.420169973,9.714343206,1.737756502,0.103414819,0.087380886,0.014129222,0.763744025
cm82a_208,8,528,283,0.04395406325046809,496.0,48.43627428226652,14.65944825,1/1,success,0.04387574263756171,490.0,48.54664332938721,0.079262792,1/1,success,0.043781331015297825,515.0,54.13026800322455,7.430879292,1/1,success,0.04256254312848372,357.0,36.87564610792737,32.819525209,1/1,success,3.026483458,4.312087541,0.38037574,3.33969084,0.53257708,0.059443881,0.0416255,0.014242679,0.005292481,3.072672416,29.666030167,0.422257174,28.65012112,0.529641541,0.064010332,0.031520128,0.012708601,8.679811676
cm85a_209,14,9264,4986,3.1990584466244775e-34,8980.0,881.7090171431705,37.058012083,1/1,success,7.679990688283448e-34,8878.0,869.166549343304,1.432576584,1/1,success,4.8303101477903855e-33,8540.0,865.2340473457059,74.198111958,1/1,success,1.4734697306191662e-29,6632.0,671.3404463615424,52.436380458,1/1,success,5.052154666,67.469943708,9.884723816,41.76131499,15.531105432,0.29279947,1.101374149,0.14784419,0.00780895,5.006591625,46.0083805,6.421160395,28.415950394,10.913379535,0.257890176,0.871076584,0.091098866,1.193726693
cnt3-5_179,16,130,75,0.38697465517767526,117.0,11.810456285125419,11.534426834,1/1,success,0.390117345862929,90.0,9.119833119122562,0.017319833,1/1,success,0.3878372411020559,119.0,12.731485471400166,4.339935875,1/1,success,0.39459148924988646,87.0,9.852665229535226,14.88706475,1/1,success,2.522928083,1.765944042,0.104390919,1.517652377,0.109042038,0.034858708,0.025166035,0.004079804,0.00116996,2.500180083,12.349838459,0.111805545,12.09674479,0.105812248,0.035475876,0.009589672,0.008365154,3.09356641
cnt3-5_180,16,383,205,0.07998999269046161,315.0,30.62616446155534,13.174615583,1/1,success,0.07748627652789922,319.0,32.489523861964216,0.053511166,1/1,success,0.07882242134244197,318.0,32.81180414846729,6.921076583,1/1,success,0.08071961971037618,246.0,26.333281373297737,40.464596208,1/1,success,2.735928958,4.116791875,0.261785295,3.450703705,0.349500749,0.054802126,0.030171871,0.009926851,0.003545584,2.801259542,37.584929916,0.29201512,36.897332049,0.336689498,0.058893249,0.039471149,0.009987419,8.238073309
co14_215,15,14567,7840,,,,,0/1,verifier_fail,,12441.0,1241.6200048584865,1.976381084,1/1,success（线性F OOD）,,13158.0,1340.039372772909,38.922783709,1/1,success（线性F OOD）,,10221.0,1065.3119422372931,43.169006875,1/1,success（线性F OOD）,5.878902583,30.594565125,1.97607448,26.176333667,2.146594942,0.295562036,1.610348701,0.141985201,0.00507925,5.842626208,35.322519917,1.536707092,31.334013418,2.160743974,0.291055433,1.247169733,0.101257853,0.631308338
con1_216,9,772,415,0.009552121763997648,716.0,69.29644487612282,18.779125208,1/1,success,0.009477696036050937,715.0,69.74032762508178,0.115868958,1/1,success,0.009492921898127558,733.0,78.05839771673433,10.042733125,1/1,success,0.009287794992851255,534.0,55.44776768494854,55.264072208,1/1,success,3.712455708,6.187148834,0.580473997,4.739236376,0.799623467,0.067814994,0.078071117,0.0207158,0.007550961,3.678240667,51.47453575,0.628936756,49.903134904,0.868514256,0.073949834,0.04766798,0.019017295,14.220429568
cycle10_2_110,12,4909,2644,5.254905620910619e-15,4737.0,459.1848390238821,32.51989525,1/1,success,5.429051463555087e-15,4704.0,455.0543077511722,0.7621225,1/1,success,2.0156442642196298e-15,4793.0,523.4779293620084,40.530964084,1/1,success,1.615697093747304e-14,3497.0,351.1045167226089,51.773861125,1/1,success,5.276792625,34.365342042,5.077503491,22.550156487,6.518660757,0.219021307,0.557540417,0.089835079,0.010492563,5.3846515,45.675211958,5.075210829,33.998970775,6.329325129,0.271705225,0.415483475,0.05603993,2.573627118
dc1_220,11,1549,833,6.726652330118368e-05,1431.0,137.13565975333267,21.038938292,1/1,success,6.497161387978134e-05,1447.0,139.77872486819948,0.231520417,1/1,success,5.501767087572324e-05,1450.0,161.69754954620336,14.160653042,1/1,success,6.748883829601855e-05,1070.0,110.50617540383672,16.372528083,1/1,success,3.869182708,10.042316333,1.501007127,6.514857465,1.929382284,0.097069457,0.137141705,0.024831096,0.003154671,3.9043625,12.252462333,1.462202794,8.909222158,1.775280811,0.10575657,0.112230062,0.014491454,0.734551552
dc2_222,15,7677,4131,,,,,0/1,verifier_fail,2.907413768550459e-26,7301.0,714.1676350028921,1.147362375,1/1,success,2.1838331024769664e-26,7186.0,730.4406699371624,55.070136625,1/1,success,1.9874917083958927e-24,5511.0,561.6050340102179,57.134854917,1/1,success,5.577991209,48.067060625,6.758534393,30.42288235,10.631012811,0.254631071,0.831331253,0.123685358,0.006744589,5.697437,50.20525675,6.95657439,31.855041006,11.147601122,0.246040232,0.757679224,0.080637355,1.096840483
dist_223,13,30873,16624,,,,,0/1,verifier_fail,,27783.0,2724.1450529200683,4.500284042,1/1,success（线性F OOD）,,28412.0,2871.420687605661,67.84674625,1/1,success（线性F OOD）,,21909.0,2257.425011121209,66.789361417,1/1,success（线性F OOD）,6.114555291,56.537884833,3.170797286,48.145316752,4.695802154,0.525968641,3.364255667,0.315816238,0.009944794,6.340096708,55.767407583,2.788210584,47.381148594,4.955583189,0.642465216,2.993414879,0.289054748,1.164670135
ex-1_166,3,16,9,0.9103311683773916,18.0,1.7015187744276055,3.925349958,1/1,success,0.9101725766443511,18.0,1.7365139934836853,0.003931125,1/1,success,0.9137152005302642,17.0,1.8270819376047278,1.467606416,1/1,success,0.9101029807934639,11.0,1.0949851500448193,1.690243416,1/1,success,1.32580125,0.121700041,0.024040711,0.054710208,0.012928624,0.030020498,0.001250982,0.000381111,0.000172911,1.327580792,0.342336959,0.024059793,0.276345749,0.011424334,0.030507083,0.000841379,0.00022463,0.075008148
ex1_226,6,4,5,0.946238458591237,10.0,1.1313919595273794,4.355868625,1/1,success,0.9461829996830045,10.0,1.1460326127000577,0.002213084,1/1,success,0.950357661419169,9.0,1.0360131196695328,1.531916375,1/1,success,0.9503685497403696,9.0,1.033151080083868,1.723533125,1/1,success,1.440173709,0.072609958,0.005351292,0.019154208,0.01807375,0.030030708,0.000696898,0.000145127,9.7826e-05,1.458697167,0.244641583,0.019659417,0.188010209,0.0065515,0.030420457,0.00067997,0.00024745,0.044413051
ex2_227,7,514,275,0.04950301252382014,489.0,46.81918591127466,14.313661084,1/1,success,0.049408440922159,488.0,46.205026637128995,0.082619167,1/1,success,0.04516541624675556,506.0,69.63362823313943,7.430405042,1/1,success,0.04823656902115099,365.0,37.36550432550727,28.844063209,1/1,success,3.185432167,4.139883459,0.40448246,3.12357124,0.551889296,0.059940463,0.054306507,0.014905876,0.004950714,3.089896542,25.657355917,0.361090199,24.728930381,0.501966496,0.065368841,0.045207977,0.013103787,8.164711891
ex3_229,6,327,175,0.15565634939947603,320.0,30.22528043005983,9.164120875,1/1,success,0.1552782324615027,315.0,29.697885090663412,0.051798084,1/1,success,0.15783083815545831,324.0,31.969821383399758,4.4653995,1/1,success,0.15080596813829564,226.0,23.31874806962898,19.843647625,1/1,success,2.296017875,2.105828416,0.204451204,1.5453175,0.304746996,0.051312716,0.025290251,0.00892298,0.003425939,2.327691958,17.458333875,0.217934078,16.88273996,0.294673919,0.062985918,0.019184828,0.00691877,4.758790522
f2_232,8,978,525,0.003050765041420654,924.0,89.0464370613079,15.417895667,1/1,success,0.00303634637419843,919.0,89.02387618978412,0.15178575,1/1,success,0.003020358156479097,943.0,100.2869779160777,11.062112125,1/1,success,0.0029545283542280407,680.0,70.94991375607584,55.070292875,1/1,success,3.18821875,7.704587458,0.692378878,5.945173213,0.991480289,0.075555078,0.091065884,0.026885489,0.009726645,3.1684095,51.746463167,0.727383965,49.915570991,1.018416338,0.085091873,0.080396891,0.022570722,16.477388384
graycode6_47,6,10,5,0.9435853622018051,10.0,1.123037359146889,4.418640125,1/1,success,0.9435661028903417,10.0,1.1281350025955126,0.002341584,1/1,success,0.9474509231959403,9.0,1.091482575672967,1.549159542,1/1,success,0.9477039274861996,9.0,1.0247964797033773,1.73976875,1/1,success,1.45531275,0.074574792,0.006159666,0.01974325,0.019014958,0.029656918,0.000709295,0.000140335,0.000115552,1.49114925,0.228678709,0.019344251,0.172029042,0.006924832,0.030380584,0.000843287,0.000241068,0.042798517
ground_state_estimation_10,13,13,3,0.9665585995497005,2.0,0.19999282681158867,1.104763375,1/1,success,0.9662332898517291,2.0,0.23881215109115067,0.001797459,1/1,success,0.9711608306325407,1.0,0.10909637512458574,0.856560875,1/1,success,0.9711608306325407,1.0,0.10909637512458574,0.852726625,1/1,success,0.787176083,0.051532833,0.002338667,0.005045792,0.014511792,0.029636582,0.000158072,2.413e-06,9.537e-06,0.780714333,0.053785167,0.002278501,0.019933125,0.002262416,0.029311125,0.000164986,6.296e-06,7.958e-06
ham15_107,15,7153,3856,4.2087761696794895e-24,6804.0,664.500152028049,37.510033208,1/1,success,4.417142731734287e-24,6795.0,661.5138680989907,1.101679625,1/1,success,3.040688571298985e-24,6650.0,679.2224755023472,60.453742625,1/1,success,1.0137064612060221e-22,5081.0,522.3705989728816,61.21016825,1/1,success,5.609049875,53.56264575,7.546845771,34.163475012,11.612174918,0.240150049,0.815139532,0.115690906,0.006324771,5.646113,54.503643334,7.428436023,35.248085914,11.569647365,0.257474032,0.614591837,0.087594827,1.171510834
ham3_102,3,14,9,0.9110926672902858,18.0,1.704970863094068,3.845555959,1/1,success,0.9108366416416142,18.0,1.7413119432117588,0.00411475,1/1,success,0.9144793496868597,17.0,1.8306441664367283,1.456545833,1/1,success,0.910963139374095,11.0,1.0961735155877195,1.726915541,1/1,success,1.32724275,0.109920792,0.020832623,0.048111625,0.012251834,0.02872471,0.001210451,0.000370667,0.000167735,1.334452125,0.37236925,0.024439169,0.305991999,0.011677501,0.030260581,0.000864029,0.000226737,0.08289884
ham7_104,7,276,149,0.20129974317739016,266.0,25.771006018564854,11.993504625,1/1,success,0.20189162869620608,263.0,24.948730236487023,0.044537375,1/1,success,0.20222042504968668,268.0,28.544591057784395,4.614119958,1/1,success,0.19869316440877638,195.0,20.819033180627436,15.13602675,1/1,success,2.719747709,1.836173375,0.193940256,1.350515495,0.253014304,0.03870332,0.022214651,0.006986104,0.002750018,2.729367209,12.356548667,0.208008833,11.851711999,0.257116581,0.039711254,0.016057491,0.006465332,3.844303385
hwb4_49,5,189,104,0.33793784952754075,192.0,18.090893362089673,8.872438291,1/1,success,0.33727940079533897,191.0,18.561926435332662,0.032382833,1/1,success,0.340040008342593,190.0,19.33334333194646,3.43337875,1/1,success,0.3300251347670082,134.0,13.738458023894959,9.403083666,1/1,success,2.240087875,1.14853425,0.116972371,0.831146418,0.16606,0.034355461,0.014132261,0.005153557,0.001958173,2.20189875,7.162100666,0.124177327,6.838970212,0.164339507,0.03461362,0.010487556,0.004147191,2.425186812
hwb5_53,6,1087,598,0.0016835772247393347,1091.0,103.0843265533379,12.718948625,1/1,success,0.0016625120710309534,1083.0,102.27130926832508,0.179214791,1/1,success,0.001670173415587418,1110.0,116.61159734142812,8.221099083,1/1,success,0.0015402944940124468,786.0,78.86518727997534,9.507080083,1/1,success,2.844873917,5.179879042,0.788777803,3.210189872,1.10543467,0.075476697,0.106468439,0.01775757,0.002126555,2.860249208,6.495813542,0.765926619,4.604223888,1.037030114,0.088632921,0.069144964,0.011372157,0.519052667
hwb6_56,7,5466,2952,4.0403827386176245e-15,5225.0,493.8721730163634,22.415046792,1/1,success,3.98571120791936e-15,5183.0,490.5476740270252,0.852286541,1/1,success,1.765107549729466e-15,5272.0,616.0447444122283,31.960802459,1/1,success,3.3433983099976075e-15,3896.0,391.66339431717006,34.265578875,1/1,success,3.261734125,27.708866833,2.723813604,19.213901445,5.626291084,0.1448607,0.535310268,0.088284024,0.002755181,3.292454334,30.196295,4.004816829,19.040713038,7.001639573,0.14912556,0.435059786,0.055115583,0.702741046
hwb7_59,8,19803,10677,,18716.0,1786.36166312547,46.478453291,1/1,success（线性F OOD）,,18586.0,1767.7306306554553,3.045410666,1/1,success（线性F OOD）,,18410.0,1801.0166894683503,38.840644834,1/1,success（线性F OOD）,,14234.0,1454.3617619682918,33.816255708,1/1,success（线性F OOD）,3.802532333,31.842717083,1.690795421,26.613387278,3.209765288,0.328769096,1.979825735,0.222243112,0.00635004,3.809431334,26.991852709,1.451579098,21.98981951,3.19746655,0.352987551,1.68240571,0.108051499,0.581888243
hwb8_113,9,56362,30368,,,,,0/1,verifier_fail,,53661.0,5132.618332493023,8.69211125,1/1,success（线性F OOD）,,53287.0,5329.348927522917,101.97719525,1/1,success（线性F OOD）,,40750.0,4157.208613744547,91.607367541,1/1,success（线性F OOD）,4.24195425,87.654784042,4.821122214,73.010373794,8.868026223,0.955261811,6.017968416,0.608098642,0.01707865,4.295207833,79.109330875,4.126992616,65.103193951,8.892301996,0.986842312,5.169188023,0.400647431,1.649631125
hwb9_119,10,168794,90945,,,,,0/1,verifier_fail,,161232.0,15466.864869619647,25.459654458,1/1,success（线性F OOD）,,160031.0,15829.119110928532,297.746527625,1/1,success（线性F OOD）,,132278.0,13583.112880208075,265.164780875,1/1,success（线性F OOD）,4.686713834,261.619778542,14.372306667,217.940130585,26.368368105,2.938973185,19.058222771,1.790380449,0.044298639,4.785710375,234.7351535,11.6731551,193.655638462,26.7094376,2.696922338,16.271168232,0.963614378,4.295553857
inc_237,16,8613,4636,2.5893217059754297e-31,8202.0,796.2594238413484,35.932379458,1/1,success,1.2198344103846941e-31,8196.0,809.0283355635618,1.300635791,1/1,success,4.653029140162204e-31,7849.0,800.3462307435528,66.104002083,1/1,success,4.732617610881116e-28,6062.0,623.4215188920596,64.177933042,1/1,success,5.322211792,59.234859,8.736878561,36.569559703,13.645985394,0.282435342,1.009043455,0.132596491,0.00758475,5.432234333,57.395525959,8.510557018,35.009631281,13.563670198,0.311667462,0.838676214,0.084814809,1.270763497
ising_model_10,10,145,90,0.4533160385506787,46.0,5.552227820623095,5.714913792,1/1,success,0.4557950619916643,36.0,4.740512083456242,0.011009541,1/1,success,0.4874586802483941,57.0,6.646121772899311,2.32494625,1/1,success,0.489957172944887,53.0,6.487952264185133,27.967612542,1/1,success,1.564093084,0.7328695,0.076039084,0.568623375,0.055054708,0.033152333,0.006536961,0.000320413,0.000352096,1.566561667,26.372489666,0.080605333,26.201390668,0.056825999,0.033667666,0.006317139,0.001210881,5.922528833
ising_model_13,13,193,120,0.3431601804260797,66.0,7.793328545537666,6.037751125,1/1,success,0.34114159472518574,49.0,6.205620274791484,0.014600292,1/1,success,0.36858573266019123,69.0,11.836271470261357,2.436722834,1/1,success,0.375854732812889,64.0,8.364568141746236,24.448312542,1/1,success,1.595620459,0.804666083,0.102305419,0.586979413,0.080877086,0.034504165,0.013072968,0.000151226,0.000493325,1.60922175,22.806794709,0.105980044,22.592552953,0.073730085,0.034531627,0.009179592,0.001076617,11.618673324
ising_model_16,16,241,150,0.2518984446390086,66.0,7.799333742856476,6.258667708,1/1,success,0.24693277749897075,61.0,8.541905757640631,0.016804625,1/1,success,0.2781227854082842,80.0,10.395865442765965,4.101420709,1/1,success,0.27882009944304387,77.0,10.577477517327669,147.416199542,1/1,success,1.65576575,2.405757167,0.136622915,2.132420625,0.102639626,0.034074001,0.017146111,0.000350575,0.000618392,1.652436334,145.704193333,0.129854459,145.435786917,0.103543292,0.035008665,0.0309093,0.003200399,42.326576454
life_238,11,18205,9800,,17508.0,1700.6623939081314,51.96079325,1/1,success（线性F OOD）,,17441.0,1694.5407073102476,2.7497585,1/1,success（线性F OOD）,,17220.0,1747.2128533847122,37.653088625,1/1,success（线性F OOD）,,13369.0,1363.860186587711,36.051443791,1/1,success（线性F OOD）,5.044171625,29.547856667,1.688836381,24.598740294,2.956931561,0.303348431,1.950569153,0.191482239,0.005079376,5.134762709,28.174350667,1.430997781,23.272577304,3.124260836,0.346514746,1.538427591,0.109144727,0.561950183
majority_239,7,498,267,0.054270497023150614,479.0,46.72985562634,12.230338167,1/1,success,0.05482379734590389,469.0,44.54709268165529,0.081410916,1/1,success,0.054119105619200206,492.0,52.56381220524346,6.370308083,1/1,success,0.05291785618858417,350.0,37.10280075269707,28.473290375,1/1,success,2.713945042,3.568234875,0.334304844,2.680593952,0.494347206,0.058988873,0.038107157,0.014264472,0.004852226,2.7054305,25.691447292,0.360162629,24.764240162,0.504916124,0.062128377,0.029264927,0.012631241,7.9509717
max46_240,10,22001,11844,,,,,0/1,verifier_fail,,20077.0,1941.4652476463796,3.205795333,1/1,success（线性F OOD）,,20042.0,1992.144609191117,46.042534292,1/1,success（线性F OOD）,,15758.0,1604.8845804817638,42.660445625,1/1,success（线性F OOD）,4.416554875,37.9678665,2.092925702,32.138145014,3.34670376,0.390092024,2.326054096,0.232751179,0.007241673,4.404578083,35.035022083,1.689001685,29.618931001,3.340282804,0.386806593,2.028671026,0.217495368,0.741386606
miller_11,3,41,23,0.7914083263079896,46.0,4.250515749854419,3.879044708,1/1,success,0.7912577699246767,46.0,4.293314935918172,0.008387167,1/1,success,0.7937014387668854,45.0,4.782854189130573,1.604029084,1/1,success,0.7876336417027736,25.0,2.3627820114912588,2.284595125,1/1,success,1.336393875,0.242980042,0.036211918,0.141968164,0.033910959,0.030889001,0.003123045,0.000984583,0.000452876,1.333367125,0.927945708,0.03659683,0.829568544,0.030058666,0.031721668,0.001926899,0.000549114,0.278516632
mini-alu_167,5,236,126,0.26310424833993823,239.0,24.050932088510844,9.035343,1/1,success,0.26192022133625675,225.0,21.780845764295364,0.039558667,1/1,success,0.27137774704682566,232.0,22.67115969569609,3.72598775,1/1,success,0.2597542267488596,169.0,17.46439375283503,13.336765541,1/1,success,2.263486459,1.397823,0.155999,1.003559425,0.202829285,0.03543529,0.031520367,0.006595432,0.002411216,2.297877708,10.992893958,0.165868089,10.58355242,0.205401785,0.038071664,0.013972998,0.004912534,3.513565895
mini_alu_305,10,141,77,0.41960621939538234,125.0,12.568600889738587,13.002327958,1/1,success,0.41870647510823267,117.0,12.079109521342373,0.019557792,1/1,success,0.42219670772485945,114.0,11.26027618596747,4.095489041,1/1,success,0.415316025443257,85.0,9.25436615970381,17.70692375,1/1,success,2.722775917,1.337033708,0.091420877,1.10056383,0.110787088,0.034261913,0.010610819,0.002920741,0.001464026,2.784113583,14.887632584,0.09853654,14.639983167,0.114070541,0.035042336,0.008857965,0.003162456,3.429555758
misex1_241,15,3905,2100,2.026768188969607e-12,3723.0,361.8835411073375,27.709037667,1/1,success,2.018190588139657e-12,3708.0,361.0879517975192,0.609734916,1/1,success,9.747515561875084e-13,3697.0,396.2519453178288,33.183151083,1/1,success,5.690413266355979e-12,2708.0,276.5296984836903,53.397860166,1/1,success,4.801849709,27.732339458,4.899973255,16.232622964,6.404212499,0.19553074,0.393903255,0.061129255,0.004938515,4.736019125,48.096601209,5.673979348,35.367790376,6.831274788,0.223556697,0.33109045,0.038138428,2.029725312
mlp4_245,16,15295,8232,,14706.0,1439.865509242983,43.862107166,1/1,success（线性F OOD）,,14498.0,1427.8889116772586,2.330436917,1/1,success（线性F OOD）,,14517.0,1477.1877932605082,37.0070685,1/1,success（线性F OOD）,,11155.0,1145.3557235378153,34.023983834,1/1,success（线性F OOD）,6.054721709,28.245208042,1.872580857,23.528272864,2.53153158,0.312822741,1.747718096,0.149312671,0.004145385,6.013255708,25.70362425,1.239643295,21.605749971,2.558795428,0.299435556,1.319541693,0.078248953,0.484948605
mod10_171,5,201,108,0.32337594814333637,196.0,18.98568178163015,9.141771542,1/1,success,0.3217681453138016,196.0,19.131258798687018,0.033131625,1/1,success,0.3279915527600588,199.0,20.578919257306396,3.479661083,1/1,success,0.3173536448214352,138.0,14.605911343997663,11.815516166,1/1,success,2.253207458,1.180084125,0.134365713,0.84093766,0.169739084,0.035041668,0.015105009,0.005388738,0.002123951,2.20682025,9.564831834,0.141800329,9.214180959,0.17286075,0.035989796,0.012559652,0.004019439,2.618500281
mod10_176,5,148,78,0.43972592431932533,141.0,13.407122465267012,8.903863667,1/1,success,0.4401542200415281,137.0,13.014637221155388,0.025222375,1/1,success,0.44215610068612515,145.0,14.469036670399834,3.306674167,1/1,success,0.4336004453250428,102.0,10.26367012296337,9.832251875,1/1,success,2.2499075,1.018944208,0.100832958,0.759467292,0.125490752,0.033153206,0.010943174,0.004111606,0.001475369,2.266074458,7.531442875,0.094926132,7.273408452,0.127107004,0.036001287,0.008272409,0.003951598,2.026802887
mod5adder_127,6,447,239,0.07811341889972387,431.0,41.22738632175701,11.528730334,1/1,success,0.07836849389836191,418.0,39.38710737611038,0.069304083,1/1,success,0.07808135284779887,444.0,47.38384449381615,5.666351709,1/1,success,0.07522776076056183,306.0,31.508961301483414,24.494437666,1/1,success,2.668528208,2.90399275,0.28682204,2.155623495,0.404130382,0.057416833,0.047482252,0.011205904,0.004547013,2.722211958,21.7031845,0.320950202,20.912268911,0.407515292,0.062450095,0.025280952,0.009041497,6.970745235
mod5d1_63,5,21,13,0.8630452527005426,26.0,3.00576385279476,4.657694083,1/1,success,0.8642805741751188,24.0,2.4216148766451644,0.005148167,1/1,success,0.8724100481416929,24.0,2.7920766205172156,1.697951041,1/1,success,0.8721930978510162,17.0,1.7200051169291357,2.971373417,1/1,success,1.518078792,0.15849825,0.014105458,0.095643624,0.017786043,0.030963125,0.001904011,0.000516609,0.000208902,1.476669042,1.473564042,0.013595708,1.398719,0.030528332,0.030721002,0.001335859,0.000549445,0.170468635
mod5d2_64,5,44,25,0.7686580117553311,50.0,4.729997693227506,7.217703292,1/1,success,0.7682997476672501,50.0,4.765277491910339,0.008530042,1/1,success,0.771969620082148,49.0,4.629248471506069,2.247620417,1/1,success,0.7630105497281455,37.0,3.7739983546837736,3.382423208,1/1,success,1.939608417,0.283662625,0.027732711,0.174498707,0.050521377,0.03090983,0.003450394,0.001133947,0.000534838,2.00386925,1.352421625,0.031696627,1.230522956,0.056507334,0.033694708,0.002786875,0.000940725,0.544582313
mod5mils_65,5,30,16,0.84318947112727,32.0,3.101456533667922,5.440677708,1/1,success,0.842637516919016,32.0,3.1413659229617443,0.005967042,1/1,success,0.8467766912973229,31.0,3.016655150879662,1.849264084,1/1,success,0.8417545444165311,22.0,2.2047400822381378,2.4473445,1/1,success,1.633891916,0.193350416,0.017735584,0.108670166,0.036633417,0.030311249,0.002206564,0.000706575,0.000342001,1.647300084,0.778501833,0.032973916,0.690617126,0.024310874,0.030599917,0.001730204,0.000522887,0.258350379
mod8-10_177,6,358,193,0.12733845096995705,354.0,34.22800686164818,11.656615208,1/1,success,0.1279412869850028,348.0,32.928323346430965,0.057793333,1/1,success,0.12926806760820486,358.0,35.19845683577152,5.364936083,1/1,success,0.12444837939013145,253.0,25.88030982698711,19.230975084,1/1,success,2.701136917,2.595433125,0.231563075,1.981167584,0.328373173,0.054329293,0.027037621,0.009887462,0.003817441,2.706234,16.464332542,0.245531373,15.817415667,0.343961288,0.057424214,0.020508051,0.007253208,5.193119098
mod8-10_178,6,284,152,0.19659089040346633,280.0,26.55898264681625,9.925188083,1/1,success,0.19622410596530407,274.0,26.04854445409233,0.047086375,1/1,success,0.19793470156451634,282.0,29.491286347728046,4.531419541,1/1,success,0.19313624355282896,197.0,20.984549331296996,17.119476875,1/1,success,2.39774725,2.075407958,0.198125794,1.563769708,0.27574225,0.037770206,0.022149086,0.007774964,0.002904965,2.44861275,14.604468708,0.204879458,14.104337837,0.2554505,0.039800913,0.030563116,0.006520284,4.172406643
one-two-three-v0_97,5,238,128,0.2587778447905249,237.0,22.32919400301642,9.036644375,1/1,success,0.2587096879499431,236.0,22.198261669218063,0.038948625,1/1,success,0.2615743548568533,239.0,24.27985854614025,3.818452625,1/1,success,0.2542309340669295,167.0,16.744080530251097,13.289384541,1/1,success,2.284994125,1.469694083,0.155054495,1.073916632,0.205027127,0.035695829,0.030347109,0.006511807,0.002481606,2.28064625,10.958194041,0.169784541,10.545282828,0.204287002,0.03883967,0.013374329,0.005781614,3.271010184
one-two-three-v0_98,5,121,65,0.5068630035265466,119.0,11.744198106370073,8.974952208,1/1,success,0.5058266573360579,117.0,11.071714919558008,0.019149,1/1,success,0.5115901142822312,118.0,11.487926109074094,3.056406333,1/1,success,0.5006764972844197,84.0,8.282482348399654,7.0249635,1/1,success,2.289028,0.733077125,0.088100709,0.50878979,0.102548876,0.03363775,0.008906126,0.003270964,0.001278506,2.293384792,4.698670584,0.093443462,4.467980953,0.102352625,0.034893544,0.006981611,0.002637562,1.553944418
one-two-three-v1_99,5,109,59,0.5374615300614861,115.0,10.771398072509076,8.057087041,1/1,success,0.5375363962233751,113.0,10.574013617029783,0.01985725,1/1,success,0.5370245046831343,115.0,12.881641877638453,2.90197875,1/1,success,0.5281110283087319,79.0,8.250223639521217,6.602810958,1/1,success,2.116249583,0.752116959,0.065795126,0.560010122,0.092988001,0.03332371,0.008281231,0.00286798,0.001191578,2.072687167,4.498476167,0.072923998,4.295536256,0.096414376,0.033601537,0.00621438,0.002412342,1.332819492
one-two-three-v2_100,5,57,32,0.7082193090609793,62.0,6.5475513854452805,6.333073333,1/1,success,0.7094507855828208,59.0,5.730218596084863,0.010661208,1/1,success,0.7130368632994097,60.0,6.3890940533867795,2.268536708,1/1,success,0.7095094778897164,43.0,4.276574971269481,5.342229083,1/1,success,1.841737292,0.399809083,0.036336166,0.280242294,0.050428124,0.032802499,0.004659414,0.001746732,0.000611764,1.827082917,3.490269625,0.038131791,3.369093334,0.051307333,0.031737167,0.003324509,0.001635861,0.710594772
one-two-three-v3_101,5,57,32,0.7031702666588894,64.0,7.357026544422101,7.149468209,1/1,success,0.7067290234910306,59.0,5.6950248337286755,0.010390917,1/1,success,0.7104716671244595,62.0,6.723409312553951,2.403675583,1/1,success,0.7089292940151233,42.0,4.066202833877938,5.5222205,1/1,success,1.964027333,0.412938584,0.035850874,0.296261914,0.049608462,0.031217334,0.004828691,0.001613919,0.000599091,2.017148334,3.478555208,0.036972416,3.360667708,0.047272168,0.033642916,0.003793001,0.001782711,0.695101502
plus63mod4096_163,13,104588,56317,,,,,0/1,verifier_fail,,100484.0,9770.400482385343,15.795182708,1/1,success（线性F OOD）,,101614.0,10385.38750577387,204.856227291,1/1,success（线性F OOD）,,76821.0,7898.0899958931695,182.991375417,1/1,success（线性F OOD）,6.162834667,178.76191825,9.84493315,149.244782523,17.648464483,2.023738094,11.987669468,1.135942467,0.031520277,6.116321625,161.055807083,7.779470392,134.58616004,16.872164165,1.818012486,10.010537624,0.774058864,3.026640718
plus63mod8192_164,14,152012,81852,,,,,0/1,verifier_fail,,146270.0,14268.477500572148,23.043837708,1/1,success（线性F OOD）,,148033.0,14761.044579067291,295.628729041,1/1,success（线性F OOD）,,120629.0,12366.475542178978,264.123214959,1/1,success（线性F OOD）,6.770109166,259.488422459,14.147904788,214.624526999,27.767455063,2.948535609,17.996017218,1.64910396,0.040954966,6.717584584,233.047780833,11.521569431,192.469099853,26.301962947,2.755148602,15.435556173,0.974726964,4.112308766
pm1_249,14,1433,771,8.740155504028818e-05,1311.0,126.66464265861744,16.973191167,1/1,success,8.483590595870664e-05,1314.0,128.29095303427007,0.220592,1/1,success,7.677878598956606e-05,1327.0,139.40003580925745,11.596618542,1/1,success,9.630097053914908e-05,990.0,103.29150142318498,16.487528125,1/1,success,3.226079916,8.130515708,1.393662594,4.963001696,1.686298501,0.087552917,0.135975122,0.019996404,0.001648649,3.299336625,13.003269708,1.39533979,9.764158714,1.745575134,0.09819607,0.087548018,0.013816127,0.75689953
qe_qft_4,5,42,25,0.8140289251436202,20.0,2.2057549704796156,5.56287675,1/1,success,0.8148677907179451,16.0,1.6505620692555674,0.006815167,1/1,success,0.8229369172522708,18.0,2.1397274785108804,1.83181325,1/1,success,0.8250988952714766,20.0,2.072564370403532,2.777383375,1/1,success,1.6528795,0.157432583,0.021634708,0.083462584,0.021632624,0.030702667,0.001660347,0.000229671,0.000192036,1.68225575,1.072418417,0.022837796,0.976993747,0.039914502,0.032672372,0.001821518,0.000410806,0.195036125
qe_qft_5,5,51,26,0.8128161363286656,20.0,2.184382605259369,4.859218083,1/1,success,0.8098192741652681,18.0,2.013282054854563,0.007204417,1/1,success,0.8172058379396716,17.0,1.9967275226232155,1.693896083,1/1,success,0.820288487211781,16.0,1.6877469091049384,2.261950625,1/1,success,1.495798208,0.17686975,0.023457249,0.098791541,0.023865376,0.030755584,0.001658201,0.000242598,0.000214099,1.515835625,0.724026916,0.023273374,0.646460834,0.023765377,0.030527331,0.001603842,0.000369864,0.179865836
qft_10,10,0,0,,,,,0/1,compiler_error,1.0,0.0,0.0,2.6125e-05,1/1,success,1.0,0.0,0.0,0.000136791,1/1,success,1.0,0.0,0.0,0.000123083,1/1,success,2.9325e-05,0.0,0.0,0.0,0.0,0.0,0.0,0.0,0.0,2.6703e-05,0.0,0.0,0.0,0.0,0.0,0.0,0.0,0.0
qft_16,16,0,0,,,,,0/1,compiler_error,1.0,0.0,0.0,2.6292e-05,1/1,success,1.0,0.0,0.0,0.000132625,1/1,success,1.0,0.0,0.0,0.000126,1/1,success,3.1948e-05,0.0,0.0,0.0,0.0,0.0,0.0,0.0,0.0,3.2902e-05,0.0,0.0,0.0,0.0,0.0,0.0,0.0,0.0
radd_250,13,2612,1405,3.1824027399224965e-08,2511.0,244.53003076282045,27.391115125,1/1,success,3.183671861512226e-08,2513.0,243.54428465965572,0.4035065,1/1,success,2.3280559833331392e-08,2503.0,262.38245723993924,22.67632025,1/1,success,4.499110406634434e-08,1862.0,188.57764775432648,26.3326415,1/1,success,4.68842175,17.53720725,3.046046276,10.440066932,3.905984831,0.145109211,0.272717237,0.042582693,0.003314451,4.750928916,21.220924417,2.398632018,15.600689311,3.064402593,0.157200495,0.199424505,0.030773264,1.371348542
rd32-v0_66,4,22,12,0.8811369526136851,24.0,2.2957742021789915,5.105421959,1/1,success,0.8809200503580361,24.0,2.335914364194275,0.004809541,1/1,success,0.8848210649630458,23.0,2.2170074798026342,1.757177042,1/1,success,0.8791397519559385,16.0,1.5946542158453068,2.161037584,1/1,success,1.580797083,0.155443375,0.025923542,0.08067279,0.017561333,0.03128571,0.001630068,0.000513143,0.000252965,1.623782834,0.516382625,0.028925457,0.439298211,0.017086293,0.031072664,0.001266718,0.000345347,0.155325102
rd32-v1_68,4,23,12,0.8807808223680241,24.0,2.2957742021789915,5.136185917,1/1,success,0.8805640021297869,24.0,2.335914364194275,0.0043875,1/1,success,0.8844634499385745,23.0,2.2170074798026342,1.720344542,1/1,success,0.8787844821010494,16.0,1.5946542158453068,2.117078083,1/1,success,1.549198,0.150971334,0.024821584,0.079384001,0.016994833,0.029770916,0.00166297,0.000497086,0.000252164,1.591173209,0.505320625,0.028119248,0.429783626,0.017218003,0.030199748,0.001286745,0.000339996,0.151480962
rd32_270,5,69,36,0.6848017524158954,68.0,6.411441859268658,8.109081542,1/1,success,0.6846076576810036,68.0,6.443982584073131,0.012601459,1/1,success,0.691837171521757,67.0,6.4213081279922575,2.508191958,1/1,success,0.6829152356103855,47.0,4.722044714349889,3.952400125,1/1,success,2.09828275,0.382868083,0.038852208,0.258591624,0.054173294,0.031250957,0.004925489,0.001488661,0.000714589,2.14801675,1.777440458,0.04345217,1.645182708,0.055985248,0.032820332,0.003555059,0.001194907,0.706387633
rd53_130,7,837,448,0.007453287095605055,785.0,74.29855452539532,15.979051542,1/1,success,0.007417580610701621,783.0,75.25340748911489,0.128347875,1/1,success,0.0072553064736707576,822.0,90.44248766945003,10.453738958,1/1,success,0.007093632237355454,588.0,60.68848435277304,53.206228583,1/1,success,3.303365459,6.996811875,0.621537792,5.467582504,0.836696072,0.070995507,0.083623409,0.025212628,0.007997369,3.322533292,49.768901792,0.614921754,48.241955288,0.836410839,0.075613911,0.048989296,0.021781447,13.904290497
rd53_131,7,368,198,0.11373447188566607,357.0,34.934424357536344,12.890791,1/1,success,0.11371039080122965,353.0,34.82230399078986,0.0586795,1/1,success,0.11627771663539514,364.0,36.24675134150886,5.457316125,1/1,success,0.1099569174474472,269.0,27.755671752964886,23.380519625,1/1,success,2.817174125,2.555411792,0.248713213,1.922291869,0.331368499,0.053038211,0.043150187,0.012375868,0.003690043,2.849484458,20.469416125,0.270468953,19.759720216,0.380731278,0.058495678,0.022220373,0.011255625,5.893989981
rd53_133,7,468,252,0.06471419732667412,447.0,42.33677260045512,13.510339209,1/1,success,0.06434566414058442,447.0,43.30248155893195,0.075707625,1/1,success,0.06533489229707198,458.0,45.939244956630034,6.565534958,1/1,success,0.06278424059770979,334.0,34.46540490479221,25.579789708,1/1,success,2.948460875,3.533441459,0.307717214,2.703126659,0.466170711,0.056426875,0.036482811,0.015822072,0.004743283,2.947224875,22.541076459,0.337251921,21.673642956,0.468885967,0.061295615,0.046036482,0.012708963,7.494204578
rd53_135,7,247,134,0.23621831620082703,229.0,21.870644256350513,12.173751208,1/1,success,0.23610547153044442,228.0,21.81487695639923,0.039559375,1/1,success,0.23799791760031683,246.0,24.259366351953425,4.49779875,1/1,success,0.2294876526975858,179.0,18.449370877549644,15.722232917,1/1,success,2.710051084,1.734616875,0.173070746,1.304911999,0.220284373,0.036349757,0.01950264,0.007085083,0.002555082,2.688420375,12.98582925,0.195895126,12.53094458,0.221221296,0.037768248,0.015119314,0.005553043,4.027739838
rd53_138,8,113,60,0.5203861619163942,99.0,10.032087655617023,11.1894975,1/1,success,0.5195917751122073,88.0,10.211710571575802,0.016123167,1/1,success,0.5201447798768686,106.0,11.06331824167419,3.399812167,1/1,success,0.5220849550291556,62.0,6.79995462564667,9.922505333,1/1,success,2.5585545,0.808730334,0.071086086,0.614045955,0.090700331,0.032897962,0.008485079,0.002529217,0.001041389,2.61442175,7.277386083,0.071302086,7.090057874,0.082481543,0.03354458,0.006303787,0.002144319,1.767585048
rd53_251,8,1048,564,0.0019798639913699637,996.0,94.54243551484777,17.523270916,1/1,success,0.0019712468983094584,996.0,94.90546692019028,0.165501542,1/1,success,0.0019510762874542984,1029.0,108.95310281829437,11.856664459,1/1,success,0.001888850445290119,732.0,76.2252191819083,58.072594542,1/1,success,3.486437208,8.183767708,0.779634597,6.229186251,1.097612793,0.077334067,0.10123992,0.028633379,0.0106371,3.504025333,54.411031209,0.817717126,52.380028417,1.130534756,0.08275091,0.081015587,0.023616728,16.360700271
rd53_311,13,225,124,0.23034321443572237,203.0,19.548724299280057,15.380118667,1/1,success,0.23048589425001717,198.0,19.276440694533715,0.032995583,1/1,success,0.2303718808038964,192.0,20.12154342035413,5.453981708,1/1,success,0.22776136835561964,152.0,16.073478428218525,26.012512208,1/1,success,3.1557085,2.2500205,0.175013831,1.819719627,0.218358874,0.036928168,0.01776123,0.005997499,0.002236211,3.141653833,22.823963125,0.181107706,22.396230755,0.208829539,0.037795125,0.014545441,0.006684,4.885180367
rd73_140,10,195,104,0.31415608379315346,157.0,15.665911213575582,13.941466541,1/1,success,0.30959999612158684,148.0,17.716479092768253,0.025068833,1/1,success,0.3098672157631955,188.0,19.752865973448763,4.513433458,1/1,success,0.31130217241566016,107.0,11.671155161929805,18.5692055,1/1,success,2.896402375,1.561000208,0.134886543,1.234807046,0.155857623,0.035448996,0.027571201,0.004218722,0.001732904,2.96511225,15.56546275,0.126848662,15.255724041,0.147090878,0.035799169,0.010599613,0.003813771,3.624719659
rd73_252,10,4310,2319,1.3349430768551419e-12,4053.0,391.160087639514,28.049279541,1/1,success,1.3271578342240792e-12,4045.0,389.9307808055707,0.659467208,1/1,success,4.857429759571864e-13,4189.0,480.15453902122647,42.08256575,1/1,success,1.8008070850715926e-12,3050.0,307.6165302112184,46.323917167,1/1,success,4.551556208,36.759649958,5.162280699,24.577378945,6.812032069,0.207958245,0.49301219,0.07576281,0.009379042,4.501196792,41.22650625,4.481234667,31.082120161,5.447274608,0.215876814,0.347719431,0.043694064,2.11422881
rd84_142,15,288,154,0.14901955292519958,259.0,27.978249373221214,15.473877042,1/1,success,0.15749000176228498,183.0,22.368962191309052,0.030231625,1/1,success,0.1551688201681365,217.0,22.823464781960872,7.393829042,1/1,success,0.16097964877368956,152.0,16.11285608181362,76.128066959,1/1,success,3.1807605,4.159130083,0.211374711,3.690468369,0.219955548,0.037331455,0.022532463,0.006530575,0.00242927,3.198543375,72.878721375,0.20219983,72.409548757,0.227660246,0.039312542,0.016839504,0.009466123,9.290373268
rd84_253,12,11069,5960,,10398.0,1012.0350557592644,40.213673333,1/1,success（线性F OOD）,,10252.0,999.0683851642017,1.666603583,1/1,success（线性F OOD）,7.04870076997407e-43,9540.0,1005.2775986308286,107.250434458,1/1,success,9.09628604501318e-36,7789.0,795.0317429772515,76.884796,1/1,success,5.17734625,100.100373125,9.794114508,73.878430253,16.093014488,0.334813876,1.142030478,0.188524842,0.007661929,5.202403209,69.966050958,8.342703939,47.2947414,14.026608529,0.30199709,1.090961456,0.121121954,1.664354316
root_255,13,13919,7493,,12931.0,1277.489721304753,49.746880584,1/1,success（线性F OOD）,,12550.0,1235.5566262191553,2.048863209,1/1,success（线性F OOD）,,12740.0,1303.9936959728834,34.835135709,1/1,success（线性F OOD）,,9914.0,1021.710948432912,33.396369625,1/1,success（线性F OOD）,5.947428708,26.484675583,1.43131773,22.678013403,2.112091957,0.263252493,1.431371212,0.13885308,0.004213504,5.994350292,25.480007208,1.22281447,21.769034027,2.186714011,0.3014447,1.169929743,0.085619596,0.503679891
sao2_257,14,31325,16864,,,,,0/1,verifier_fail,,27908.0,2747.2184606234496,4.480456,1/1,success（线性F OOD）,,28375.0,2883.726359672967,70.552148167,1/1,success（线性F OOD）,,22404.0,2318.9191551035938,70.181989583,1/1,success（线性F OOD）,5.35082825,59.746190209,4.075708678,50.326462631,4.783178847,0.560840053,3.280499697,0.321439027,0.010575662,5.366748458,60.30311225,2.831767423,51.80417624,5.107298216,0.559870371,2.827148914,0.319073589,1.187330138
sf_274,6,627,336,0.02833773041414477,613.0,57.597414059515614,10.017428667,1/1,success,0.02849742015120758,600.0,56.16412901965393,0.105646875,1/1,success,0.028699067317146495,620.0,64.07546690106221,6.589022667,1/1,success,0.02639413272305033,436.0,46.11833902054906,34.138683625,1/1,success,2.407098166,4.062120375,0.392045593,3.042147285,0.564528333,0.063399164,0.063179493,0.017339576,0.006402701,2.43703425,31.60650125,0.455563916,30.446952544,0.634238614,0.069746176,0.035429955,0.013213618,8.988320942
sf_276,6,627,336,0.028182186016494883,609.0,57.96216782393561,10.137167167,1/1,success,0.028332793025848086,604.0,56.597732921202024,0.105243417,1/1,success,0.027875624595674345,618.0,68.29205179624746,7.053536208,1/1,success,0.026320360920909985,441.0,46.16023142435183,34.666704333,1/1,success,2.40847275,4.524648875,0.432954042,3.391031666,0.637619057,0.06304411,0.062582254,0.017208931,0.00638546,2.441250375,32.133981166,0.475833429,30.942911984,0.648147592,0.067088161,0.036365986,0.013332671,9.031789002
sqn_258,10,8286,4459,2.8213941255446305e-25,7662.0,737.0836264317728,31.987633042,1/1,success,2.736347558585412e-25,7658.0,736.8258370708319,1.266560666,1/1,success,5.994108580340678e-26,7442.0,798.364396787637,65.312839834,1/1,success,2.074925248118228e-24,5794.0,595.8431753539181,70.158603792,1/1,success,4.589025417,59.14467025,5.959381529,42.914874677,10.050400303,0.220013741,1.043488979,0.136401863,0.004954184,4.475451416,64.437431459,9.42623333,41.691477129,13.095413315,0.224307685,0.648301363,0.08173071,1.204428186
sqrt8_260,12,2443,1314,1.3840980291703435e-07,2337.0,225.8640148708775,24.893329125,1/1,success,1.3473067863463204e-07,2330.0,227.79087169631111,0.380220334,1/1,success,7.273045361947693e-08,2379.0,281.94325075361286,24.443169542,1/1,success,1.6881456686720324e-07,1744.0,177.66245963918604,28.107859917,1/1,success,4.335316416,19.679332042,2.93168276,12.811101155,3.795749137,0.14079899,0.258401871,0.044924718,0.005300056,4.350321667,23.406848833,2.540315556,17.506989846,3.212160181,0.14738325,0.197879553,0.026627724,1.267957067
squar5_261,13,1617,869,3.085258319188213e-05,1492.0,144.95425928466466,23.498092875,1/1,success,3.0638918228213876e-05,1483.0,144.67708012841453,0.246748584,1/1,success,2.625110713141996e-05,1476.0,153.27661837526645,13.697923167,1/1,success,3.415962404394147e-05,1109.0,112.43076196343657,18.373153792,1/1,success,4.254523459,9.171204,1.629915218,5.496336068,1.948207979,0.096744735,0.147883415,0.023144221,0.00196825,4.249909458,13.89901825,1.480592626,10.485200333,1.82668922,0.106536071,0.119918108,0.015564411,0.822851871
square_root_7,15,5114,3089,1.7533804378965887e-18,5427.0,533.4573371884242,23.374962625,1/1,success,2.0573431714460183e-18,5311.0,518.6819066011587,0.862869125,1/1,success,1.2330165513035583e-18,5376.0,553.3065511780727,53.491175458,1/1,success,1.0158837129486198e-17,4169.0,436.73551407008154,66.385860042,1/1,success,3.268851292,49.18500325,6.911435312,31.813400431,10.255593048,0.204574459,0.658413649,0.101646316,0.005352497,3.2623875,62.177762958,6.623052725,44.942605506,10.399205294,0.212899433,0.593258619,0.070920526,1.085373673
sym10_262,12,52162,28084,,,,,0/1,verifier_fail,,49476.0,4811.724897824519,7.983549375,1/1,success（线性F OOD）,,49719.0,5013.856479401102,101.270841375,1/1,success（线性F OOD）,,38344.0,3950.465385597332,95.35629025,1/1,success（线性F OOD）,5.284779458,86.6288105,5.886031853,70.907969488,8.579341412,1.255467747,5.578105688,0.531746932,0.015101459,5.327082166,82.082001791,4.090393453,68.857297454,8.254584148,0.879726736,4.649228334,0.403959514,1.619650077
sym6_145,7,3160,1701,6.717309144022302e-09,3056.0,289.33200557698575,18.534521125,1/1,success,6.666753105926102e-09,3058.0,290.29408893248933,0.505596292,1/1,success,5.601901204256695e-09,3127.0,338.58855036365543,23.282157167,1/1,success,6.075060076681818e-09,2256.0,225.3719651216403,33.220382125,1/1,success,3.387216708,19.3678705,2.835898904,12.561902276,3.817635117,0.152434203,0.314716101,0.05650687,0.006560056,3.312037334,29.457266375,3.456491825,21.600304107,4.236580757,0.163889686,0.22233963,0.036038222,1.456948444
sym6_316,14,227,123,0.22278378730361423,215.0,21.00083693991078,14.511433833,1/1,success,0.22386711849617555,207.0,20.09113829063229,0.032811,1/1,success,0.22332503059002892,207.0,21.006756980393682,5.071902667,1/1,success,0.22949793100823246,150.0,15.220669011391275,20.559003583,1/1,success,2.962737084,2.058004584,0.178581125,1.614199622,0.228031461,0.037192376,0.018768549,0.00568565,0.002305502,3.003660333,17.510788834,0.178499377,17.092839538,0.202675792,0.036774127,0.013457775,0.005482317,4.256424194
sym9_146,12,278,148,0.18014044504276833,227.0,23.10031698383188,14.947579792,1/1,success,0.1765607239232403,208.0,25.54766945086616,0.033685,1/1,success,0.17838842883816533,259.0,27.15868445922009,5.583454667,1/1,success,0.18187316704649908,160.0,18.921676206815647,28.598268917,1/1,success,3.0451385,2.479084833,0.186190881,2.020650624,0.234579914,0.037663414,0.024343014,0.005553307,0.002437348,3.121812875,25.42901575,0.213766328,24.965261463,0.211268296,0.038719663,0.015117645,0.00544702,4.770503042
sym9_148,10,17478,9408,,16643.0,1592.9600211292463,46.606364458,1/1,success（线性F OOD）,,16683.0,1597.9371838544678,2.71167,1/1,success（线性F OOD）,,16368.0,1585.7837445362911,36.622971916,1/1,success（线性F OOD）,,12700.0,1314.410399983889,32.118052625,1/1,success（线性F OOD）,4.528901292,28.976136667,1.598013416,24.319405839,2.762035971,0.296681441,1.838272095,0.199811142,0.00516592,4.512258916,25.056790208,1.474753001,20.35717094,2.898698187,0.32616808,1.537399054,0.098097839,0.53455853
sym9_193,11,28293,15232,,,,,0/1,verifier_fail,,26785.0,2603.708046725306,4.293494,1/1,success（线性F OOD）,,26815.0,2710.7904568305776,56.045465625,1/1,success（线性F OOD）,,20602.0,2103.165450424444,55.176594,1/1,success（线性F OOD）,4.644175833,46.603489792,2.57051172,39.211096817,4.338690792,0.483190463,3.090796232,0.297291454,0.008447493,4.857524709,46.097831834,2.307118276,38.355136726,4.858074213,0.577502619,2.671266794,0.351084964,0.980962587
sys6-v0_111,10,182,98,0.33223661045268227,158.0,16.27830467165502,13.972691084,1/1,success,0.33586637215833154,121.0,14.248749605958931,0.021090875,1/1,success,0.3350230799882452,152.0,16.529048293646607,4.592365667,1/1,success,0.33629184935704226,93.0,11.654147401819367,21.05314375,1/1,success,2.901290167,1.6505715,0.108853621,1.375782254,0.131857203,0.034078422,0.013464212,0.003233801,0.001571487,2.948208791,18.068090292,0.114299418,17.791729666,0.12612483,0.035936378,0.010370493,0.004323239,3.92734863
urf1_149,9,150205,80878,,,,,0/1,verifier_fail,,140659.0,13381.91592628767,23.948462209,1/1,success（线性F OOD）,,140379.0,13544.530013525078,256.158619708,1/1,success（线性F OOD）,,106752.0,10887.080214846972,202.102819667,1/1,success（线性F OOD）,4.311853916,226.257365875,11.980660722,187.527619743,24.148286535,2.600798875,16.379873991,1.303805747,0.032274276,4.252131958,176.065419208,9.363994984,140.436437718,23.882983587,2.382002919,13.469215393,0.69612537,3.028410601
urf1_278,9,44604,26672,,46396.0,4487.836974283577,93.858328625,1/1,success（线性F OOD）,,46438.0,4477.991088254035,7.618439166,1/1,success（线性F OOD）,,46269.0,4681.702125009693,96.47027925,1/1,success（线性F OOD）,,36711.0,3764.5134431270694,87.79047875,1/1,success（线性F OOD）,4.238573583,83.749295959,4.474684665,70.866310982,7.543848674,0.864451638,5.463995457,0.532871388,0.015677451,4.390624,75.914824958,4.238114851,62.653513785,7.897172578,1.126023744,4.677645445,0.387509886,1.802602224
urf2_152,8,65391,35210,,,,,0/1,verifier_fail,,62247.0,5900.365313130315,10.651453875,1/1,success（线性F OOD）,,61688.0,6027.6738899127795,110.949402375,1/1,success（线性F OOD）,,44804.0,4492.011817202723,93.624526083,1/1,success（线性F OOD）,3.822586625,95.886283417,5.108699946,79.114817814,10.573732539,1.089033118,7.05014348,0.547883907,0.013557913,3.825776375,80.7077895,4.439451923,64.190795154,10.864207045,1.213335378,5.416436195,0.335428204,1.641830185
urf2_277,8,16468,10056,,17434.0,1673.65852760871,44.039667416,1/1,success（线性F OOD）,,17323.0,1665.450366055062,2.860231583,1/1,success（线性F OOD）,,17079.0,1696.784967155217,37.164292334,1/1,success（线性F OOD）,,14012.0,1430.0484680400684,36.868091291,1/1,success（线性F OOD）,3.718310792,30.425507625,1.635443742,25.562412161,2.886108236,0.341543486,1.897143602,0.203932992,0.006328011,3.745671291,30.441795709,1.402520411,25.84415165,2.861792452,0.333331196,1.671757936,0.112288865,0.626672101
urf3_155,10,344087,185276,,,,,0/1,timeout,,323334.0,30867.477621698177,55.00601525,1/1,success（线性F OOD）,,,,,0/1,timeout,,247090.0,25023.92059119942,474.057436875,1/1,success（线性F OOD）,,,,,,,,,,4.545812292,419.194745708,21.909311838,334.476031428,57.280658977,5.528743465,31.627114773,1.543209822,7.059769726
urf3_279,10,102117,60342,,,,,0/1,verifier_fail,,105259.0,10184.235886113122,17.2053055,1/1,success（线性F OOD）,,105623.0,10483.019286788262,204.386593458,1/1,success（线性F OOD）,,88774.0,9049.801641505974,192.780060041,1/1,success（线性F OOD）,4.682938,179.816401833,10.117424711,150.259731442,17.514609826,1.924635854,13.038879633,1.195173181,0.03107134,4.692007167,170.520161459,8.460943732,142.723393474,17.465252142,1.870572111,11.311299801,0.700021825,3.329586118
urf4_187,11,416053,224028,,,,,0/1,timeout,,376889.0,36342.22235273356,61.276072042,1/1,success（线性F OOD）,,,,,0/1,timeout,,,,,0/1,timeout,,,,,,,,,,,,,,,,,,
urf5_158,9,133591,71932,,,,,0/1,verifier_fail,,125409.0,11926.084638397228,20.666102333,1/1,success（线性F OOD）,,125241.0,12082.378356507828,227.294222292,1/1,success（线性F OOD）,,96310.0,9832.537875930757,187.430956042,1/1,success（线性F OOD）,4.274138583,200.189766208,10.59763276,165.887814129,21.375688569,2.32863075,14.488668442,1.201426772,0.028640021,4.298432875,163.268973875,9.167753311,129.012766613,22.51501158,2.573442371,12.430472612,0.679241489,2.954671969
urf5_280,9,40847,23726,,41328.0,3993.976658624045,86.631378625,1/1,success（线性F OOD）,,41269.0,3970.044099303883,6.622738666,1/1,success（线性F OOD）,,40920.0,4102.487448178201,80.997195375,1/1,success（线性F OOD）,,32226.0,3273.374190391356,77.655795916,1/1,success（线性F OOD）,4.296188959,69.334766,3.797952303,58.166640127,6.646162484,0.724011086,4.707322359,0.45262588,0.013655968,4.2926655,66.578440333,3.474786473,55.110889597,7.115650174,0.877114089,3.922464848,0.321377542,1.547470016
urf6_160,15,139622,75180,,132717.0,12895.10447028097,214.827546291,1/1,success（线性F OOD）,,131296.0,12746.640401732799,21.982143708,1/1,success（线性F OOD）,,131831.0,12956.660887863685,272.843327333,1/1,success（线性F OOD）,,100343.0,10155.650626117484,221.497195583,1/1,success（线性F OOD）,6.866586916,239.823810958,14.686368726,198.711747714,23.682242348,2.74345217,16.055095911,1.199664203,0.028093939,6.969211542,193.522782333,9.718898683,158.184089654,23.193165589,2.426628407,13.10976243,0.792069213,3.094434389
wim_266,11,795,427,0.007329974799113619,719.0,68.74905469701831,16.7521415,1/1,success,0.007292273717090722,720.0,68.54730784745706,0.12195375,1/1,success,0.007129901818772113,771.0,79.26416832762875,9.648170958,1/1,success,0.00723973614218314,544.0,56.63287065207368,51.413765,1/1,success,3.266127958,6.25100975,0.562790416,4.819604616,0.799614927,0.068999791,0.063406944,0.020600512,0.007887085,3.333695333,47.948218166,0.591052706,46.473598201,0.812524213,0.071043046,0.047812462,0.018177402,13.563044184
xor5_254,6,4,5,0.946238458591237,10.0,1.1313919595273794,4.339796667,1/1,success,0.9461829996830045,10.0,1.1460326127000577,0.002301,1/1,success,0.950357661419169,9.0,1.0360131196695328,1.535654083,1/1,success,0.9503685497403696,9.0,1.033151080083868,1.705827125,1/1,success,1.44193325,0.074152417,0.005387666,0.019046792,0.01994175,0.029776209,0.000718355,0.000142463,9.7809e-05,1.442840667,0.242032917,0.021183417,0.183821626,0.006267624,0.03076025,0.000677109,0.000235265,0.043195104
z4_268,11,2494,1343,,,,,0/1,verifier_fail,1.28821772998968e-07,2314.0,224.97520273817844,0.38158,1/1,success,9.420380818390826e-08,2405.0,265.1278414929985,23.105095875,1/1,success,1.438499396886584e-07,1748.0,178.11368007597466,27.505958667,1/1,success,4.03165325,18.641667125,2.503930477,12.700061517,3.299395293,0.138279838,0.262828588,0.042971542,0.005086455,4.023920375,23.14831525,2.372216871,17.631686285,2.997770079,0.146642015,0.183186054,0.030870935,1.355186295
