benchmark_scale,benchmark_directory,upstream_path,upstream_git_blob,source_sha256,selection_reason,canonical_profile,canonical_status,canonical_error,canonical_sha256,qubits,gates_1q,gates_2q,strict_paired,pairing_reason,fidelity_paired,M1__fidelity,M1__log_fidelity,M1__transfers,M1__move_batches,M1__move_time_ms,M1__algorithm_time_s,M1__valid_over_N,M1__status,M1__terminal_status,M1__fidelity_ood,M1__seed_policy,M2__fidelity,M2__log_fidelity,M2__transfers,M2__move_batches,M2__move_time_ms,M2__algorithm_time_s,M2__valid_over_N,M2__status,M2__terminal_status,M2__fidelity_ood,M2__seed_policy,M3__fidelity,M3__log_fidelity,M3__transfers,M3__move_batches,M3__move_time_ms,M3__algorithm_time_s,M3__valid_over_N,M3__status,M3__terminal_status,M3__fidelity_ood,M3__seed_policy,M3__initial_placement_s,M3__problem_preparation_s,M3__native_search_s,M3__search_kernel_s,M3__return_match_s,M3__forecast_s,M3__result_commit_s,M3__routing_s,M4__fidelity,M4__log_fidelity,M4__transfers,M4__move_batches,M4__move_time_ms,M4__algorithm_time_s,M4__valid_over_N,M4__status,M4__terminal_status,M4__fidelity_ood,M4__seed_policy,M4__initial_placement_s,M4__problem_preparation_s,M4__native_search_s,M4__search_kernel_s,M4__return_match_s,M4__forecast_s,M4__result_commit_s,M4__routing_s
small,adder_n10,small/adder_n10/adder_n10_transpiled.qasm,da7853e491abae32990c770843dabb85a9f0c5aa,9902ec12307aa32f3609989bba8a2e8ae390839dd447f38d60ea9e7945bb449d,preferred_transpiled,qasmbench_standard_expand_v1,success,,55195eb1c6f2fc9c345d4d3433db33a0bcbb7ca44e9fef39a961a92ecf754739,10,231,65,False,"invalid_or_missing:M1,M2,M3,M4",False,,,,,,,0/1,incomplete,missing,False,seed0,,,,,,,0/1,incomplete,missing,False,seed0,,,,,,,0/1,incomplete,missing,False,interim_seed0,,,,,,,,,,,,,,,0/1,incomplete,missing,False,interim_seed0,,,,,,,,
small,adder_n4,small/adder_n4/adder_n4_transpiled.qasm,5b125e65610afff176fb8d7a0afe8d1c80a345bf,80f5f2971066a785dc09549b3575d1e6185ef02c834aa4aba53720a0275c6e5d,preferred_transpiled,qasmbench_standard_expand_v1,success,,578e0cdffa591ccc1b8d161ac27b5e0c3c27069a7382e6a1f2efa5175e8ecf35,4,37,10,False,"invalid_or_missing:M1,M2,M3,M4",False,,,,,,,0/1,incomplete,missing,False,seed0,,,,,,,0/1,incomplete,missing,False,seed0,,,,,,,0/1,incomplete,missing,False,interim_seed0,,,,,,,,,,,,,,,0/1,incomplete,missing,False,interim_seed0,,,,,,,,
small,basis_change_n3,small/basis_change_n3/basis_change_n3_transpiled.qasm,d14f1e052e6cbc88b949c87da043679f13b1868e,9ab3abbaafba655004a03a8fb4f27d3fd86fe4f3b732c6d0943de018c92c1456,preferred_transpiled,qasmbench_standard_expand_v1,success,,4b6dd25aa3ac94704d1e8725431df5bfb8a328957fab2b6a319e963e6b53a765,3,95,10,False,"invalid_or_missing:M1,M2,M3,M4",False,,,,,,,0/1,incomplete,missing,False,seed0,,,,,,,0/1,incomplete,missing,False,seed0,,,,,,,0/1,incomplete,missing,False,interim_seed0,,,,,,,,,,,,,,,0/1,incomplete,missing,False,interim_seed0,,,,,,,,
small,basis_trotter_n4,small/basis_trotter_n4/basis_trotter_n4_transpiled.qasm,d741d20fd5581d76b52ab91a94fccc0e3304b39b,69ca1ea778c225749fd8337b072cabfdb4b30bbeb56d0d2dd7f680918e3653e7,preferred_transpiled,qasmbench_standard_expand_v1,success,,3d554228f6cb92f84e014dd1f6a8553f4b11980d081f630b4052e136dc9c5aca,4,2935,582,False,"invalid_or_missing:M1,M2,M3,M4",False,,,,,,,0/1,incomplete,missing,False,seed0,,,,,,,0/1,incomplete,missing,False,seed0,,,,,,,0/1,incomplete,missing,False,interim_seed0,,,,,,,,,,,,,,,0/1,incomplete,missing,False,interim_seed0,,,,,,,,
small,bb84_n8,small/bb84_n8/bb84_n8_transpiled.qasm,df6e4db73296ae8b818e657f40dbde8dc80cf3f7,42c146ddc9528ba96db95a340da9c62b72e3865ebd0f41c31f96ba61ee7b2c72,preferred_transpiled,qasmbench_standard_expand_v1,canonical_error,QASMBenchCanonicalError: mid-circuit measurement before line 24,,,,,False,canonical_error,False,,,,,,,0/1,canonical_error,canonical_error,False,not_applicable,,,,,,,0/1,canonical_error,canonical_error,False,not_applicable,,,,,,,0/1,canonical_error,canonical_error,False,not_applicable,,,,,,,,,,,,,,,0/1,canonical_error,canonical_error,False,not_applicable,,,,,,,,
small,bell_n4,small/bell_n4/bell_n4_transpiled.qasm,8b44d8a473e78b81d4ee7c4243975c79846da6e1,d6800ccde11e0deb01fa95e00f86bbc56e0620c9850e938f94293e414851e826,preferred_transpiled,qasmbench_standard_expand_v1,success,,a577a7d962af0dc6e509341517293916b016ff4b24b3a779a67ef9bcc98cb704,4,60,7,False,"invalid_or_missing:M1,M2,M3,M4",False,,,,,,,0/1,incomplete,missing,False,seed0,,,,,,,0/1,incomplete,missing,False,seed0,,,,,,,0/1,incomplete,missing,False,interim_seed0,,,,,,,,,,,,,,,0/1,incomplete,missing,False,interim_seed0,,,,,,,,
small,cat_state_n4,small/cat_state_n4/cat_state_n4_transpiled.qasm,a798748fc8f91739d8bb584547b05f40c0d8cb2e,0e64026e236ea56cf040fdf5f3a70108c36ae9429e66edcead19621b3a2663a5,preferred_transpiled,qasmbench_standard_expand_v1,success,,5e0e6d130022ab2600282d8d20bd9f030eb97c2508d08a3afe6afb285e630c31,4,9,3,False,"invalid_or_missing:M1,M2,M3,M4",False,,,,,,,0/1,incomplete,missing,False,seed0,,,,,,,0/1,incomplete,missing,False,seed0,,,,,,,0/1,incomplete,missing,False,interim_seed0,,,,,,,,,,,,,,,0/1,incomplete,missing,False,interim_seed0,,,,,,,,
small,deutsch_n2,small/deutsch_n2/deutsch_n2_transpiled.qasm,adc60e86ad25321a2fe9887b867091c04ff063d0,14c55c45de3c75127714b554dd611e96a83241c0568632367978dd6709791858,preferred_transpiled,qasmbench_standard_expand_v1,success,,89a6eebb020d0b42bf2c1d335b7ebc3e8bc151a5cc37455f2fc29249bb79c7d3,2,11,1,False,"invalid_or_missing:M1,M2,M3,M4",False,,,,,,,0/1,incomplete,missing,False,seed0,,,,,,,0/1,incomplete,missing,False,seed0,,,,,,,0/1,incomplete,missing,False,interim_seed0,,,,,,,,,,,,,,,0/1,incomplete,missing,False,interim_seed0,,,,,,,,
small,dnn_n2,small/dnn_n2/dnn_n2_transpiled.qasm,2ef85f8cd097b2b09f0c3e8d187eac90108e98af,a282f22f732b33f3d8c261656befffa752595a0067e94f2be2797cde82a2f096,preferred_transpiled,qasmbench_standard_expand_v1,success,,d2d90ba79dfb2f85a0b6eaec0087f8100b46d883b0e4742fe4d240b95f1210e7,2,348,42,False,"invalid_or_missing:M1,M2,M3,M4",False,,,,,,,0/1,incomplete,missing,False,seed0,,,,,,,0/1,incomplete,missing,False,seed0,,,,,,,0/1,incomplete,missing,False,interim_seed0,,,,,,,,,,,,,,,0/1,incomplete,missing,False,interim_seed0,,,,,,,,
small,dnn_n8,small/dnn_n8/dnn_n8_transpiled.qasm,11044604b4644aa3508b9c3eede7c4601baebb2d,627a32df69611b7240cd7d9e0d8c21e1bdddb73db92e0de4e9d6e5d7eb1e82e6,preferred_transpiled,qasmbench_standard_expand_v1,success,,cf9977e696aa3367a1963330c29cd2c4fa1a001c8a191bcfdc8b3a0b118c7fed,8,1608,192,False,"invalid_or_missing:M1,M2,M3,M4",False,,,,,,,0/1,incomplete,missing,False,seed0,,,,,,,0/1,incomplete,missing,False,seed0,,,,,,,0/1,incomplete,missing,False,interim_seed0,,,,,,,,,,,,,,,0/1,incomplete,missing,False,interim_seed0,,,,,,,,
small,error_correctiond3_n5,small/error_correctiond3_n5/error_correctiond3_n5_transpiled.qasm,610648467d26268b6a404e7a258b57a996734ec2,10ca04e8c340ce46a494d4ab40c4d267e975c8930cf9d2fe989b164944b3c6d0,preferred_transpiled,qasmbench_standard_expand_v1,success,,731eee3940cc26727fe9192a94c71b4aada9edd7b7fe008878bb83920cb150b7,5,286,49,False,"invalid_or_missing:M1,M2,M3,M4",False,,,,,,,0/1,incomplete,missing,False,seed0,,,,,,,0/1,incomplete,missing,False,seed0,,,,,,,0/1,incomplete,missing,False,interim_seed0,,,,,,,,,,,,,,,0/1,incomplete,missing,False,interim_seed0,,,,,,,,
small,fredkin_n3,small/fredkin_n3/fredkin_n3_transpiled.qasm,08d2a165c708832af93694ef6bc8a067025b1b4d,8cfa60c4d4d460472e675540d4f00c248415f2f2f1823523f5d5239d141db408,preferred_transpiled,qasmbench_standard_expand_v1,success,,9d51141a903c8f61565e993f8c78616757862c004581a6e09d4574a54c25ab3f,3,30,8,False,"invalid_or_missing:M1,M2,M3,M4",False,,,,,,,0/1,incomplete,missing,False,seed0,,,,,,,0/1,incomplete,missing,False,seed0,,,,,,,0/1,incomplete,missing,False,interim_seed0,,,,,,,,,,,,,,,0/1,incomplete,missing,False,interim_seed0,,,,,,,,
small,grover_n2,small/grover_n2/grover_n2_transpiled.qasm,c0f508155dba7f3f57c5e6844010982626282a4e,b08a4a6b64c420811b820153b3fa79d854d4ca3af18f94a78f09501507236961,preferred_transpiled,qasmbench_standard_expand_v1,success,,e73f286585c6d3201b37e81a71fb834ce3939776d5186676db835a8839f1953c,2,17,2,False,"invalid_or_missing:M1,M2,M3,M4",False,,,,,,,0/1,incomplete,missing,False,seed0,,,,,,,0/1,incomplete,missing,False,seed0,,,,,,,0/1,incomplete,missing,False,interim_seed0,,,,,,,,,,,,,,,0/1,incomplete,missing,False,interim_seed0,,,,,,,,
small,hhl_n10,small/hhl_n10/hhl_n10_transpiled.qasm,686b991839539ccf4450d93cfeaddcf288f1e732,02dacd7e0789c9650ff1628d2dc6525df701c0d919e684aa3f4837d50d24457b,preferred_transpiled,qasmbench_standard_expand_v1,success,,e78425f3c6e9da5fd17caa2c4d34b12974d5e03e6282148d5deec9dc97b10dd3,10,258585,59345,False,"invalid_or_missing:M1,M2,M3,M4",False,,,,,,,0/1,incomplete,missing,False,seed0,,,,,,,0/1,incomplete,missing,False,seed0,,,,,,,0/1,incomplete,missing,False,interim_seed0,,,,,,,,,,,,,,,0/1,incomplete,missing,False,interim_seed0,,,,,,,,
small,hhl_n7,small/hhl_n7/hhl_n7_transpiled.qasm,336b87309d80edb564716f083b92825e20bcc4aa,438b6f50950ee46577f76294228361b4ad6f93d8acab50cfca9fd63d022b85b5,preferred_transpiled,qasmbench_standard_expand_v1,success,,1abc2d308f1735187e62916bcedfcf335ea30957d7447504d00eec242896c0f2,7,1186,196,False,"invalid_or_missing:M1,M2,M3,M4",False,,,,,,,0/1,incomplete,missing,False,seed0,,,,,,,0/1,incomplete,missing,False,seed0,,,,,,,0/1,incomplete,missing,False,interim_seed0,,,,,,,,,,,,,,,0/1,incomplete,missing,False,interim_seed0,,,,,,,,
small,hs4_n4,small/hs4_n4/hs4_n4_transpiled.qasm,592099e60a37083615911e0eb5668336ab20da6c,41e6e581ca33e9a3e69a629a0e4c34160c07b858875321fa3b3ac4f9462676a1,preferred_transpiled,qasmbench_standard_expand_v1,success,,cdf71c5f40ce2c5bb4f14d382e254cedf3e8134c7edcbebdfb68563795f857a6,4,32,4,False,"invalid_or_missing:M1,M2,M3,M4",False,,,,,,,0/1,incomplete,missing,False,seed0,,,,,,,0/1,incomplete,missing,False,seed0,,,,,,,0/1,incomplete,missing,False,interim_seed0,,,,,,,,,,,,,,,0/1,incomplete,missing,False,interim_seed0,,,,,,,,
small,inverseqft_n4,small/inverseqft_n4/inverseqft_n4_transpiled.qasm,e298fd470e619e93f9024ca39b8006be5f09da34,1c0f35ed2ed9e7ef8445b612466d4a844c5d63a2cc1bd6b48005f48479699222,preferred_transpiled,qasmbench_standard_expand_v1,canonical_error,QASMBenchCanonicalError: conditional operation at line 25,,,,,False,canonical_error,False,,,,,,,0/1,canonical_error,canonical_error,False,not_applicable,,,,,,,0/1,canonical_error,canonical_error,False,not_applicable,,,,,,,0/1,canonical_error,canonical_error,False,not_applicable,,,,,,,,,,,,,,,0/1,canonical_error,canonical_error,False,not_applicable,,,,,,,,
small,ipea_n2,small/ipea_n2/ipea_n2_transpiled.qasm,5b1b03b3de03ea31fb35da654cba45e03a7b395b,7dd1aed81d67038f25ac66bd88326e257f48e9c935cd1f71777b241e95057089,preferred_transpiled,qasmbench_standard_expand_v1,canonical_error,QASMBenchCanonicalError: reset at line 45,,,,,False,canonical_error,False,,,,,,,0/1,canonical_error,canonical_error,False,not_applicable,,,,,,,0/1,canonical_error,canonical_error,False,not_applicable,,,,,,,0/1,canonical_error,canonical_error,False,not_applicable,,,,,,,,,,,,,,,0/1,canonical_error,canonical_error,False,not_applicable,,,,,,,,
small,ising_n10,small/ising_n10/ising_n10_transpiled.qasm,3bea62c0034717a56e7123e46a625827b05dd2c0,198f03efa9d180c67608a16ff1b6ec2776b3560c55415012b2b16f0ed25a3097,preferred_transpiled,qasmbench_standard_expand_v1,success,,3f51a9d564329d40b348615b5a1bbf464ee31715fbdef6ce92dd5a3b45768104,10,505,90,False,"invalid_or_missing:M1,M2,M3,M4",False,,,,,,,0/1,incomplete,missing,False,seed0,,,,,,,0/1,incomplete,missing,False,seed0,,,,,,,0/1,incomplete,missing,False,interim_seed0,,,,,,,,,,,,,,,0/1,incomplete,missing,False,interim_seed0,,,,,,,,
small,iswap_n2,small/iswap_n2/iswap_n2_transpiled.qasm,d4f9c861a3c7cc439c58c7e919fca57e5b83ff1c,58c023c92814a77533214f7af2796d7efffd84498bf65e0ba0757ae07ce3309e,preferred_transpiled,qasmbench_standard_expand_v1,success,,d36cb188edb866a8f755d60e8d4b1b0004965ebd8e4bcc796920ed6e888e8924,2,16,2,False,"invalid_or_missing:M1,M2,M3,M4",False,,,,,,,0/1,incomplete,missing,False,seed0,,,,,,,0/1,incomplete,missing,False,seed0,,,,,,,0/1,incomplete,missing,False,interim_seed0,,,,,,,,,,,,,,,0/1,incomplete,missing,False,interim_seed0,,,,,,,,
small,linearsolver_n3,small/linearsolver_n3/linearsolver_n3_transpiled.qasm,21be8c17ac2a953c59d43c348edf1eedec9f8e99,48e9044b9786935163e660e2bf3de4efe6d20aa8e09ded82c8f44a369b682b19,preferred_transpiled,qasmbench_standard_expand_v1,success,,062b83e5cf9cca4323e6e38a0593f61f3311f7990685caa0b35ee10cb68d7e68,3,30,4,False,"invalid_or_missing:M1,M2,M3,M4",False,,,,,,,0/1,incomplete,missing,False,seed0,,,,,,,0/1,incomplete,missing,False,seed0,,,,,,,0/1,incomplete,missing,False,interim_seed0,,,,,,,,,,,,,,,0/1,incomplete,missing,False,interim_seed0,,,,,,,,
small,lpn_n5,small/lpn_n5/lpn_n5_transpiled.qasm,8e88a12ff35006cc5674115067de8ddf1f2ed6ee,430639ac626f16338e9f43204330bd6cb66ab690387a3c25a6a361626e12a481,preferred_transpiled,qasmbench_standard_expand_v1,success,,44110172109fea6b01a966646cbd3c771abe9773036206bfff14e27385facd6b,5,19,2,False,"invalid_or_missing:M1,M2,M3,M4",False,,,,,,,0/1,incomplete,missing,False,seed0,,,,,,,0/1,incomplete,missing,False,seed0,,,,,,,0/1,incomplete,missing,False,interim_seed0,,,,,,,,,,,,,,,0/1,incomplete,missing,False,interim_seed0,,,,,,,,
small,pea_n5,small/pea_n5/pea_n5_transpiled.qasm,090cb4cc76cba9239ee424e988df3bfa896753e0,d5df4a640152507088d5a4016c52967f45429e944add417d0549071e938d9cf4,preferred_transpiled,qasmbench_standard_expand_v1,success,,0437cf4aa1eefddcc58cac6ee3de2b479b39ba572fb38fd1cf5a86f8cdc65d5c,5,150,42,False,"invalid_or_missing:M1,M2,M3,M4",False,,,,,,,0/1,incomplete,missing,False,seed0,,,,,,,0/1,incomplete,missing,False,seed0,,,,,,,0/1,incomplete,missing,False,interim_seed0,,,,,,,,,,,,,,,0/1,incomplete,missing,False,interim_seed0,,,,,,,,
small,qaoa_n3,small/qaoa_n3/qaoa_n3_transpiled.qasm,e673fb18d97d295f4a2c71c9b1842f010fa33cf0,478c75c52bebbe673e522c7864f711bb97278afe65bd48ca9aa6c004f095e12e,preferred_transpiled,qasmbench_standard_expand_v1,success,,9deeab0eb8513266bd177e4d6b5c928680763e4cf79078813ba1b945592cbfe2,3,38,6,False,"invalid_or_missing:M1,M2,M3,M4",False,,,,,,,0/1,incomplete,missing,False,seed0,,,,,,,0/1,incomplete,missing,False,seed0,,,,,,,0/1,incomplete,missing,False,interim_seed0,,,,,,,,,,,,,,,0/1,incomplete,missing,False,interim_seed0,,,,,,,,
small,qaoa_n6,small/qaoa_n6/qaoa_n6_transpiled.qasm,15cd46e5b33a419e2819a4fb79d0f66e4bf75e4a,e795dba6156e9af523b9949ad07a688c3993924e9f0003e18019b30a350a9e6a,preferred_transpiled,qasmbench_standard_expand_v1,success,,f8081da8c0b803885a5bcabf463f493596475e138bed5bf0a09400756769a3a3,6,432,54,False,"invalid_or_missing:M1,M2,M3,M4",False,,,,,,,0/1,incomplete,missing,False,seed0,,,,,,,0/1,incomplete,missing,False,seed0,,,,,,,0/1,incomplete,missing,False,interim_seed0,,,,,,,,,,,,,,,0/1,incomplete,missing,False,interim_seed0,,,,,,,,
small,qec_en_n5,small/qec_en_n5/qec_en_n5_transpiled.qasm,3e59c57b15f546ba49ca0ba5753666fee3c587f9,c2eeb8414f11607e5932dab2580104f75bcc491c4fd879116c8a70c29e811d9a,preferred_transpiled,qasmbench_standard_expand_v1,success,,639c95522510bd9e81aacd9743dc6b8442895b19161919c055f31a1b01c43784,5,56,10,False,"invalid_or_missing:M1,M2,M3,M4",False,,,,,,,0/1,incomplete,missing,False,seed0,,,,,,,0/1,incomplete,missing,False,seed0,,,,,,,0/1,incomplete,missing,False,interim_seed0,,,,,,,,,,,,,,,0/1,incomplete,missing,False,interim_seed0,,,,,,,,
small,qec_sm_n5,small/qec_sm_n5/qec_sm_n5_transpiled.qasm,1a34d13353c3b000ac5f18389216911ee8ca6d2e,30786cb34bf64ab4bd47c5a3a7f5f25c96c2ebf2e43f506ea15765670f2188e7,preferred_transpiled,qasmbench_standard_expand_v1,canonical_error,QASMBenchCanonicalError: conditional operation at line 15,,,,,False,canonical_error,False,,,,,,,0/1,canonical_error,canonical_error,False,not_applicable,,,,,,,0/1,canonical_error,canonical_error,False,not_applicable,,,,,,,0/1,canonical_error,canonical_error,False,not_applicable,,,,,,,,,,,,,,,0/1,canonical_error,canonical_error,False,not_applicable,,,,,,,,
small,qft_n4,small/qft_n4/qft_n4_transpiled.qasm,236c332c5f541000e6fa15f1491cbdde90b44e21,8a32fe47012dab453525a78daaa0648981a1f6092c5e29244e99f9fe77cecbf6,preferred_transpiled,qasmbench_standard_expand_v1,success,,9218874bc8384fb618ff0d27ab522eb87464d040d7bccbfc3e431943b91d8087,4,56,12,False,"invalid_or_missing:M1,M2,M3,M4",False,,,,,,,0/1,incomplete,missing,False,seed0,,,,,,,0/1,incomplete,missing,False,seed0,,,,,,,0/1,incomplete,missing,False,interim_seed0,,,,,,,,,,,,,,,0/1,incomplete,missing,False,interim_seed0,,,,,,,,
small,qpe_n9,small/qpe_n9/qpe_n9_transpiled.qasm,9dfb7821ee626c1f17c4adc8fad67dbd1aae3ca1,ad9e7c036d7aa45aeb7b56d69ce4a3ec291e9024c174c9fb9e9fd8e41a478bdc,preferred_transpiled,qasmbench_standard_expand_v1,success,,78f9a099ad019e84ff1501661d07dbfed203775adc0bae883786b02402a877f2,9,196,43,False,"invalid_or_missing:M1,M2,M3,M4",False,,,,,,,0/1,incomplete,missing,False,seed0,,,,,,,0/1,incomplete,missing,False,seed0,,,,,,,0/1,incomplete,missing,False,interim_seed0,,,,,,,,,,,,,,,0/1,incomplete,missing,False,interim_seed0,,,,,,,,
small,qrng_n4,small/qrng_n4/qrng_n4_transpiled.qasm,b4717a49bf4a44f05d95ac9adcb24b951e27d9a0,6301e9b06cb230021bcfc2319b4e5b520dae33096b3f097498a011a4d0e35687,preferred_transpiled,qasmbench_standard_expand_v1,success,,d0359cda829a3d0bb86f7caa94ad1112a9f5df683d3e63a99e9eb1325a294ae4,4,12,0,False,"invalid_or_missing:M1,M2,M3,M4",False,,,,,,,0/1,incomplete,missing,False,seed0,,,,,,,0/1,incomplete,missing,False,seed0,,,,,,,0/1,incomplete,missing,False,interim_seed0,,,,,,,,,,,,,,,0/1,incomplete,missing,False,interim_seed0,,,,,,,,
small,quantumwalks_n2,small/quantumwalks_n2/quantumwalks_n2_transpiled.qasm,b8e2e9b6071a95048913152bdd3bddfa6c95f0f8,91457bbe55755cd4b70471842764a9c6758d6c485d8875ac5dcd8d024937601e,preferred_transpiled,qasmbench_standard_expand_v1,success,,ef5eadf6f08622574775b7319045683108b149e56599e81ca7ff4f8c1b22edb0,2,41,3,False,"invalid_or_missing:M1,M2,M3,M4",False,,,,,,,0/1,incomplete,missing,False,seed0,,,,,,,0/1,incomplete,missing,False,seed0,,,,,,,0/1,incomplete,missing,False,interim_seed0,,,,,,,,,,,,,,,0/1,incomplete,missing,False,interim_seed0,,,,,,,,
small,sat_n7,small/sat_n7/sat_n7.qasm,e6bd9fdd0366babd891c6d7daaeb8774efe58bcf,8b1f5b293141114e9f550d05fa04958f88f819e7d7aa7b1ef691c6158b0bd926,preferred_named,qasmbench_standard_expand_v1,success,,ce0b8a7575e0a803720d0fe4da6fd2be0dc5c6cdb7133ec50a2d14e5d774dcb7,7,240,60,False,"invalid_or_missing:M1,M2,M3,M4",False,,,,,,,0/1,incomplete,missing,False,seed0,,,,,,,0/1,incomplete,missing,False,seed0,,,,,,,0/1,incomplete,missing,False,interim_seed0,,,,,,,,,,,,,,,0/1,incomplete,missing,False,interim_seed0,,,,,,,,
small,shor_n5,small/shor_n5/shor_n5_transpiled.qasm,0545df63a1799427d3eccd84b52bb2b1abcd1ac7,f1676a59d441e54edb5b8d74be75950cde7e15c243894f4efef314d8c9a41adb,preferred_transpiled,qasmbench_standard_expand_v1,canonical_error,QASMBenchCanonicalError: reset at line 7,,,,,False,canonical_error,False,,,,,,,0/1,canonical_error,canonical_error,False,not_applicable,,,,,,,0/1,canonical_error,canonical_error,False,not_applicable,,,,,,,0/1,canonical_error,canonical_error,False,not_applicable,,,,,,,,,,,,,,,0/1,canonical_error,canonical_error,False,not_applicable,,,,,,,,
small,simon_n6,small/simon_n6/simon_n6_transpiled.qasm,930708fedbeb1e5c935211a6e82555ea2d9a8175,d5103bb8acd49d96d2574dfc19c9d3e889215bd3a4f6fd7d923716d3e91dd2c4,preferred_transpiled,qasmbench_standard_expand_v1,success,,8a48511249a52eb50c36e0b4c07c2fd0dbce1893e9c6f9d92e4a2425de2ee63a,6,70,14,False,"invalid_or_missing:M1,M2,M3,M4",False,,,,,,,0/1,incomplete,missing,False,seed0,,,,,,,0/1,incomplete,missing,False,seed0,,,,,,,0/1,incomplete,missing,False,interim_seed0,,,,,,,,,,,,,,,0/1,incomplete,missing,False,interim_seed0,,,,,,,,
small,teleportation_n3,small/teleportation_n3/teleportation_n3_transpiled.qasm,5e930a1248ae332650babf6312bc668a8f2d2d92,4c6fcef17dd0a70c8e4d48cc49c859eaefd62d49087714564006e1e4ad4476fe,preferred_transpiled,qasmbench_standard_expand_v1,success,,662f07eadd62ef1978b142086e84399ade61388a953667911bb3cd53e0f8e2bc,3,14,2,False,"invalid_or_missing:M1,M2,M3,M4",False,,,,,,,0/1,incomplete,missing,False,seed0,,,,,,,0/1,incomplete,missing,False,seed0,,,,,,,0/1,incomplete,missing,False,interim_seed0,,,,,,,,,,,,,,,0/1,incomplete,missing,False,interim_seed0,,,,,,,,
small,toffoli_n3,small/toffoli_n3/toffoli_n3_transpiled.qasm,0d5b575b427db91f6b54f1e71788e9d2d1065f48,edfc4410b4010baa5b66012f99e269b73658b332d2018bf6a588f122e9aeb949,preferred_transpiled,qasmbench_standard_expand_v1,success,,7bef5d828b37dfa597870921a771db61ff9236779ad08344d5d7c6c80a741839,3,27,6,False,"invalid_or_missing:M1,M2,M3,M4",False,,,,,,,0/1,incomplete,missing,False,seed0,,,,,,,0/1,incomplete,missing,False,seed0,,,,,,,0/1,incomplete,missing,False,interim_seed0,,,,,,,,,,,,,,,0/1,incomplete,missing,False,interim_seed0,,,,,,,,
small,variational_n4,small/variational_n4/variational_n4_transpiled.qasm,7edbec6224f4d6b16c1ff39293ffbdfbf481f028,b0d59e0a726764fef5f930309526065b76ceee0ddf0952de6436e2e16a766ac2,preferred_transpiled,qasmbench_standard_expand_v1,success,,399db02b8b74cdfdb05d0c1d62d9b8529aecbf9bfdaafa378e38cb64ce6c6ca7,4,74,16,False,"invalid_or_missing:M1,M2,M3,M4",False,,,,,,,0/1,incomplete,missing,False,seed0,,,,,,,0/1,incomplete,missing,False,seed0,,,,,,,0/1,incomplete,missing,False,interim_seed0,,,,,,,,,,,,,,,0/1,incomplete,missing,False,interim_seed0,,,,,,,,
small,vqe_n4,small/vqe_n4/vqe_n4_transpiled.qasm,c8b452c2e2e4b3cceb77e4fa7386fd58e132ef9b,9ec9cebd7bed41b41d48303baf1c59d5cce2583247d4a733482ff635deed78ae,preferred_transpiled,qasmbench_standard_expand_v1,success,,ead78da2f8c2cc2e54ee6a7604efceed829e3e5cf454ce6a65d1867544718244,4,82,9,False,"invalid_or_missing:M1,M2,M3,M4",False,,,,,,,0/1,incomplete,missing,False,seed0,,,,,,,0/1,incomplete,missing,False,seed0,,,,,,,0/1,incomplete,missing,False,interim_seed0,,,,,,,,,,,,,,,0/1,incomplete,missing,False,interim_seed0,,,,,,,,
small,vqe_uccsd_n4,small/vqe_uccsd_n4/vqe_uccsd_n4_transpiled.qasm,c96b87b13db68479b05b23d568afc45115901f53,962350544691de824c1c494382acc2cc047d0e5e7bc2c31679f19fa56b53ba82,preferred_transpiled,qasmbench_standard_expand_v1,success,,b66320bec4ef2a6f00679334eda641b315757da8503eb6766ae8a468f9532497,4,326,88,False,"invalid_or_missing:M1,M2,M3,M4",False,,,,,,,0/1,incomplete,missing,False,seed0,,,,,,,0/1,incomplete,missing,False,seed0,,,,,,,0/1,incomplete,missing,False,interim_seed0,,,,,,,,,,,,,,,0/1,incomplete,missing,False,interim_seed0,,,,,,,,
small,vqe_uccsd_n6,small/vqe_uccsd_n6/vqe_uccsd_n6_transpiled.qasm,b4499d39b2c6b9cab921dd581eaf93ca10615741,5d99c32f3bd4d78ffd897c990ac07f86b6ef38155df83b5b00493832f1cfed81,preferred_transpiled,qasmbench_standard_expand_v1,success,,61ed3909e5d21314d7544425ff8e5ebdfeb515e1fd48b1bed97e5ce3e2579966,6,3158,1034,False,"invalid_or_missing:M1,M2,M3,M4",False,,,,,,,0/1,incomplete,missing,False,seed0,,,,,,,0/1,incomplete,missing,False,seed0,,,,,,,0/1,incomplete,missing,False,interim_seed0,,,,,,,,,,,,,,,0/1,incomplete,missing,False,interim_seed0,,,,,,,,
small,vqe_uccsd_n8,small/vqe_uccsd_n8/vqe_uccsd_n8_transpiled.qasm,24135be08d2b718988f147c7ab13df56483fe08b,acad950382c9356919120ef3e3f39854384cf7779634975402ac04e356c97e7a,preferred_transpiled,qasmbench_standard_expand_v1,success,,0cdbef11582f5cadfcad25062a2d579f60a6eae085ac24eb1a2fc651143af77e,8,14960,5284,False,"invalid_or_missing:M1,M2,M3,M4",False,,,,,,,0/1,incomplete,missing,False,seed0,,,,,,,0/1,incomplete,missing,False,seed0,,,,,,,0/1,incomplete,missing,False,interim_seed0,,,,,,,,,,,,,,,0/1,incomplete,missing,False,interim_seed0,,,,,,,,
small,wstate_n3,small/wstate_n3/wstate_n3_transpiled.qasm,714c908a84ce7bb7aa53c0ca32c12d62f09ac40e,3617fd9083f7b9df115c39ba052f932e0134fcd371f3214f9482104b90f497b7,preferred_transpiled,qasmbench_standard_expand_v1,success,,1f8637965d2fd7e1020f9144f64f2a0f5bb0a62d4b433a62a5c622bbec415a9b,3,44,9,False,"invalid_or_missing:M1,M2,M3,M4",False,,,,,,,0/1,incomplete,missing,False,seed0,,,,,,,0/1,incomplete,missing,False,seed0,,,,,,,0/1,incomplete,missing,False,interim_seed0,,,,,,,,,,,,,,,0/1,incomplete,missing,False,interim_seed0,,,,,,,,
