dataset,circuit,variant,fidelity,transfers,idle_exposures,log_coherence_linear,move_batches,move_time_us,algorithm_time_s,valid,N,fidelity_valid,fidelity_N,valid_over_N,status,ga_applicable_boundaries,ga_applicability_source
qmap154,4gt10-v1_81,paper_h0_ga,0.5024860873265677,262.0,0.0,-0.05802289747544285,124.0,13286.799203416767,5.797808291,3,3,3,3,3/3,success,19,artifact.compiler_stats.ga_applicable_boundaries
qmap154,4gt10-v1_81,paper_h8_ga,0.4918456355303221,192.0,43.0,-0.04182635574412587,88.0,9409.287024188574,7.591942625,3,3,3,3,3/3,success,19,artifact.compiler_stats.ga_applicable_boundaries
qmap154,4gt10-v1_81,paper_h8_greedy_only,0.4931264035260183,190.0,43.0,-0.04122673696880338,87.0,9108.34294320367,9.032242708,1,1,1,1,1/1,success,19,artifact.compiler_stats.ga_applicable_boundaries
qmap154,4gt11_84,paper_h0_ga,0.9129030088744804,34.0,0.0,-0.006594939548868943,15.0,1601.6223905585864,1.931576792,3,3,3,3,3/3,success,3,artifact.compiler_stats.ga_applicable_boundaries
qmap154,4gt11_84,paper_h8_ga,0.9105067545721256,26.0,5.0,-0.004711614973677119,11.0,1146.0869877163889,1.730781542,3,3,3,3,3/3,success,3,artifact.compiler_stats.ga_applicable_boundaries
qmap154,4gt11_84,paper_h8_greedy_only,0.9105067545721256,26.0,5.0,-0.004711614973677119,11.0,1146.0869877163889,1.707684042,1,1,1,1,1/1,success,3,artifact.compiler_stats.ga_applicable_boundaries
qmap154,4gt5_76,paper_h0_ga,0.63263480288836,170.0,0.0,-0.033496417689198005,78.0,7543.139143753454,4.372521292,3,3,3,3,3/3,success,17,artifact.compiler_stats.ga_applicable_boundaries
qmap154,4gt5_76,paper_h8_ga,0.6233918072905074,128.0,25.0,-0.02765727596806158,61.0,6258.492990539773,5.572600083,3,3,3,3,3/3,success,17,artifact.compiler_stats.ga_applicable_boundaries
qmap154,4gt5_76,paper_h8_greedy_only,0.6233918072905074,128.0,25.0,-0.02765727596806158,61.0,6258.492990539773,5.425431708,1,1,1,1,1/1,success,17,artifact.compiler_stats.ga_applicable_boundaries
qmap154,4mod7-v0_94,paper_h0_ga,0.48499011597577024,278.0,0.0,-0.05560389612913723,131.0,12522.814994115011,6.084855792,3,3,3,3,3/3,success,18,artifact.compiler_stats.ga_applicable_boundaries
qmap154,4mod7-v0_94,paper_h8_ga,0.47232861436881496,196.0,49.0,-0.041445093871505134,92.0,9180.29154638319,8.108882417,3,3,3,3,3/3,success,18,artifact.compiler_stats.ga_applicable_boundaries
qmap154,4mod7-v0_94,paper_h8_greedy_only,0.47232861436881496,196.0,49.0,-0.041445093871505134,92.0,9180.29154638319,7.85815925,1,1,1,1,1/1,success,18,artifact.compiler_stats.ga_applicable_boundaries
qmap154,9symml_195,paper_h0_ga,,61060.0,1247.0,,27082.0,2763821.3854714157,52.725380208,3,3,0,3,3/3,success,2126,artifact.compiler_stats.ga_applicable_boundaries
qmap154,9symml_195,paper_h8_ga,,46388.0,12482.0,,20602.0,2103165.450424444,54.686837833,3,3,0,3,3/3,success,2126,artifact.compiler_stats.ga_applicable_boundaries
qmap154,9symml_195,paper_h8_greedy_only,,46408.0,12389.0,,20612.0,2102886.236783042,50.466713084,1,1,0,1,1/1,success,2126,artifact.compiler_stats.ga_applicable_boundaries
qmap154,adr4_197,paper_h0_ga,3.323055812989045e-09,5864.0,221.0,-4.79864923601215,2680.0,347455.18486736424,35.298861708,3,3,3,3,3/3,success,1248,artifact.compiler_stats.ga_applicable_boundaries
qmap154,adr4_197,paper_h8_ga,1.4819200519097689e-08,4364.0,982.0,-2.8416263717706016,1968.0,200086.7610138077,31.335330166,3,3,3,3,3/3,success,1248,artifact.compiler_stats.ga_applicable_boundaries
qmap154,adr4_197,paper_h8_greedy_only,1.4522643972761865e-08,4380.0,983.0,-2.8600752400832175,1961.0,199742.8974942304,21.155904584,1,1,1,1,1/1,success,1248,artifact.compiler_stats.ga_applicable_boundaries
qmap154,alu-bdd_288,paper_h0_ga,0.6595852246369488,156.0,1.0,-0.045183031828378184,70.0,6774.717721112127,4.102570583,3,3,3,3,3/3,success,8,artifact.compiler_stats.ga_applicable_boundaries
qmap154,alu-bdd_288,paper_h8_ga,0.6551092587702366,110.0,26.0,-0.0354369526577715,49.0,5118.132028074075,4.474877333,3,3,3,3,3/3,success,8,artifact.compiler_stats.ga_applicable_boundaries
qmap154,alu-bdd_288,paper_h8_greedy_only,0.6551092587702366,110.0,26.0,-0.0354369526577715,49.0,5118.132028074075,4.396162375,1,1,1,1,1/1,success,8,artifact.compiler_stats.ga_applicable_boundaries
qmap154,clip_206,paper_h0_ga,,58476.0,1543.0,,25704.0,2631157.6296797874,62.567384208,3,3,0,3,3/3,success,2191,artifact.compiler_stats.ga_applicable_boundaries
qmap154,clip_206,paper_h8_ga,,44442.0,12849.0,,19671.0,2027315.6619387725,61.929602459,3,3,0,3,3/3,success,2191,artifact.compiler_stats.ga_applicable_boundaries
qmap154,clip_206,paper_h8_greedy_only,,44632.0,12759.0,,19635.0,2015184.92198831,61.423419042,1,1,0,1,1/1,success,2191,artifact.compiler_stats.ga_applicable_boundaries
qmap154,cm152a_212,paper_h0_ga,0.000978172667345191,2098.0,61.0,-1.691549023316556,956.0,156510.9692465559,31.614835917,3,3,3,3,3/3,success,179,artifact.compiler_stats.ga_applicable_boundaries
qmap154,cm152a_212,paper_h8_ga,0.0018975469652627263,1548.0,346.0,-0.8899566525211521,708.0,73883.4956549559,76.116075,3,3,3,3,3/3,success,179,artifact.compiler_stats.ga_applicable_boundaries
qmap154,cm152a_212,paper_h8_greedy_only,0.0019136477890437445,1552.0,345.0,-0.876870499084204,707.0,72770.65816062108,61.42809,1,1,1,1,1/1,success,179,artifact.compiler_stats.ga_applicable_boundaries
qmap154,con1_216,paper_h0_ga,0.007247562612967146,1638.0,28.0,-0.9266364180603295,728.0,115387.28938980172,24.424174084,3,3,3,3,3/3,success,146,artifact.compiler_stats.ga_applicable_boundaries
qmap154,con1_216,paper_h8_ga,0.009287794992851255,1194.0,272.0,-0.49176568574253,534.0,55447.767684948536,54.402115041,3,3,3,3,3/3,success,146,artifact.compiler_stats.ga_applicable_boundaries
qmap154,con1_216,paper_h8_greedy_only,0.009212472787455787,1208.0,272.0,-0.48590154932532026,536.0,55112.21798123179,53.346768667,1,1,1,1,1/1,success,146,artifact.compiler_stats.ga_applicable_boundaries
qmap154,ground_state_estimation_10,paper_h0_ga,0.9711608306325407,4.0,0.0,-0.006322978465524478,1.0,109.09637512458573,0.967821417,3,3,3,3,3/3,success,0,artifact.compiler_stats.ga_applicable_boundaries
qmap154,ground_state_estimation_10,paper_h8_ga,0.9711608306325407,4.0,0.0,-0.006322978465524478,1.0,109.09637512458573,0.890482792,3,3,3,3,3/3,success,0,artifact.compiler_stats.ga_applicable_boundaries
qmap154,ground_state_estimation_10,paper_h8_greedy_only,0.9711608306325407,4.0,0.0,-0.006322978465524478,1.0,109.09637512458573,0.882865541,1,1,1,1,1/1,success,0,artifact.compiler_stats.ga_applicable_boundaries
qmap154,hwb5_53,paper_h0_ga,0.001647150390380706,2368.0,5.0,-0.6933541406318472,1118.0,126949.22681071822,9.525126458,3,3,3,3,3/3,success,534,artifact.compiler_stats.ga_applicable_boundaries
qmap154,hwb5_53,paper_h8_ga,0.0015205179086786572,1718.0,397.0,-0.45153645000929576,792.0,79995.61093928695,9.597866625,3,3,3,3,3/3,success,534,artifact.compiler_stats.ga_applicable_boundaries
qmap154,hwb5_53,paper_h8_greedy_only,0.001509978891632705,1726.0,397.0,-0.4514043996813363,795.0,80217.66715072357,7.597269166,1,1,1,1,1/1,success,534,artifact.compiler_stats.ga_applicable_boundaries
qmap154,hwb8_113,paper_h0_ga,,121930.0,887.0,,53759.0,5337525.76259311,97.090405084,3,3,0,3,3/3,success,3572,artifact.compiler_stats.ga_applicable_boundaries
qmap154,hwb8_113,paper_h8_ga,,91106.0,21789.0,,40750.0,4157208.613744546,92.89856125,3,3,0,3,3/3,success,3572,artifact.compiler_stats.ga_applicable_boundaries
qmap154,hwb8_113,paper_h8_greedy_only,,91160.0,21483.0,,40729.0,4166978.6635457105,84.692262916,1,1,0,1,1/1,success,3572,artifact.compiler_stats.ga_applicable_boundaries
qmap154,hwb9_119,paper_h0_ga,,368500.0,2926.0,,161888.0,15897261.74906644,272.080459292,3,3,0,3,3/3,success,7461,artifact.compiler_stats.ga_applicable_boundaries
qmap154,hwb9_119,paper_h8_ga,,295572.0,60806.0,,132721.0,13694768.034563798,258.557743125,3,3,0,3,3/3,success,7461,artifact.compiler_stats.ga_applicable_boundaries
qmap154,hwb9_119,paper_h8_greedy_only,,306592.0,60676.0,,135511.0,14277454.902292667,244.999498041,1,1,0,1,1/1,success,7461,artifact.compiler_stats.ga_applicable_boundaries
qmap154,majority_239,paper_h0_ga,0.05415269915152667,1064.0,3.0,-0.35613463399394596,492.0,56750.05730175155,15.126178083,3,3,3,3,3/3,success,88,artifact.compiler_stats.ga_applicable_boundaries
qmap154,majority_239,paper_h8_ga,0.05291785618858417,768.0,175.0,-0.2448113252435472,350.0,37102.80075269707,29.222286667,3,3,3,3,3/3,success,88,artifact.compiler_stats.ga_applicable_boundaries
qmap154,majority_239,paper_h8_greedy_only,0.053021509951956765,770.0,175.0,-0.24085347321460046,354.0,36481.46511027951,28.433758959,1,1,1,1,1/1,success,88,artifact.compiler_stats.ga_applicable_boundaries
qmap154,one-two-three-v0_98,paper_h0_ga,0.5097285351605295,252.0,0.0,-0.059630230293474994,120.0,13890.865193779842,5.597954416,3,3,3,3,3/3,success,18,artifact.compiler_stats.ga_applicable_boundaries
qmap154,one-two-three-v0_98,paper_h8_ga,0.5006764972844197,184.0,43.0,-0.03794777508541536,84.0,8282.482348399653,7.022354833,3,3,3,3,3/3,success,18,artifact.compiler_stats.ga_applicable_boundaries
qmap154,one-two-three-v0_98,paper_h8_greedy_only,0.5006764972844197,184.0,43.0,-0.03794777508541536,84.0,8282.482348399653,6.752475291,1,1,1,1,1/1,success,18,artifact.compiler_stats.ga_applicable_boundaries
qmap154,plus63mod8192_164,paper_h0_ga,,329460.0,5980.0,,147567.0,14562012.30026031,274.309720667,3,3,0,3,3/3,success,6848,artifact.compiler_stats.ga_applicable_boundaries
qmap154,plus63mod8192_164,paper_h8_ga,,261714.0,55406.0,,119945.0,12139964.43917138,262.660148,3,3,0,3,3/3,success,6848,artifact.compiler_stats.ga_applicable_boundaries
qmap154,plus63mod8192_164,paper_h8_greedy_only,,262318.0,55178.0,,120072.0,12165426.918931406,250.922751,1,1,0,1,1/1,success,6848,artifact.compiler_stats.ga_applicable_boundaries
qmap154,qe_qft_4,paper_h0_ga,0.8248184337389427,44.0,0.0,-0.010654546540749477,18.0,2084.536407872834,2.599694125,3,3,3,3,3/3,success,11,artifact.compiler_stats.ga_applicable_boundaries
qmap154,qe_qft_4,paper_h8_ga,0.8250988952714766,44.0,0.0,-0.010314576130955096,20.0,2072.564370403532,2.814030667,3,3,3,3,3/3,success,11,artifact.compiler_stats.ga_applicable_boundaries
qmap154,qe_qft_4,paper_h8_greedy_only,0.8250988952714766,44.0,0.0,-0.010314576130955096,20.0,2072.564370403532,2.745537583,1,1,1,1,1/1,success,11,artifact.compiler_stats.ga_applicable_boundaries
qmap154,rd32_270,paper_h0_ga,0.6918399656102026,138.0,0.0,-0.029176956375822266,68.0,6420.100688570332,3.669838,3,3,3,3,3/3,success,9,artifact.compiler_stats.ga_applicable_boundaries
qmap154,rd32_270,paper_h8_ga,0.6829152356103855,96.0,25.0,-0.02160363435514187,47.0,4722.044714349889,3.956798292,3,3,3,3,3/3,success,9,artifact.compiler_stats.ga_applicable_boundaries
qmap154,rd32_270,paper_h8_greedy_only,0.6829152356103855,96.0,25.0,-0.02160363435514187,47.0,4722.044714349889,3.886008417,1,1,1,1,1/1,success,9,artifact.compiler_stats.ga_applicable_boundaries
qmap154,rd53_130,paper_h0_ga,0.005782436544654155,1800.0,1.0,-0.8527699974550358,816.0,140871.33802003696,24.687963875,3,3,3,3,3/3,success,152,artifact.compiler_stats.ga_applicable_boundaries
qmap154,rd53_130,paper_h8_ga,0.007093632237355454,1308.0,294.0,-0.4060119372390183,588.0,59568.207947864714,53.854810708,3,3,3,3,3/3,success,152,artifact.compiler_stats.ga_applicable_boundaries
qmap154,rd53_130,paper_h8_greedy_only,0.007093451479980797,1302.0,294.0,-0.4132551193680803,590.0,60779.01350269991,52.0819565,1,1,1,1,1/1,success,152,artifact.compiler_stats.ga_applicable_boundaries
qmap154,rd53_251,paper_h0_ga,0.0012748567788943791,2230.0,11.0,-1.2647505027565342,1014.0,178255.34135432736,29.677754417,3,3,3,3,3/3,success,190,artifact.compiler_stats.ga_applicable_boundaries
qmap154,rd53_251,paper_h8_ga,0.0018880166365187693,1588.0,377.0,-0.5982330197078171,732.0,76301.71304054887,59.271098334,3,3,3,3,3/3,success,190,artifact.compiler_stats.ga_applicable_boundaries
qmap154,rd53_251,paper_h8_greedy_only,0.0018713451704685728,1598.0,377.0,-0.5970973810116644,735.0,76426.35164077078,56.616347417,1,1,1,1,1/1,success,190,artifact.compiler_stats.ga_applicable_boundaries
qmap154,rd73_252,paper_h0_ga,3.2421130835853537e-13,9126.0,248.0,-6.08974931346176,4198.0,515183.9641798694,45.856238875,3,3,3,3,3/3,success,1962,artifact.compiler_stats.ga_applicable_boundaries
qmap154,rd73_252,paper_h8_ga,1.8377351819540632e-12,6748.0,1520.0,-3.5513645047595763,3042.0,307275.6180801461,45.774232334,3,3,3,3,3/3,success,1962,artifact.compiler_stats.ga_applicable_boundaries
qmap154,rd73_252,paper_h8_greedy_only,1.6936617618870906e-12,6784.0,1521.0,-3.59219440555587,3053.0,311016.8723481247,34.014013458,1,1,1,1,1/1,success,1962,artifact.compiler_stats.ga_applicable_boundaries
qmap154,root_255,paper_h0_ga,,29666.0,682.0,,12810.0,1308990.8321100737,32.992674458,3,3,0,3,3/3,success,873,artifact.compiler_stats.ga_applicable_boundaries
qmap154,root_255,paper_h8_ga,,22610.0,4987.0,,9873.0,1017866.0674881164,33.053261834,3,3,0,3,3/3,success,873,artifact.compiler_stats.ga_applicable_boundaries
qmap154,root_255,paper_h8_greedy_only,,22700.0,4994.0,,9964.0,1030134.7698757619,29.748799666,1,1,0,1,1/1,success,873,artifact.compiler_stats.ga_applicable_boundaries
qmap154,sf_276,paper_h0_ga,0.02512248973579409,1318.0,0.0,-0.4892923534496234,610.0,94433.4164550156,16.553694167,3,3,3,3,3/3,success,102,artifact.compiler_stats.ga_applicable_boundaries
qmap154,sf_276,paper_h8_ga,0.02634154083539311,936.0,228.0,-0.2569412585226253,440.0,46118.438520084936,34.608775125,3,3,3,3,3/3,success,102,artifact.compiler_stats.ga_applicable_boundaries
qmap154,sf_276,paper_h8_greedy_only,0.0264019176823355,932.0,228.0,-0.2587963579995845,438.0,46469.05204671195,34.450716334,1,1,1,1,1/1,success,102,artifact.compiler_stats.ga_applicable_boundaries
qmap154,sqrt8_260,paper_h0_ga,5.89657626908289e-08,5188.0,156.0,-3.7181779120556993,2393.0,301262.3528963929,29.088614917,3,3,3,3,3/3,success,1120,artifact.compiler_stats.ga_applicable_boundaries
qmap154,sqrt8_260,paper_h8_ga,1.698027608819522e-07,3852.0,853.0,-2.2753705548665564,1738.0,176545.93349037095,28.264102459,3,3,3,3,3/3,success,1120,artifact.compiler_stats.ga_applicable_boundaries
qmap154,sqrt8_260,paper_h8_greedy_only,1.6104277059970193e-07,3890.0,852.0,-2.297492694737508,1751.0,179001.82979770214,19.525343292,1,1,1,1,1/1,success,1120,artifact.compiler_stats.ga_applicable_boundaries
qmap154,squar5_261,paper_h0_ga,1.7361898675157462e-05,3348.0,98.0,-2.5191759795928235,1559.0,197327.6676134381,18.660568083,3,3,3,3,3/3,success,719,artifact.compiler_stats.ga_applicable_boundaries
qmap154,squar5_261,paper_h8_ga,3.3708128802624e-05,2456.0,578.0,-1.5446578266937259,1109.0,112654.49537272406,18.656748,3,3,3,3,3/3,success,719,artifact.compiler_stats.ga_applicable_boundaries
qmap154,squar5_261,paper_h8_greedy_only,3.258040445659839e-05,2480.0,576.0,-1.5676840834675834,1121.0,116416.37818968107,13.884262125,1,1,1,1,1/1,success,719,artifact.compiler_stats.ga_applicable_boundaries
qmap154,sym9_193,paper_h0_ga,,61060.0,1247.0,,27082.0,2763821.3854714157,53.657590958,3,3,0,3,3/3,success,2126,artifact.compiler_stats.ga_applicable_boundaries
qmap154,sym9_193,paper_h8_ga,,46388.0,12482.0,,20602.0,2103165.450424444,55.305976708,3,3,0,3,3/3,success,2126,artifact.compiler_stats.ga_applicable_boundaries
qmap154,sym9_193,paper_h8_greedy_only,,46408.0,12389.0,,20612.0,2102886.236783042,49.9217765,1,1,0,1,1/1,success,2126,artifact.compiler_stats.ga_applicable_boundaries
qmap154,urf3_155,paper_h0_ga,,717062.0,4027.0,,326166.0,31542471.249155536,547.331299375,3,3,0,3,3/3,success,8321,artifact.compiler_stats.ga_applicable_boundaries
qmap154,urf3_155,paper_h8_ga,,534080.0,132836.0,,247201.0,25041010.818370327,463.490769459,3,3,0,3,3/3,success,8321,artifact.compiler_stats.ga_applicable_boundaries
qmap154,urf3_155,paper_h8_greedy_only,,541384.0,133071.0,,249369.0,25905212.575157564,437.89675275,1,1,0,1,1/1,success,8321,artifact.compiler_stats.ga_applicable_boundaries
qmap154,urf4_187,paper_h0_ga,,,,,,,,0,3,0,3,0/3,timeout,,unavailable
qmap154,urf4_187,paper_h8_ga,,,,,,,,0,3,0,3,0/3,timeout,,unavailable
qmap154,urf4_187,paper_h8_greedy_only,,,,,,,,0,1,0,1,0/1,timeout,,unavailable
qmap154,z4_268,paper_h0_ga,5.2856691428323484e-08,5288.0,167.0,-3.560366992579521,2440.0,314226.0441959996,31.383247291,3,3,3,3,3/3,success,1111,artifact.compiler_stats.ga_applicable_boundaries
qmap154,z4_268,paper_h8_ga,1.438499396886584e-07,3948.0,878.0,-2.1151117217956257,1752.0,178219.3351480037,28.635392417,3,3,3,3,3/3,success,1111,artifact.compiler_stats.ga_applicable_boundaries
qmap154,z4_268,paper_h8_greedy_only,1.4046891832794215e-07,3962.0,876.0,-2.1413992803102633,1753.0,181105.33330460533,19.451144042,1,1,1,1,1/1,success,1111,artifact.compiler_stats.ga_applicable_boundaries
zac18,bv_n14_transpiled,paper_h0_ga,0.8492499463115744,52.0,0.0,-0.037511368846603374,25.0,2665.112822177856,1.894988334,3,3,3,3,3/3,success,12,artifact.compiler_stats.ga_applicable_boundaries
zac18,bv_n14_transpiled,paper_h8_ga,0.8492499463115744,52.0,0.0,-0.037511368846603374,25.0,2665.112822177856,2.493078791,3,3,3,3,3/3,success,12,artifact.compiler_stats.ga_applicable_boundaries
zac18,bv_n14_transpiled,paper_h8_greedy_only,0.8492499463115744,52.0,0.0,-0.037511368846603374,25.0,2665.112822177856,2.449880333,1,1,1,1,1/1,success,12,artifact.compiler_stats.ga_applicable_boundaries
zac18,bv_n19_transpiled,paper_h0_ga,0.7825096673937727,72.0,0.0,-0.07128546995442145,35.0,3747.0370947516567,2.528700333,3,3,3,3,3/3,success,17,artifact.compiler_stats.ga_applicable_boundaries
zac18,bv_n19_transpiled,paper_h8_ga,0.7825096673937727,72.0,0.0,-0.07128546995442145,35.0,3747.0370947516567,3.192923083,3,3,3,3,3/3,success,17,artifact.compiler_stats.ga_applicable_boundaries
zac18,bv_n19_transpiled,paper_h8_greedy_only,0.7825096673937727,72.0,0.0,-0.07128546995442145,35.0,3747.0370947516567,3.128022667,1,1,1,1,1/1,success,17,artifact.compiler_stats.ga_applicable_boundaries
zac18,bv_n30_transpiled,paper_h0_ga,0.7483576077531813,72.0,0.0,-0.11591079782957751,35.0,3853.9080872106674,2.272727208,3,3,3,3,3/3,success,17,artifact.compiler_stats.ga_applicable_boundaries
zac18,bv_n30_transpiled,paper_h8_ga,0.7483576077531813,72.0,0.0,-0.11591079782957751,35.0,3853.9080872106674,3.492307542,3,3,3,3,3/3,success,17,artifact.compiler_stats.ga_applicable_boundaries
zac18,bv_n30_transpiled,paper_h8_greedy_only,0.7483576077531813,72.0,0.0,-0.11591079782957751,35.0,3853.9080872106674,3.462786917,1,1,1,1,1/1,success,17,artifact.compiler_stats.ga_applicable_boundaries
zac18,bv_n70_transpiled,paper_h0_ga,0.35160634954285575,176.0,17.0,-0.6236469005971089,84.0,10424.582432567733,6.96119075,3,3,3,3,3/3,success,35,artifact.compiler_stats.ga_applicable_boundaries
zac18,bv_n70_transpiled,paper_h8_ga,0.3775367331081053,154.0,6.0,-0.6020366947770479,75.0,9333.590220801212,12.977138959,3,3,3,3,3/3,success,35,artifact.compiler_stats.ga_applicable_boundaries
zac18,bv_n70_transpiled,paper_h8_greedy_only,0.3775367331081053,154.0,6.0,-0.6020366947770479,75.0,9333.590220801212,12.61276375,1,1,1,1,1/1,success,35,artifact.compiler_stats.ga_applicable_boundaries
zac18,cat_n22_transpiled,paper_h0_ga,0.754284567972137,84.0,0.0,-0.07977822936967463,41.0,4385.610496188305,3.210216042,3,3,3,3,3/3,success,20,artifact.compiler_stats.ga_applicable_boundaries
zac18,cat_n22_transpiled,paper_h8_ga,0.754284567972137,84.0,0.0,-0.07977822936967463,41.0,4385.610496188305,3.950037417,3,3,3,3,3/3,success,20,artifact.compiler_stats.ga_applicable_boundaries
zac18,cat_n22_transpiled,paper_h8_greedy_only,0.752595715467862,84.0,1.0,-0.07951662189222877,41.0,4367.838081477472,3.860088458,1,1,1,1,1/1,success,20,artifact.compiler_stats.ga_applicable_boundaries
zac18,cat_n35_transpiled,paper_h0_ga,0.5718173093308323,136.0,0.0,-0.2317381549107165,67.0,8176.08791803975,3.742109625,3,3,3,3,3/3,success,33,artifact.compiler_stats.ga_applicable_boundaries
zac18,cat_n35_transpiled,paper_h8_ga,0.5718173093308323,136.0,0.0,-0.2317381549107165,67.0,8176.08791803975,6.494490833,3,3,3,3,3/3,success,33,artifact.compiler_stats.ga_applicable_boundaries
zac18,cat_n35_transpiled,paper_h8_greedy_only,0.5718173093308323,136.0,0.0,-0.2317381549107165,67.0,8176.08791803975,6.350258917,1,1,1,1,1/1,success,33,artifact.compiler_stats.ga_applicable_boundaries
zac18,ghz_n23,paper_h0_ga,0.7408906851696411,88.0,0.0,-0.08808021307807926,43.0,4637.275591391364,2.740235459,3,3,3,3,3/3,success,21,artifact.compiler_stats.ga_applicable_boundaries
zac18,ghz_n23,paper_h8_ga,0.7408906851696411,88.0,0.0,-0.08808021307807926,43.0,4637.275591391364,4.095338292,3,3,3,3,3/3,success,21,artifact.compiler_stats.ga_applicable_boundaries
zac18,ghz_n23,paper_h8_greedy_only,0.7408906851696411,88.0,0.0,-0.08808021307807926,43.0,4637.275591391364,4.075422834,1,1,1,1,1/1,success,21,artifact.compiler_stats.ga_applicable_boundaries
zac18,ghz_n40_transpiled,paper_h0_ga,0.500335874018714,158.0,1.0,-0.3127007882905383,78.0,9645.535511822569,4.176984458,3,3,3,3,3/3,success,38,artifact.compiler_stats.ga_applicable_boundaries
zac18,ghz_n40_transpiled,paper_h8_ga,0.4979103284087543,156.0,1.0,-0.3195614125205528,77.0,9951.673640154344,7.762234042,3,3,3,3,3/3,success,38,artifact.compiler_stats.ga_applicable_boundaries
zac18,ghz_n40_transpiled,paper_h8_greedy_only,0.4979103284087543,156.0,1.0,-0.3195614125205528,77.0,9951.673640154344,7.6372435,1,1,1,1,1/1,success,38,artifact.compiler_stats.ga_applicable_boundaries
zac18,ghz_n78_transpiled,paper_h0_ga,0.11033082510867089,320.0,6.0,-1.4366203408219655,159.0,23197.028775150404,9.769193042,3,3,3,3,3/3,success,76,artifact.compiler_stats.ga_applicable_boundaries
zac18,ghz_n78_transpiled,paper_h8_ga,0.14584129698424558,316.0,0.0,-1.1766054532309487,153.0,18382.315326242075,25.157306166,3,3,3,3,3/3,success,76,artifact.compiler_stats.ga_applicable_boundaries
zac18,ghz_n78_transpiled,paper_h8_greedy_only,0.14584129698424558,316.0,0.0,-1.1766054532309487,153.0,18382.315326242075,24.885488625,1,1,1,1,1/1,success,76,artifact.compiler_stats.ga_applicable_boundaries
zac18,ising_n42,paper_h0_ga,0.4167112109104556,140.0,0.0,-0.28105687935425233,26.0,2909.3396442350077,20.38784475,3,3,3,3,3/3,success,3,artifact.compiler_stats.ga_applicable_boundaries
zac18,ising_n42,paper_h8_ga,0.4167112109104556,140.0,0.0,-0.28105687935425233,26.0,2909.3396442350077,23.302611042,3,3,3,3,3/3,success,3,artifact.compiler_stats.ga_applicable_boundaries
zac18,ising_n42,paper_h8_greedy_only,0.4167112109104556,140.0,0.0,-0.28105687935425233,26.0,2909.3396442350077,27.704909916,1,1,1,1,1/1,success,3,artifact.compiler_stats.ga_applicable_boundaries
zac18,ising_n98_transpiled,paper_h0_ga,0.05345569197311336,306.0,1.0,-1.5457975065123364,60.0,6351.47901006704,80.535569458,3,3,3,3,3/3,success,3,artifact.compiler_stats.ga_applicable_boundaries
zac18,ising_n98_transpiled,paper_h8_ga,0.055293983060508846,304.0,2.0,-1.5114844031154393,55.0,5819.870945784367,76.777807583,3,3,3,3,3/3,success,3,artifact.compiler_stats.ga_applicable_boundaries
zac18,ising_n98_transpiled,paper_h8_greedy_only,0.055293983060508846,304.0,2.0,-1.5114844031154393,55.0,5819.870945784367,65.187087208,1,1,1,1,1/1,success,3,artifact.compiler_stats.ga_applicable_boundaries
zac18,knn_n31_transpiled,paper_h0_ga,0.18423021883261106,452.0,39.0,-0.5717981526908706,158.0,22253.748530304496,14.635193333,3,3,3,3,3/3,success,44,artifact.compiler_stats.ga_applicable_boundaries
zac18,knn_n31_transpiled,paper_h8_ga,0.2124302490126658,368.0,74.0,-0.4266180071309333,132.0,15129.890892017966,24.774184416,3,3,3,3,3/3,success,44,artifact.compiler_stats.ga_applicable_boundaries
zac18,knn_n31_transpiled,paper_h8_greedy_only,0.21145360361591542,366.0,73.0,-0.432914311952125,131.0,15492.260185240957,19.510663292,1,1,1,1,1/1,success,44,artifact.compiler_stats.ga_applicable_boundaries
zac18,multiply_n13_transpiled,paper_h0_ga,0.6458428459779085,136.0,7.0,-0.06720506196203559,56.0,7057.98319456784,4.841927459,3,3,3,3,3/3,success,14,artifact.compiler_stats.ga_applicable_boundaries
zac18,multiply_n13_transpiled,paper_h8_ga,0.6490486270265224,110.0,19.0,-0.058229069746620524,45.0,5222.977336197841,11.334458375,3,3,3,3,3/3,success,14,artifact.compiler_stats.ga_applicable_boundaries
zac18,multiply_n13_transpiled,paper_h8_greedy_only,0.6455796801902884,112.0,19.0,-0.061587066899767395,47.0,5826.333009937561,11.679336333,1,1,1,1,1/1,success,14,artifact.compiler_stats.ga_applicable_boundaries
zac18,qft_n18_transpiled,paper_h0_ga,0.09007962422400662,416.0,9.0,-0.334769464307069,124.0,19817.359510321057,22.548449292,3,3,3,3,3/3,success,61,artifact.compiler_stats.ga_applicable_boundaries
zac18,qft_n18_transpiled,paper_h8_ga,0.08938694922566473,402.0,7.0,-0.3630009036243715,143.0,20623.61469965825,97.451285125,3,3,3,3,3/3,success,61,artifact.compiler_stats.ga_applicable_boundaries
zac18,qft_n18_transpiled,paper_h8_greedy_only,0.08848761968857485,398.0,8.0,-0.37561607184603146,166.0,22901.09973693284,89.311800542,1,1,1,1,1/1,success,61,artifact.compiler_stats.ga_applicable_boundaries
zac18,qft_n29_transpiled,paper_h0_ga,0.0031752651544095767,872.0,17.0,-1.2181152816064325,247.0,41750.52398616779,57.600772167,3,3,3,3,3/3,success,105,artifact.compiler_stats.ga_applicable_boundaries
zac18,qft_n29_transpiled,paper_h8_ga,0.0036573958268649965,844.0,18.0,-1.096262929338271,219.0,35607.41179912787,187.392873458,3,3,3,3,3/3,success,105,artifact.compiler_stats.ga_applicable_boundaries
zac18,qft_n29_transpiled,paper_h8_greedy_only,0.0031763693147799305,848.0,21.0,-1.229766090514576,299.0,42683.52940042247,177.551759875,1,1,1,1,1/1,success,105,artifact.compiler_stats.ga_applicable_boundaries
zac18,seca_n11_transpiled,paper_h0_ga,0.42036252184758693,292.0,7.0,-0.13197110263832232,119.0,14819.866674762041,12.213762417,3,3,3,3,3/3,success,26,artifact.compiler_stats.ga_applicable_boundaries
zac18,seca_n11_transpiled,paper_h8_ga,0.4220991664837909,206.0,57.0,-0.08122543790487806,71.0,8128.616290234231,37.41882625,3,3,3,3,3/3,success,26,artifact.compiler_stats.ga_applicable_boundaries
zac18,seca_n11_transpiled,paper_h8_greedy_only,0.42444550635439365,216.0,49.0,-0.08570212826818509,77.0,8602.41458799012,33.134427375,1,1,1,1,1/1,success,26,artifact.compiler_stats.ga_applicable_boundaries
zac18,swap_test_n25_transpiled,paper_h0_ga,0.2842339646256087,358.0,30.0,-0.37703805149943037,123.0,18278.962061844475,14.185833417,3,3,3,3,3/3,success,31,artifact.compiler_stats.ga_applicable_boundaries
zac18,swap_test_n25_transpiled,paper_h8_ga,0.31509021375457047,282.0,58.0,-0.26991463729007037,107.0,11727.545413869935,13.919699125,3,3,3,3,3/3,success,31,artifact.compiler_stats.ga_applicable_boundaries
zac18,swap_test_n25_transpiled,paper_h8_greedy_only,0.3158541486593569,282.0,57.0,-0.26999620604064306,107.0,11728.714703030435,12.68569775,1,1,1,1,1/1,success,31,artifact.compiler_stats.ga_applicable_boundaries
zac18,wstate_n27_transpiled,paper_h0_ga,0.4831013532003409,176.0,10.0,-0.23347176747147233,69.0,8735.122077686561,4.645058292,3,3,3,3,3/3,success,26,artifact.compiler_stats.ga_applicable_boundaries
zac18,wstate_n27_transpiled,paper_h8_ga,0.4976139580186141,158.0,3.0,-0.2401853431400198,66.0,8262.121160973533,9.261884375,3,3,3,3,3/3,success,26,artifact.compiler_stats.ga_applicable_boundaries
zac18,wstate_n27_transpiled,paper_h8_greedy_only,0.49848212794932895,164.0,4.0,-0.22993606552955545,61.0,7857.345799549523,9.485467458,1,1,1,1,1/1,success,26,artifact.compiler_stats.ga_applicable_boundaries
