dataset,circuit,canonical_sha256,independent_analysis_unit,canonical_cluster_file_N,strict_paired,baseline_method,count_delta_semantics,log_component_delta_semantics,Bstar_transfers,M4_transfers,M4_minus_Bstar_transfers,Bstar_idle_exposures,M4_idle_exposures,M4_minus_Bstar_idle_exposures,Bstar_move_batches,M4_move_batches,M4_minus_Bstar_move_batches,Bstar_move_time_us,M4_move_time_us,M4_minus_Bstar_move_time_us,Bstar_log_atom_transfer,M4_log_atom_transfer,M4_minus_Bstar_log_atom_transfer,Bstar_log_idle_excitation,M4_log_idle_excitation,M4_minus_Bstar_log_idle_excitation,Bstar_log_coherence_linear,M4_log_coherence_linear,M4_minus_Bstar_log_coherence_linear
zac18,bv_n14_transpiled,a9f1ef0f566a3cc1a347e8cb7bf74983b239326618f114a908e46c6e37c67752,circuit_file,1,True,M1,M4 minus strongest-fidelity baseline; negative favorable,M4 minus strongest-fidelity baseline; positive favorable,56.0,52.0,-4.0,0.0,0.0,0.0,26.0,25.0,-1.0,2768.637261521812,2665.112822177856,-103.52443934395615,-0.05602801868067792,-0.05202601734634379,0.004002001334334135,-0.0,-0.0,0.0,-0.03844011310282679,-0.037511368846603374,0.0009287442562234127
zac18,bv_n19_transpiled,ff087c43a47c1c89a5515728dba98c1a8254212cb63163c9c21d361c76c1a6ad,circuit_file,1,True,M2,M4 minus strongest-fidelity baseline; negative favorable,M4 minus strongest-fidelity baseline; positive favorable,76.0,72.0,-4.0,0.0,0.0,0.0,36.0,35.0,-1.0,3812.3435303917854,3747.0370947516567,-65.30643564012871,-0.07603802535234862,-0.07203602401801447,0.004002001334334149,-0.0,-0.0,0.0,-0.07207566064810482,-0.07128546995442145,0.0007901906936833708
zac18,bv_n30_transpiled,58a8fb4a501fe149a264a128891f77ec760f078cd053bfd81168637de4c8f191,circuit_file,1,True,M1,M4 minus strongest-fidelity baseline; negative favorable,M4 minus strongest-fidelity baseline; positive favorable,76.0,72.0,-4.0,0.0,0.0,0.0,37.0,35.0,-2.0,4065.852772306838,3853.9080872106674,-211.94468509617036,-0.07603802535234862,-0.07203602401801447,0.004002001334334149,-0.0,-0.0,0.0,-0.12012624428106154,-0.11591079782957751,0.004215446451484028
zac18,bv_n70_transpiled,b0b7114a0df2cf06b93931990669c2490dfc66245eaaed7ea956f3a4fb02967a,circuit_file,1,True,M2,M4 minus strongest-fidelity baseline; negative favorable,M4 minus strongest-fidelity baseline; positive favorable,168.0,154.0,-14.0,0.0,6.0,6.0,76.0,75.0,-1.0,8452.663978587909,9333.590220801212,880.9262422133033,-0.16808405604203377,-0.15407705137186428,0.014007004670169493,-0.0,-0.01501878130871086,-0.01501878130871086,-0.5751214678052031,-0.6020366947770479,-0.026915226971844786
zac18,cat_n22_transpiled,db18092cb4f75992883d38c951468535ffe87a4953127995ec4c404b63a4671a,circuit_file,1,True,M1,M4 minus strongest-fidelity baseline; negative favorable,M4 minus strongest-fidelity baseline; positive favorable,88.0,84.0,-4.0,0.0,0.0,0.0,43.0,41.0,-2.0,4597.827401074167,4385.610496188305,-212.21690488586228,-0.08804402935535102,-0.08404202802101689,0.004002001334334135,-0.0,-0.0,0.0,-0.08286212183725532,-0.07977822936967463,0.0030838924675806872
zac18,cat_n35_transpiled,7a6c0868d5e5299bb9152d872b95e55e6b2103d870f99ac53dcbcd1ab6718f7b,circuit_file,1,True,M1,M4 minus strongest-fidelity baseline; negative favorable,M4 minus strongest-fidelity baseline; positive favorable,140.0,136.0,-4.0,0.0,0.0,0.0,69.0,67.0,-2.0,8173.5688708148555,8176.08791803975,2.519047224894166,-0.14007004670169482,-0.13606804536736067,0.004002001334334149,-0.0,-0.0,0.0,-0.23163872075059816,-0.2317381549107165,-9.94341601183446e-05
zac18,ghz_n23,0c57c9a79d2a187a90c2266ec22ad092f7f0ef573557f51b42f136c4db7f5afd,circuit_file,1,True,M1,M4 minus strongest-fidelity baseline; negative favorable,M4 minus strongest-fidelity baseline; positive favorable,92.0,88.0,-4.0,0.0,0.0,0.0,44.0,43.0,-1.0,4736.660876789556,4637.275591391364,-99.38528539819163,-0.09204603068968516,-0.08804402935535102,0.004002001334334135,-0.0,-0.0,0.0,-0.08956986234580003,-0.08808021307807926,0.0014896492677207718
zac18,ghz_n40_transpiled,1cded85e597f91b012b3e0ba0ccaf6041a86ed2304877b02eb30beef19006f8d,circuit_file,1,True,M1,M4 minus strongest-fidelity baseline; negative favorable,M4 minus strongest-fidelity baseline; positive favorable,160.0,156.0,-4.0,0.0,1.0,1.0,78.0,77.0,-1.0,9616.665665710747,9951.673640154344,335.00797444359705,-0.1600800533733655,-0.15607805203903136,0.004002001334334149,-0.0,-0.002503130218118477,-0.002503130218118477,-0.310516911687725,-0.3195614125205528,-0.009044500832827818
zac18,ghz_n78_transpiled,173203497ff0bf9e285e83d9eaba591c4bedfc0b78370ddde335d2dfe90c4943,circuit_file,1,True,M1,M4 minus strongest-fidelity baseline; negative favorable,M4 minus strongest-fidelity baseline; positive favorable,332.0,316.0,-16.0,0.0,0.0,0.0,154.0,153.0,-1.0,17905.88712235583,18382.315326242075,476.42820388624386,-0.3321661107497334,-0.31615810541239686,0.01600800533733654,-0.0,-0.0,0.0,-1.159529375631278,-1.1766054532309487,-0.01707607759967078
zac18,ising_n42,24ea0070b6bfe3a37d44ff0cff0d0f5527dd49518a58af57b394bd775bcaab65,circuit_file,1,True,M2,M4 minus strongest-fidelity baseline; negative favorable,M4 minus strongest-fidelity baseline; positive favorable,252.0,140.0,-112.0,0.0,0.0,0.0,9.0,26.0,17.0,1588.335052109081,2909.3396442350077,1321.0045921259266,-0.25212608406305065,-0.14007004670169482,0.11205603736135583,-0.0,-0.0,0.0,-0.2473533243625765,-0.28105687935425233,-0.03370355499167582
zac18,ising_n98_transpiled,69c9ca8c5d772ffa553ccdd9fa59e2f844a8149741d3dc4180a51f3970bffc6c,circuit_file,1,True,M2,M4 minus strongest-fidelity baseline; negative favorable,M4 minus strongest-fidelity baseline; positive favorable,584.0,304.0,-280.0,0.0,2.0,2.0,12.0,55.0,43.0,1855.1067823772555,5819.870945784367,3964.7641634071115,-0.584292194812784,-0.30415210140939447,0.2801400934033896,-0.0,-0.005006260436236954,-0.005006260436236954,-1.2668207763312378,-1.5114844031154393,-0.2446636267842015
zac18,knn_n31_transpiled,3f76b58905dfef056646e279e9cb9d21db7c5fa9d04170dcbecd457f91d19faa,circuit_file,1,True,M2,M4 minus strongest-fidelity baseline; negative favorable,M4 minus strongest-fidelity baseline; positive favorable,480.0,368.0,-112.0,0.0,74.0,74.0,149.0,132.0,-17.0,15477.797136000247,15129.890892017966,-347.906243982281,-0.4802401601200965,-0.36818412275874063,0.11205603736135589,-0.0,-0.1852316361407673,-0.1852316361407673,-0.4773336024422624,-0.4266180071309333,0.05071559531132913
zac18,multiply_n13_transpiled,8a6d2f76bca6bb915cf3ac1f9aac19a83963cb57ca850c44065a081f61c03370,circuit_file,1,True,M1,M4 minus strongest-fidelity baseline; negative favorable,M4 minus strongest-fidelity baseline; positive favorable,156.0,110.0,-46.0,0.0,19.0,19.0,67.0,45.0,-22.0,7328.826981694516,5222.977336197841,-2105.8496454966744,-0.15607805203903136,-0.11005503669418878,0.04602301534484257,-0.0,-0.04755947414425106,-0.04755947414425106,-0.07878930363851769,-0.058229069746620524,0.020560233891897164
zac18,qft_n18_transpiled,2e218cbc6320c2d4600d37ddf2c65f8befcb1d6f62550cd0367b82b62e99979d,circuit_file,1,True,M1,M4 minus strongest-fidelity baseline; negative favorable,M4 minus strongest-fidelity baseline; positive favorable,648.0,402.0,-246.0,0.0,7.0,7.0,177.0,143.0,-34.0,20318.17476446989,20623.61469965825,305.4399351883585,-0.6483242161621303,-0.40220113410058084,0.24612308206154948,-0.0,-0.017521911526829338,-0.017521911526829338,-0.4040915185254687,-0.3630009036243715,0.04109061490109722
zac18,qft_n29_transpiled,48d487f623d47c5260515f2e6365544ad923bb136bcca45db7434ff32b49c46e,circuit_file,1,True,M2,M4 minus strongest-fidelity baseline; negative favorable,M4 minus strongest-fidelity baseline; positive favorable,1484.0,844.0,-640.0,0.0,18.0,18.0,284.0,219.0,-65.0,40515.88185677209,35607.41179912787,-4908.470057644219,-1.484742495037965,-0.844422281544503,0.640320213493462,-0.0,-0.045056343926132586,-0.045056343926132586,-1.4949908036975759,-1.096262929338271,0.3987278743593048
zac18,seca_n11_transpiled,1c0c891f63a8f0f185b77b9ef66ee242bf6387b1e252edb4f19a63461206d9d3,circuit_file,1,True,M1,M4 minus strongest-fidelity baseline; negative favorable,M4 minus strongest-fidelity baseline; positive favorable,300.0,206.0,-94.0,0.0,57.0,57.0,109.0,71.0,-38.0,11279.92184091798,8128.616290234231,-3151.305550683748,-0.3001501000750603,-0.20610306871820808,0.09404703135685225,-0.0,-0.1426784224327532,-0.1426784224327532,-0.10997082561726582,-0.08122543790487806,0.028745387712387757
zac18,swap_test_n25_transpiled,b1c5bd70a94288185fa82fe0b7255b6824cc2bbcf26a896a1d770cd7041d56c3,circuit_file,1,True,M2,M4 minus strongest-fidelity baseline; negative favorable,M4 minus strongest-fidelity baseline; positive favorable,380.0,282.0,-98.0,0.0,58.0,58.0,121.0,107.0,-14.0,12259.246676641184,11727.545413869935,-531.7012627712484,-0.3801901267617431,-0.2821410940705567,0.09804903269118637,-0.0,-0.14518155265087165,-0.14518155265087165,-0.30419999935261177,-0.26991463729007037,0.0342853620625414
zac18,wstate_n27_transpiled,d2cb39ae9b321e8f9cffdc461f673280c0304eb8cfe4803fa00b765f7c2e324d,circuit_file,1,True,M1,M4 minus strongest-fidelity baseline; negative favorable,M4 minus strongest-fidelity baseline; positive favorable,216.0,158.0,-58.0,0.0,3.0,3.0,72.0,66.0,-6.0,7918.0221751245645,8262.121160973533,344.09898584896837,-0.21610807205404342,-0.15807905270619843,0.05802901934784499,-0.0,-0.00750939065435543,-0.00750939065435543,-0.23524674763929512,-0.2401853431400198,-0.004938595500724674
qmap154,0410184_169,be58b162bd8a9700b69db3a25381397ae6cdfc255448c9843b1455ef0304c168,canonical_sha256_cluster_mean,1,True,M2,M4 minus strongest-fidelity baseline; negative favorable,M4 minus strongest-fidelity baseline; positive favorable,436.0,320.0,-116.0,0.0,51.0,51.0,153.0,132.0,-21.0,15114.007849593469,14147.375032573043,-966.6328170204251,-0.436218145442421,-0.320160106746731,0.11605803869568998,-0.0,-0.12765964112404232,-0.12765964112404232,-0.22064199034714202,-0.19506573168881663,0.025576258658325385
qmap154,3_17_13,5c1c11e8fdb3c2c2275eee5df9f9f6294b3040059e1f7361e9a7e1e855ff38cc,canonical_sha256_cluster_mean,1,True,M1,M4 minus strongest-fidelity baseline; negative favorable,M4 minus strongest-fidelity baseline; positive favorable,68.0,40.0,-28.0,0.0,13.0,13.0,32.0,19.0,-13.0,2970.5321772823017,1830.2910508081472,-1140.2411264741545,-0.06803402268368033,-0.040020013343341376,0.028014009340338958,-0.0,-0.0325406928355402,-0.0325406928355402,-0.007493167865772778,-0.005048909661569721,0.0024442582042030576
qmap154,4_49_16,f84dd3828bcf2684305f19cf03ec4cb40c22d74e2b41f5714593f6bd3f483ae9,canonical_sha256_cluster_mean,1,True,M1,M4 minus strongest-fidelity baseline; negative favorable,M4 minus strongest-fidelity baseline; positive favorable,404.0,270.0,-134.0,0.0,66.0,66.0,181.0,127.0,-54.0,17029.227268008213,13319.63163281929,-3709.5956351889236,-0.40420213476774786,-0.27013509006755426,0.1340670447001936,-0.0,-0.16520659439581947,-0.16520659439581947,-0.07677083109556071,-0.05925393446364676,0.01751689663191395
qmap154,4gt10-v1_81,157102116dddf0ba09f368852ccbf37928a0e99f99e9d7d4859f84655c619419,canonical_sha256_cluster_mean,1,True,M2,M4 minus strongest-fidelity baseline; negative favorable,M4 minus strongest-fidelity baseline; positive favorable,272.0,192.0,-80.0,0.0,43.0,43.0,120.0,88.0,-32.0,11370.636327242406,9409.287024188574,-1961.349303053832,-0.27213609073472134,-0.19209606404803858,0.08004002668668275,-0.0,-0.1076345993790945,-0.1076345993790945,-0.052693929836644754,-0.04182635574412587,0.010867574092518886
qmap154,4gt11_82,aacab69f698e7b9ecb3ad3698004174062167964aebd93c4efcbe624131bff1d,canonical_sha256_cluster_mean,1,True,M2,M4 minus strongest-fidelity baseline; negative favorable,M4 minus strongest-fidelity baseline; positive favorable,56.0,42.0,-14.0,0.0,5.0,5.0,22.0,19.0,-3.0,2210.77251335491,1912.3773748582134,-298.39513849669675,-0.05602801868067792,-0.042021014010508444,0.014007004670169479,-0.0,-0.012515651090592385,-0.012515651090592385,-0.010574747604043038,-0.009196169861282437,0.001378577742760602
qmap154,4gt11_83,8e33e885ddd96f3b57ede11f90be05bae3c461df4b9fb1670d222413068d2d44,canonical_sha256_cluster_mean,1,True,M1,M4 minus strongest-fidelity baseline; negative favorable,M4 minus strongest-fidelity baseline; positive favorable,48.0,34.0,-14.0,0.0,6.0,6.0,22.0,16.0,-6.0,2168.7980294939016,1604.9945253015928,-563.8035041923088,-0.048024016012009646,-0.03401701134184017,0.014007004670169479,-0.0,-0.01501878130871086,-0.01501878130871086,-0.009611347898380794,-0.007520544189076193,0.0020908037093046016
qmap154,4gt11_84,012b9e9f7ae5656aefa02b50a70cdc55461c1dc41c9fed19de9b1e8eb288a0ae,canonical_sha256_cluster_mean,1,True,M1,M4 minus strongest-fidelity baseline; negative favorable,M4 minus strongest-fidelity baseline; positive favorable,40.0,26.0,-14.0,0.0,5.0,5.0,16.0,11.0,-5.0,1592.9343498347191,1146.0869877163889,-446.84736211833024,-0.040020013343341376,-0.026013008673171894,0.014007004670169482,-0.0,-0.012515651090592385,-0.012515651090592385,-0.007241811046984918,-0.004711614973677119,0.0025301960733077984
qmap154,4gt12-v0_86,4ce6bfb1bf9aca450b753d6849ee005106931698bb33d26016c766f8a3c6cd05,canonical_sha256_cluster_mean,1,True,M1,M4 minus strongest-fidelity baseline; negative favorable,M4 minus strongest-fidelity baseline; positive favorable,452.0,308.0,-144.0,0.0,73.0,73.0,192.0,139.0,-53.0,18237.367623343936,14825.531843377172,-3411.8357799667647,-0.45222615077975753,-0.30815410274372856,0.14407204803602897,-0.0,-0.1827285059226488,-0.1827285059226488,-0.1050663215629114,-0.08314107104176383,0.021925250521147577
qmap154,4gt12-v0_87,53778d274180d94de3f21dd545732c304f808e584fba613310d33d09a51d427d,canonical_sha256_cluster_mean,1,True,M1,M4 minus strongest-fidelity baseline; negative favorable,M4 minus strongest-fidelity baseline; positive favorable,448.0,304.0,-144.0,0.0,73.0,73.0,190.0,137.0,-53.0,18032.177605980643,14601.689293413372,-3430.4883125672714,-0.4482241494454234,-0.30415210140939447,0.1440720480360289,-0.0,-0.1827285059226488,-0.1827285059226488,-0.1041286975208683,-0.08211681405649975,0.022011883464368553
qmap154,4gt12-v0_88,337ec9b8fa347392e1e7680c23a11964ecce6b8d6a60f119881338597bff4df8,canonical_sha256_cluster_mean,1,True,M1,M4 minus strongest-fidelity baseline; negative favorable,M4 minus strongest-fidelity baseline; positive favorable,344.0,234.0,-110.0,0.0,59.0,59.0,157.0,110.0,-47.0,14891.799528759133,11023.071615735224,-3868.7279130239094,-0.34417211475273585,-0.23411707805854703,0.11005503669418881,-0.0,-0.14768468286899014,-0.14768468286899014,-0.08406648388033419,-0.06168773234412782,0.022378751536206373
qmap154,4gt12-v1_89,4f73524b715eb1770efc2d80fc94314f980ad04bd5d39f4bda32e9373bb5114a,canonical_sha256_cluster_mean,1,True,M1,M4 minus strongest-fidelity baseline; negative favorable,M4 minus strongest-fidelity baseline; positive favorable,416.0,280.0,-136.0,0.0,66.0,66.0,189.0,130.0,-59.0,19278.26946012675,13865.328882878946,-5412.940577247804,-0.4162081387707503,-0.28014009340338963,0.13606804536736067,-0.0,-0.16520659439581947,-0.16520659439581947,-0.10596100943494804,-0.07658046352785552,0.02938054590709252
qmap154,4gt13-v1_93,a18c9f80ee68afee3443e316232d2f6de495ee5d68f0f3ff3c3605e2760916ed,canonical_sha256_cluster_mean,1,True,M1,M4 minus strongest-fidelity baseline; negative favorable,M4 minus strongest-fidelity baseline; positive favorable,124.0,88.0,-36.0,0.0,19.0,19.0,54.0,39.0,-15.0,5147.117969819125,3857.5212264375728,-1289.5967433815526,-0.12406204136435826,-0.08804402935535102,0.03601801200900724,-0.0,-0.04755947414425106,-0.04755947414425106,-0.02351178901717161,-0.017466409389688867,0.006045379627482743
qmap154,4gt13_90,519ea74d71d3bb4c0342bd16f13d8643d86a0d7adcc9401edc6280a5f0b3209c,canonical_sha256_cluster_mean,1,True,M1,M4 minus strongest-fidelity baseline; negative favorable,M4 minus strongest-fidelity baseline; positive favorable,196.0,144.0,-52.0,0.0,28.0,28.0,88.0,66.0,-22.0,8850.802035473474,6532.986440607681,-2317.815594865793,-0.19609806538237273,-0.14407204803602894,0.052026017346343795,-0.0,-0.07008764610731735,-0.07008764610731735,-0.03944570187860983,-0.02914862688110447,0.01029707499750536
qmap154,4gt13_91,679c25ee91f79d2be3c2d27eabe3178ef82d031ac02f532a255f82d5b2e14470,canonical_sha256_cluster_mean,1,True,M1,M4 minus strongest-fidelity baseline; negative favorable,M4 minus strongest-fidelity baseline; positive favorable,188.0,134.0,-54.0,0.0,29.0,29.0,88.0,63.0,-25.0,8845.94925906602,6294.07232658636,-2551.8769324796594,-0.18809406271370446,-0.1340670447001936,0.05402701801351087,-0.0,-0.07259077632543583,-0.07259077632543583,-0.03905555299873727,-0.027756039326280225,0.011299513672457042
qmap154,4gt13_92,f8c690ddce42ddef13013b6f7beb6a0d0cf6b59b925ef995cfb07da443154ebd,canonical_sha256_cluster_mean,1,True,M1,M4 minus strongest-fidelity baseline; negative favorable,M4 minus strongest-fidelity baseline; positive favorable,132.0,86.0,-46.0,0.0,19.0,19.0,56.0,38.0,-18.0,5370.758488330233,4245.267695679983,-1125.4907926502501,-0.13206604403302655,-0.08604302868818396,0.046023015344842585,-0.0,-0.04755947414425106,-0.04755947414425106,-0.024389485007702744,-0.019534823793262886,0.004854661214439858
qmap154,4gt4-v0_72,bfa75e9edbb6ab94cd64844561c0745f471f23c85dfd068594d38324267ec989,canonical_sha256_cluster_mean,1,True,M1,M4 minus strongest-fidelity baseline; negative favorable,M4 minus strongest-fidelity baseline; positive favorable,456.0,310.0,-146.0,0.0,76.0,76.0,199.0,140.0,-59.0,19371.815137787762,14766.189867300449,-4605.625270487313,-0.4562281521140917,-0.31015510341089564,0.14607304870319604,-0.0,-0.19023789657700424,-0.19023789657700424,-0.10996157706842308,-0.08224144931344952,0.027720127754973553
qmap154,4gt4-v0_73,620e145abef0b7fc3948370f538a464abbc77025fb86dcf2cd3ef23b08519a4a,canonical_sha256_cluster_mean,1,True,M1,M4 minus strongest-fidelity baseline; negative favorable,M4 minus strongest-fidelity baseline; positive favorable,724.0,512.0,-212.0,0.0,114.0,114.0,315.0,238.0,-77.0,29689.896361436968,24494.934126268156,-5194.962235168812,-0.7243622415144789,-0.5122561707947696,0.21210607071970933,-0.0,-0.2853568448655064,-0.2853568448655064,-0.1701482107568424,-0.13418299198370426,0.03596521877313813
qmap154,4gt4-v0_78,17585b5581ef461ec1956dcfd5c0d021a2e1cd4acd8ebef58f665e2e9b95f2b1,canonical_sha256_cluster_mean,1,True,M1,M4 minus strongest-fidelity baseline; negative favorable,M4 minus strongest-fidelity baseline; positive favorable,428.0,302.0,-126.0,0.0,66.0,66.0,193.0,143.0,-50.0,18349.325719957764,14545.598350968783,-3803.7273689889807,-0.4282141427737527,-0.3021511007422274,0.1260630420315253,-0.0,-0.16520659439581947,-0.16520659439581947,-0.10249015204708906,-0.07907844742317048,0.023411704623918575
qmap154,4gt4-v0_79,a349d8041680093f4e0e734c78665ba74fb201322af6505319a01c6838b887c3,canonical_sha256_cluster_mean,1,True,M1,M4 minus strongest-fidelity baseline; negative favorable,M4 minus strongest-fidelity baseline; positive favorable,420.0,288.0,-132.0,0.0,67.0,67.0,186.0,135.0,-51.0,17647.157645366948,14048.224103913175,-3598.9335414537727,-0.42021014010508445,-0.2881440960720579,0.13206604403302658,-0.0,-0.16770972461393796,-0.16770972461393796,-0.09851146738876426,-0.07633732364898754,0.02217414373977672
qmap154,4gt4-v0_80,aacd9d461d97474d739216de7842190ad2c493eec99d4613f395da4a2c442559,canonical_sha256_cluster_mean,1,True,M2,M4 minus strongest-fidelity baseline; negative favorable,M4 minus strongest-fidelity baseline; positive favorable,324.0,222.0,-102.0,0.0,53.0,53.0,145.0,102.0,-43.0,13897.790986872884,10701.28591339617,-3196.5050734767137,-0.32416210808106516,-0.22211107405554462,0.10205103402552054,-0.0,-0.13266590156027927,-0.13266590156027927,-0.07858188252361607,-0.05904748015693069,0.019534402366685383
qmap154,4gt4-v1_74,5260efec73d65ae2747a06787c59b701521473db0f533363151441c3756e6fd2,canonical_sha256_cluster_mean,1,True,M1,M4 minus strongest-fidelity baseline; negative favorable,M4 minus strongest-fidelity baseline; positive favorable,492.0,336.0,-156.0,0.0,82.0,82.0,222.0,155.0,-67.0,21796.554657619366,16385.82314495054,-5410.731512668826,-0.4922461641230989,-0.33616811208406755,0.15607805203903136,-0.0,-0.2052566778857151,-0.2052566778857151,-0.12161912898259479,-0.09089159604496208,0.03072753293763271
qmap154,4gt5_75,e039b9c3db8f1e80604503cd9a889b8734bb4401c1182c75a38b1832e598b5aa,canonical_sha256_cluster_mean,1,True,M1,M4 minus strongest-fidelity baseline; negative favorable,M4 minus strongest-fidelity baseline; positive favorable,164.0,116.0,-48.0,0.0,24.0,24.0,68.0,50.0,-18.0,6475.91737400078,5013.804885484483,-1462.1124885162972,-0.16408205470769963,-0.11605803869568998,0.048024016012009646,-0.0,-0.06007512523484344,-0.06007512523484344,-0.029203709602936303,-0.022508438825183955,0.006695270777752348
qmap154,4gt5_76,02ff18ecd3cbf5d461bcd36200261de37bb114a1b24a49eed03d37f500b7c215,canonical_sha256_cluster_mean,1,True,M1,M4 minus strongest-fidelity baseline; negative favorable,M4 minus strongest-fidelity baseline; positive favorable,180.0,128.0,-52.0,0.0,25.0,25.0,77.0,61.0,-16.0,7308.292786733187,6258.492990539773,-1049.7997961934143,-0.1800900600450362,-0.1280640426986924,0.052026017346343795,-0.0,-0.06257825545296192,-0.06257825545296192,-0.0333080963701009,-0.02765727596806158,0.005650820402039316
qmap154,4gt5_77,86f25b05a4edb7fc286f425c98d2846447278adb82c6989aeb115afe8cfdb2e0,canonical_sha256_cluster_mean,1,True,M1,M4 minus strongest-fidelity baseline; negative favorable,M4 minus strongest-fidelity baseline; positive favorable,240.0,166.0,-74.0,0.0,36.0,36.0,105.0,75.0,-30.0,9966.118224837242,7953.489121547699,-2012.6291032895433,-0.24012008006004826,-0.1660830553748667,0.07403702468518156,-0.0,-0.09011268785226517,-0.09011268785226517,-0.04583140443483429,-0.03488349005693255,0.01094791437790174
qmap154,4mod5-bdd_287,a8f4097d0168378803725415aada0c52d1bc452c2a07d485204863fef857bf84,canonical_sha256_cluster_mean,1,True,M1,M4 minus strongest-fidelity baseline; negative favorable,M4 minus strongest-fidelity baseline; positive favorable,124.0,80.0,-44.0,0.0,23.0,23.0,61.0,39.0,-22.0,6041.651753965435,4076.3751333543737,-1965.2766206110614,-0.12406204136435826,-0.08004002668668275,0.04402201467767551,-0.0,-0.05757199501672497,-0.05757199501672497,-0.03777090156604738,-0.02667916979060468,0.011091731775442697
qmap154,4mod5-v0_18,c99d557b492a18a7a3de36a4531d517c18f9e2dac5eba9a2a992076e0c8093b0,canonical_sha256_cluster_mean,1,True,M1,M4 minus strongest-fidelity baseline; negative favorable,M4 minus strongest-fidelity baseline; positive favorable,116.0,80.0,-36.0,0.0,20.0,20.0,56.0,39.0,-17.0,5286.856033523669,3878.537339426407,-1408.3186940972619,-0.11605803869568998,-0.08004002668668275,0.03601801200900723,-0.0,-0.05006260436236954,-0.05006260436236954,-0.02483210025749684,-0.018385127120373327,0.006446973137123512
qmap154,4mod5-v0_19,7d1896dcc5d2410f21980ed3439eddb034338ed3bc420cbd08732a56ab8a5acb,canonical_sha256_cluster_mean,1,True,M1,M4 minus strongest-fidelity baseline; negative favorable,M4 minus strongest-fidelity baseline; positive favorable,68.0,46.0,-22.0,0.0,11.0,11.0,32.0,22.0,-10.0,3096.603654854586,2291.029321276628,-805.574333577958,-0.06803402268368033,-0.04602301534484258,0.022011007338837756,-0.0,-0.027534432399303248,-0.027534432399303248,-0.01331132776666331,-0.009795541873723664,0.0035157858929396463
qmap154,4mod5-v0_20,96c783c9bca0ef85595484b3ce3d699b0387661d205d223d6e547c44bdd87c0a,canonical_sha256_cluster_mean,1,True,M2,M4 minus strongest-fidelity baseline; negative favorable,M4 minus strongest-fidelity baseline; positive favorable,44.0,30.0,-14.0,0.0,5.0,5.0,17.0,13.0,-4.0,1762.9457914334102,1365.0368447854853,-397.90894664792495,-0.04402201467767551,-0.030015010007506032,0.014007004670169479,-0.0,-0.012515651090592385,-0.012515651090592385,-0.007944844355695979,-0.005784570792799021,0.002160273562896958
qmap154,4mod5-v1_22,42887548d9adb27f8d8ed46b6b9c73698f1b1907034eac1e0d38c3d3351b8a3f,canonical_sha256_cluster_mean,1,True,M2,M4 minus strongest-fidelity baseline; negative favorable,M4 minus strongest-fidelity baseline; positive favorable,48.0,34.0,-14.0,0.0,5.0,5.0,19.0,15.0,-4.0,1948.8140945222096,1551.3805454770445,-397.43354904516514,-0.048024016012009646,-0.03401701134184017,0.014007004670169479,-0.0,-0.012515651090592385,-0.012515651090592385,-0.008803914488683437,-0.006574490419999132,0.0022294240686843046
qmap154,4mod5-v1_23,25d68584c24511a5e0c74e934a911155b0d792d0f76ad82dd8241b4aac2f6ae0,canonical_sha256_cluster_mean,1,True,M1,M4 minus strongest-fidelity baseline; negative favorable,M4 minus strongest-fidelity baseline; positive favorable,140.0,84.0,-56.0,0.0,24.0,24.0,61.0,40.0,-21.0,5761.7152260574685,3947.041292828958,-1814.6739332285106,-0.14007004670169482,-0.08404202802101689,0.05602801868067793,-0.0,-0.06007512523484344,-0.06007512523484344,-0.0254484784002982,-0.017674502878728963,0.007773975521569238
qmap154,4mod5-v1_24,dfcfb0f66a9df92dbce2a4f1948cc61f5cb144f7acf0e867f59c81b20574a24e,canonical_sha256_cluster_mean,1,True,M1,M4 minus strongest-fidelity baseline; negative favorable,M4 minus strongest-fidelity baseline; positive favorable,72.0,50.0,-22.0,0.0,11.0,11.0,32.0,22.0,-10.0,3105.6906486753155,2298.1193510587914,-807.5712976165241,-0.07203602401801447,-0.05002501667917672,0.02201100733883775,-0.0,-0.027534432399303248,-0.027534432399303248,-0.013508927907402758,-0.010334911984904558,0.0031740159224982
qmap154,4mod7-v0_94,128f4fc145f17a5c3292150a1026e96555931cd0f863e3eed45c36c456983d23,canonical_sha256_cluster_mean,1,True,M1,M4 minus strongest-fidelity baseline; negative favorable,M4 minus strongest-fidelity baseline; positive favorable,288.0,196.0,-92.0,0.0,49.0,49.0,129.0,92.0,-37.0,12184.608340405988,9180.29154638319,-3004.3167940227977,-0.2881440960720579,-0.19609806538237273,0.09204603068968514,-0.0,-0.12265338068780537,-0.12265338068780537,-0.05541814287418557,-0.041445093871505134,0.013973049002680434
qmap154,4mod7-v1_96,e681b288918d9cc524f0c1d7c1a8a165a6636b4125d31d13e102129be7eb25b0,canonical_sha256_cluster_mean,1,True,M2,M4 minus strongest-fidelity baseline; negative favorable,M4 minus strongest-fidelity baseline; positive favorable,292.0,192.0,-100.0,0.0,46.0,46.0,128.0,89.0,-39.0,12267.454711528178,9675.177864848421,-2592.276846679757,-0.292146097406392,-0.19209606404803858,0.10005003335835344,-0.0,-0.11514399003344994,-0.11514399003344994,-0.056495825294012536,-0.04307737317701399,0.013418452116998547
qmap154,9symml_195,26bde4287c6cb5d5b60c40f5aef845bacf25cce07cfdc5871e9fb2dea2c9746c,canonical_sha256_cluster_mean,2,False,,M4 minus strongest-fidelity baseline; negative favorable,M4 minus strongest-fidelity baseline; positive favorable,,46388.0,,,12482.0,,,20602.0,,,2103165.450424444,,,,,,,,,,
qmap154,C17_204,c6a370a3fd82cb35caac5770d763a98a341d78297bfc3c07d9c74ed215b9b620,canonical_sha256_cluster_mean,1,True,M1,M4 minus strongest-fidelity baseline; negative favorable,M4 minus strongest-fidelity baseline; positive favorable,848.0,588.0,-260.0,0.0,133.0,133.0,364.0,268.0,-96.0,34773.6042322768,28610.572183434004,-6163.032048842793,-0.8484242828788371,-0.5882941961471182,0.2601300867317189,-0.0,-0.33291631900975743,-0.33291631900975743,-0.23692582709362797,-0.1885264677584459,0.04839935933518208
qmap154,adr4_197,3a59691f2cef465889098b3e1fe8dfc1073bdb63f046979516e9ca7612614be8,canonical_sha256_cluster_mean,1,True,M2,M4 minus strongest-fidelity baseline; negative favorable,M4 minus strongest-fidelity baseline; positive favorable,6184.0,4364.0,-1820.0,0.0,982.0,982.0,2603.0,1968.0,-635.0,255031.3795996679,200086.7610138077,-54944.61858586021,-6.187094062880576,-4.366183455758544,1.8209106071220322,-0.0,-2.4580738741923445,-2.4580738741923445,-3.8217296225875534,-2.8416263717706016,0.9801032508169518
qmap154,aj-e11_165,a35a0cb5a5e80b130e60fa4e26dfdd940ac110073cf1e447d5f32ea63e0902b2,canonical_sha256_cluster_mean,1,True,M1,M4 minus strongest-fidelity baseline; negative favorable,M4 minus strongest-fidelity baseline; positive favorable,280.0,180.0,-100.0,0.0,49.0,49.0,131.0,85.0,-46.0,12797.837054258944,8338.971941055754,-4458.86511320319,-0.28014009340338963,-0.1800900600450362,0.10005003335835344,-0.0,-0.12265338068780537,-0.12265338068780537,-0.05746041639681619,-0.03958413196596474,0.01787628443085145
qmap154,alu-bdd_288,13f4bceb146bbcba79157a59457fb4180968dfbf0e27e986fd3a79153e3c761d,canonical_sha256_cluster_mean,1,True,M1,M4 minus strongest-fidelity baseline; negative favorable,M4 minus strongest-fidelity baseline; positive favorable,164.0,110.0,-54.0,0.0,26.0,26.0,72.0,49.0,-23.0,7005.243285476675,5118.132028074075,-1887.1112574026001,-0.16408205470769963,-0.11005503669418878,0.05402701801351084,-0.0,-0.0650813856710804,-0.0650813856710804,-0.046429604922416046,-0.0354369526577715,0.010992652264644548
qmap154,alu-v0_26,ce47031e36a06fb4b5256a25a448d4bcf007a6037c20645310dce86c4bd08620,canonical_sha256_cluster_mean,1,True,M1,M4 minus strongest-fidelity baseline; negative favorable,M4 minus strongest-fidelity baseline; positive favorable,160.0,112.0,-48.0,0.0,24.0,24.0,73.0,52.0,-21.0,6929.874907013938,5438.234336593016,-1491.640570420922,-0.1600800533733655,-0.11205603736135585,0.04802401601200966,-0.0,-0.06007512523484344,-0.06007512523484344,-0.030979244279521555,-0.023915356573757218,0.007063887705764337
qmap154,alu-v0_27,68e9a8451b3ea56f9d1e2f1c4ca665dc2432ed849ff554148d57480c48d3774f,canonical_sha256_cluster_mean,1,True,M2,M4 minus strongest-fidelity baseline; negative favorable,M4 minus strongest-fidelity baseline; positive favorable,80.0,50.0,-30.0,0.0,12.0,12.0,30.0,22.0,-8.0,2868.2968424252003,2277.086191688478,-591.2106507367225,-0.08004002668668275,-0.05002501667917672,0.030015010007506032,-0.0,-0.03003756261742172,-0.03003756261742172,-0.013086614747510755,-0.010715742820456026,0.002370871927054728
qmap154,alu-v1_28,7a422c31684da3e6854600d1c69901b391b2a7ddcf39fc3caada4e1000f7d33e,canonical_sha256_cluster_mean,1,True,M2,M4 minus strongest-fidelity baseline; negative favorable,M4 minus strongest-fidelity baseline; positive favorable,80.0,54.0,-26.0,0.0,11.0,11.0,30.0,24.0,-6.0,2869.325829159886,2433.9338133026667,-435.3920158572191,-0.08004002668668275,-0.054027018013510855,0.026013008673171897,-0.0,-0.027534432399303248,-0.027534432399303248,-0.01350788616930917,-0.011096410848226013,0.0024114753210831563
qmap154,alu-v1_29,f4b1830ec59011bb4fe7f2f552e3806d7023f74c8b0fd7e7126a5399b35ceca3,canonical_sha256_cluster_mean,1,True,M2,M4 minus strongest-fidelity baseline; negative favorable,M4 minus strongest-fidelity baseline; positive favorable,80.0,48.0,-32.0,0.0,12.0,12.0,30.0,21.0,-9.0,2864.5430239856755,2100.0086380992957,-764.5343858863798,-0.08004002668668275,-0.048024016012009646,0.03201601067467311,-0.0,-0.03003756261742172,-0.03003756261742172,-0.013074069242352517,-0.01031918466389575,0.0027548845784567677
qmap154,alu-v2_30,4f2d6f098c8b76352c45f0551f747e1f012bca552b5eb3dc8ae60ff0418b3c43,canonical_sha256_cluster_mean,1,True,M2,M4 minus strongest-fidelity baseline; negative favorable,M4 minus strongest-fidelity baseline; positive favorable,920.0,646.0,-274.0,0.0,146.0,146.0,394.0,290.0,-104.0,37207.81152602434,29657.672323787057,-7550.139202237286,-0.9204603068968517,-0.6463232154949632,0.27413709140188847,-0.0,-0.3654570118452976,-0.3654570118452976,-0.214491644991796,-0.16410631129917824,0.050385333692617745
qmap154,alu-v2_31,e88e32620ce6fb291b6b742761a195ada2487c3a63177d4cb5041b1265b848a3,canonical_sha256_cluster_mean,1,True,M2,M4 minus strongest-fidelity baseline; negative favorable,M4 minus strongest-fidelity baseline; positive favorable,828.0,558.0,-270.0,0.0,132.0,132.0,345.0,256.0,-89.0,32297.584724046716,26647.92121692785,-5649.663507118865,-0.8284142762071665,-0.5582791861396121,0.2701350900675543,-0.0,-0.33041318879163895,-0.33041318879163895,-0.15283281236863994,-0.12223079126227876,0.030602021106361177
qmap154,alu-v2_32,53aa97a2f504590ddcf752e24f189501d8300245aff42164ec7a7191a327b3bc,canonical_sha256_cluster_mean,1,True,M1,M4 minus strongest-fidelity baseline; negative favorable,M4 minus strongest-fidelity baseline; positive favorable,304.0,204.0,-100.0,0.0,47.0,47.0,136.0,96.0,-40.0,12889.574640797502,10517.897666772895,-2371.6769740246073,-0.30415210140939447,-0.204102068051041,0.10005003335835347,-0.0,-0.11764712025156841,-0.11764712025156841,-0.05850857793417602,-0.04684644279508182,0.011662135139094199
qmap154,alu-v2_33,fe1d0e3dd99cc2fa7f2e2fcac9431aed035eea231c658fd07b119549b2c9925f,canonical_sha256_cluster_mean,1,True,M2,M4 minus strongest-fidelity baseline; negative favorable,M4 minus strongest-fidelity baseline; positive favorable,80.0,50.0,-30.0,0.0,12.0,12.0,31.0,22.0,-9.0,3358.0753284460984,2257.256944498329,-1100.8183839477692,-0.08004002668668275,-0.05002501667917672,0.030015010007506032,-0.0,-0.03003756261742172,-0.03003756261742172,-0.01472378033936818,-0.010134898769304113,0.004588881570064067
qmap154,alu-v3_34,d25f1e6ffaf065bfaada147783bc65850a972bf0e1d238430518d6f2f854fcc2,canonical_sha256_cluster_mean,1,True,M1,M4 minus strongest-fidelity baseline; negative favorable,M4 minus strongest-fidelity baseline; positive favorable,104.0,68.0,-36.0,0.0,17.0,17.0,46.0,31.0,-15.0,4337.640471687405,3243.9967937423503,-1093.6436779450546,-0.10405203469268758,-0.06803402268368033,0.03601801200900724,-0.0,-0.042553213708014105,-0.042553213708014105,-0.01967894501180952,-0.015335866338828368,0.00434307867298115
qmap154,alu-v3_35,8005c69009fdf9618f28c60c160a00e576cac183c5a275d2382af5d76f812b14,canonical_sha256_cluster_mean,1,True,M2,M4 minus strongest-fidelity baseline; negative favorable,M4 minus strongest-fidelity baseline; positive favorable,84.0,52.0,-32.0,0.0,13.0,13.0,32.0,23.0,-9.0,3052.7126701052516,2348.2464029940106,-704.466267111241,-0.08404202802101689,-0.05202601734634379,0.0320160106746731,-0.0,-0.0325406928355402,-0.0325406928355402,-0.013663600368344402,-0.011107849471330379,0.002555750897014023
qmap154,alu-v4_36,3851a8b648aa151f77e4ada800ff214766541778f2026981a67f714d6816d18a,canonical_sha256_cluster_mean,1,True,M2,M4 minus strongest-fidelity baseline; negative favorable,M4 minus strongest-fidelity baseline; positive favorable,212.0,138.0,-74.0,0.0,35.0,35.0,91.0,63.0,-28.0,8538.733446611712,6186.253074857907,-2352.4803717538043,-0.21210607071970927,-0.13806904603452774,0.07403702468518153,-0.0,-0.0876095576341467,-0.0876095576341467,-0.03942290315391056,-0.029958135272661158,0.009464767881249402
qmap154,alu-v4_37,e0dd04c87b06b77340c2ea5884b0d7aa8c08bc173a7ad4a394604075fca77d6e,canonical_sha256_cluster_mean,1,True,M2,M4 minus strongest-fidelity baseline; negative favorable,M4 minus strongest-fidelity baseline; positive favorable,84.0,52.0,-32.0,0.0,13.0,13.0,32.0,23.0,-9.0,3049.64575664155,2348.2464029940106,-701.3993536475396,-0.08404202802101689,-0.05202601734634379,0.0320160106746731,-0.0,-0.0325406928355402,-0.0325406928355402,-0.01365334935902187,-0.011107849471330379,0.002545499887691491
qmap154,clip_206,061b2a34f02d68d66f40b60624ac224b6594505d785938da624cb18f9863a304,canonical_sha256_cluster_mean,1,False,,M4 minus strongest-fidelity baseline; negative favorable,M4 minus strongest-fidelity baseline; positive favorable,,44442.0,,,12849.0,,,19671.0,,,2027315.6619387725,,,,,,,,,,
qmap154,cm152a_212,4e61ebc66c256a3be3411259d4f7e555e5e410065ebfac0dfa43079072b7b0d3,canonical_sha256_cluster_mean,1,True,M1,M4 minus strongest-fidelity baseline; negative favorable,M4 minus strongest-fidelity baseline; positive favorable,2200.0,1548.0,-652.0,0.0,346.0,346.0,952.0,708.0,-244.0,91454.07285848694,73883.4956549559,-17570.577203531037,-2.201100733883776,-1.5487745163873112,0.6523262174964646,-0.0,-0.866083055468993,-0.866083055468993,-1.1425091052519725,-0.8899566525211521,0.2525524527308204
qmap154,cm42a_207,d800bdc1387d38e9d43ce4de7c660bcce7f9dfc81455c7ac955f18408479de3d,canonical_sha256_cluster_mean,2,True,M1,M4 minus strongest-fidelity baseline; negative favorable,M4 minus strongest-fidelity baseline; positive favorable,3128.0,2190.0,-938.0,0.0,506.0,506.0,1311.0,987.0,-324.0,126664.64265861743,102635.83750484063,-24028.805153776804,-3.1295650434492956,-2.19109573054794,0.9384693129013555,-0.0,-1.2665838903679494,-1.2665838903679494,-1.9207981959362914,-1.4957182961544373,0.4250798997818541
qmap154,cm82a_208,8314441e90c48c8308a3339a2101e26dc418327808ac370bf91fb6603ef666dd,canonical_sha256_cluster_mean,1,True,M1,M4 minus strongest-fidelity baseline; negative favorable,M4 minus strongest-fidelity baseline; positive favorable,1164.0,812.0,-352.0,0.0,192.0,192.0,496.0,357.0,-139.0,48436.27428226652,36875.64610792737,-11560.628174339145,-1.164582388291234,-0.8124062708698299,0.3521761174214042,-0.0,-0.48060100187874755,-0.48060100187874755,-0.383054718356771,-0.28680030821054847,0.09625441014622255
qmap154,cm85a_209,f871046094dbfeb7bd70bf21bddd523ced39b7be53e1154e0c738126b6cc84ff,canonical_sha256_cluster_mean,1,True,M2,M4 minus strongest-fidelity baseline; negative favorable,M4 minus strongest-fidelity baseline; positive favorable,20412.0,14596.0,-5816.0,0.0,3217.0,3217.0,8878.0,6616.0,-2262.0,869166.549343304,671340.4463615423,-197826.10298176168,-20.422212809107105,-14.603302868985267,5.818909940121838,-0.0,-8.05256991168714,-8.05256991168714,-28.05491152240842,-15.918277615033691,12.13663390737473
qmap154,cnt3-5_179,398986b61fc4e5e4d9d1098273673bfde3ca29c4c34a234df6b6c3bc60de3fac,canonical_sha256_cluster_mean,1,True,M2,M4 minus strongest-fidelity baseline; negative favorable,M4 minus strongest-fidelity baseline; positive favorable,364.0,232.0,-132.0,0.0,51.0,51.0,90.0,85.0,-5.0,9119.833119122562,9500.929754031848,381.09663490928506,-0.36418212142440654,-0.23211607739137996,0.13206604403302658,-0.0,-0.12765964112404232,-0.12765964112404232,-0.16217908892729843,-0.14824976354683578,0.013929325380462654
qmap154,cnt3-5_180,5d572a80ef970ebda2c1a03568d33233b6101732d05e49d2e74bc63a1c1f2812,canonical_sha256_cluster_mean,1,True,M1,M4 minus strongest-fidelity baseline; negative favorable,M4 minus strongest-fidelity baseline; positive favorable,860.0,572.0,-288.0,0.0,149.0,149.0,315.0,241.0,-74.0,30626.16446155534,25761.06167725174,-4865.102784303603,-0.8604302868818395,-0.5722861908097816,0.28814409607205793,-0.0,-0.37296640249965307,-0.37296640249965307,-0.5229351443458821,-0.4245445590071642,0.09839058533871786
qmap154,co14_215,ad531fd39cdc47fc29e5c2641e1df1875cbe7cb0b067c9bf22f2ac428ceb8119,canonical_sha256_cluster_mean,1,False,,M4 minus strongest-fidelity baseline; negative favorable,M4 minus strongest-fidelity baseline; positive favorable,,23870.0,,,5295.0,,,10254.0,,,1066453.8281947568,,,,,,,,,,
qmap154,con1_216,539b7b793a955583b075fc9fc5777a4c471092863a539f628fece84ebf0880c4,canonical_sha256_cluster_mean,1,True,M1,M4 minus strongest-fidelity baseline; negative favorable,M4 minus strongest-fidelity baseline; positive favorable,1704.0,1194.0,-510.0,0.0,272.0,272.0,716.0,534.0,-182.0,69296.44487612281,55447.767684948536,-13848.677191174276,-1.7048525684263425,-1.1945973982987401,0.5102551701276024,-0.0,-0.6808514193282257,-0.6808514193282257,-0.6342998027791886,-0.49176568574253,0.14253411703665864
qmap154,cycle10_2_110,d0e9f326652454eb85d198aecf5ad7c0c22d1cd6f56afa8c33cecacfaf6bf9cd,canonical_sha256_cluster_mean,1,True,M2,M4 minus strongest-fidelity baseline; negative favorable,M4 minus strongest-fidelity baseline; positive favorable,10924.0,7704.0,-3220.0,0.0,1712.0,1712.0,4704.0,3497.0,-1207.0,455054.30775117216,353757.0697990732,-101297.23795209895,-10.929465644066529,-7.707854569927549,3.2216110741389796,-0.0,-4.2853589334188325,-4.2853589334188325,-7.191464785943698,-5.062040999486896,2.129423786456803
qmap154,dc1_220,fe47d3bb3c105b7015909980311f733d2136e6caa20a9257201fd62f09832947,canonical_sha256_cluster_mean,1,True,M1,M4 minus strongest-fidelity baseline; negative favorable,M4 minus strongest-fidelity baseline; positive favorable,3344.0,2346.0,-998.0,0.0,546.0,546.0,1431.0,1068.0,-363.0,137135.65975333267,110506.17540383672,-26629.48434949595,-3.345673115503339,-2.3471737825869714,0.9984993329163676,-0.0,-1.3667090990926885,-1.3667090990926885,-1.6209576965558707,-1.2514493933675588,0.36950830318831196
qmap154,dc2_222,b6787eae10fc7c244a9b1621619d00f4646acefe46c270fedb276296d642a776,canonical_sha256_cluster_mean,1,False,,M4 minus strongest-fidelity baseline; negative favorable,M4 minus strongest-fidelity baseline; positive favorable,,12112.0,,,2688.0,,,5511.0,,,561605.0340102179,,,-12.118060040363769,,,-6.728414026302466,,,-12.695910790396688,
qmap154,dist_223,e47341dbc1d6f08e02097b6d62cd49c6395fef428823e3dd1508710d582799fb,canonical_sha256_cluster_mean,1,False,,M4 minus strongest-fidelity baseline; negative favorable,M4 minus strongest-fidelity baseline; positive favorable,,49952.0,,,13097.0,,,21902.0,,,2257425.0111212092,,,,,,,,,,
qmap154,ex-1_166,e89bcbd9bbde57b6c42fa552af0bbed91f62d8fcc42c2861bc6203eec7d7c811,canonical_sha256_cluster_mean,1,True,M1,M4 minus strongest-fidelity baseline; negative favorable,M4 minus strongest-fidelity baseline; positive favorable,40.0,24.0,-16.0,0.0,7.0,7.0,18.0,11.0,-7.0,1701.5187744276054,1094.9851500448194,-606.533624382786,-0.040020013343341376,-0.024012008006004823,0.016008005337336553,-0.0,-0.017521911526829338,-0.017521911526829338,-0.0040132144814252636,-0.0027500040781292066,0.001263210403296057
qmap154,ex1_226,4a6d53e313003be35a7d3c56a5702b8a2f0ce138861f1ff1de53929c6660d26a,canonical_sha256_cluster_mean,2,True,M1,M4 minus strongest-fidelity baseline; negative favorable,M4 minus strongest-fidelity baseline; positive favorable,24.0,20.0,-4.0,0.0,0.0,0.0,10.0,9.0,-1.0,1131.3919595273794,1033.1510800838678,-98.24087944351163,-0.024012008006004823,-0.020010006671670688,0.004002001334334135,-0.0,-0.0,0.0,-0.004985774142499989,-0.004632526699042233,0.00035324744345775674
qmap154,ex2_227,983207e15135fbfdbac900dec7d7cc3f72d7bfe6a3ba36b5b188fdb8ecf12de1,canonical_sha256_cluster_mean,1,True,M1,M4 minus strongest-fidelity baseline; negative favorable,M4 minus strongest-fidelity baseline; positive favorable,1152.0,798.0,-354.0,0.0,180.0,180.0,489.0,365.0,-124.0,46819.18591127466,37365.50432550727,-9453.681585767394,-1.1525763842882315,-0.7983992661996604,0.3541771180885711,-0.0,-0.45056343926132586,-0.45056343926132586,-0.3204732318023226,-0.25000301064035524,0.07047022116196738
qmap154,ex3_229,18bd03509e493866a3863af424f8d69b46a78f338a1c47d89749a2fca6939020,canonical_sha256_cluster_mean,1,True,M1,M4 minus strongest-fidelity baseline; negative favorable,M4 minus strongest-fidelity baseline; positive favorable,712.0,482.0,-230.0,0.0,121.0,121.0,320.0,226.0,-94.0,30225.28043005983,23318.748069628982,-6906.532360430847,-0.7123562375114765,-0.4822411607872636,0.23011507672421289,-0.0,-0.3028787563923357,-0.3028787563923357,-0.17243881555014298,-0.13133179343401316,0.04110702211612982
qmap154,f2_232,f3c46f00d6661f719aed8ae0269c2cf50e895946566ba9a84f25a54ea134911d,canonical_sha256_cluster_mean,1,True,M1,M4 minus strongest-fidelity baseline; negative favorable,M4 minus strongest-fidelity baseline; positive favorable,2144.0,1492.0,-652.0,0.0,340.0,340.0,924.0,680.0,-244.0,89046.4370613079,70947.94566405745,-18098.491397250444,-2.1450727152030975,-1.4927464977066334,0.6523262174964641,-0.0,-0.8510642741602822,-0.8510642741602822,-0.7222616951957477,-0.5544878516200494,0.16777384357569824
qmap154,graycode6_47,1cc205f827ac11a35917ee7ed71a78f0de65ae3e1b9a1ce15cc5f8ffc673f145,canonical_sha256_cluster_mean,1,True,M1,M4 minus strongest-fidelity baseline; negative favorable,M4 minus strongest-fidelity baseline; positive favorable,24.0,20.0,-4.0,0.0,0.0,0.0,10.0,9.0,-1.0,1123.037359146889,1024.7964797033774,-98.24087944351163,-0.024012008006004823,-0.020010006671670688,0.004002001334334135,-0.0,-0.0,0.0,-0.005993277070534335,-0.005639972405766069,0.0003533046647682661
qmap154,ground_state_estimation_10,1339e2c7e5bc81127fa6ab1721b679c0a6f525f4446d354f7ed78b8331f01fac,canonical_sha256_cluster_mean,1,True,M1,M4 minus strongest-fidelity baseline; negative favorable,M4 minus strongest-fidelity baseline; positive favorable,8.0,4.0,-4.0,0.0,0.0,0.0,2.0,1.0,-1.0,199.99282681158866,109.09637512458573,-90.89645168700292,-0.008004002668668275,-0.0040020013343341375,0.0040020013343341375,-0.0,-0.0,0.0,-0.007071138237996509,-0.006322978465524478,0.0007481597724720308
qmap154,ham15_107,569391ab4b0c2412a57e1200e808a8f428979e08eaad630e86b9747cd27e1c16,canonical_sha256_cluster_mean,1,True,M2,M4 minus strongest-fidelity baseline; negative favorable,M4 minus strongest-fidelity baseline; positive favorable,15968.0,11304.0,-4664.0,0.0,2528.0,2528.0,6795.0,5109.0,-1686.0,661513.8680989906,522370.5989728815,-139143.26912610914,-15.975989326661876,-11.309655770828272,4.666333555833605,-0.0,-6.32791319140351,-6.32791319140351,-16.325976637944624,-11.527112001591787,4.798864636352837
qmap154,ham3_102,58301ee4a0a5e02f220e6d4a288841abc82b921ffdda76a4f40848b79ddebfd9,canonical_sha256_cluster_mean,1,True,M1,M4 minus strongest-fidelity baseline; negative favorable,M4 minus strongest-fidelity baseline; positive favorable,40.0,24.0,-16.0,0.0,7.0,7.0,18.0,11.0,-7.0,1704.9708630940681,1096.1735155877195,-608.7973475063486,-0.040020013343341376,-0.024012008006004823,0.016008005337336553,-0.0,-0.017521911526829338,-0.017521911526829338,-0.003777146607619789,-0.0024054181889013667,0.0013717284187184224
qmap154,ham7_104,923c1c3fb38d5e8209a2560552ac8abb6166dacce97b433ca1b7f99201f12f48,canonical_sha256_cluster_mean,1,True,M2,M4 minus strongest-fidelity baseline; negative favorable,M4 minus strongest-fidelity baseline; positive favorable,600.0,416.0,-184.0,0.0,93.0,93.0,263.0,195.0,-68.0,24948.730236487023,20819.033180627437,-4129.697055859586,-0.6003002001501206,-0.4162081387707503,0.18409206137937034,-0.0,-0.23279111028501837,-0.23279111028501837,-0.17004286280421563,-0.13731312833399512,0.03272973447022051
qmap154,hwb4_49,547887c699e18e58deacddbf6fc41fe56a076cdfbc42dbf128fa464548b0253e,canonical_sha256_cluster_mean,1,True,M1,M4 minus strongest-fidelity baseline; negative favorable,M4 minus strongest-fidelity baseline; positive favorable,424.0,288.0,-136.0,0.0,72.0,72.0,192.0,134.0,-58.0,18090.89336208967,13738.458023894958,-4352.435338194713,-0.42421214143941854,-0.2881440960720579,0.13606804536736067,-0.0,-0.18022537570453034,-0.18022537570453034,-0.0826682797546443,-0.06220413333488922,0.02046414641975508
qmap154,hwb5_53,9e3f053dbede7457444bf109616af357b3ab6d81a6a1537fd8fe7bc8559feb88,canonical_sha256_cluster_mean,1,True,M1,M4 minus strongest-fidelity baseline; negative favorable,M4 minus strongest-fidelity baseline; positive favorable,2460.0,1718.0,-742.0,0.0,397.0,397.0,1091.0,792.0,-299.0,103084.3265533379,79995.61093928695,-23088.715614050947,-2.4612308206154947,-1.718859573096512,0.7423712475189828,-0.0,-0.9937426965930354,-0.9937426965930354,-0.6019546929940323,-0.45153645000929576,0.1504182429847365
qmap154,hwb6_56,61bf78e6eb8fe2cb88b844a4608037f20080a920d6382321fb11614e9e3bb9ff,canonical_sha256_cluster_mean,1,True,M1,M4 minus strongest-fidelity baseline; negative favorable,M4 minus strongest-fidelity baseline; positive favorable,12200.0,8564.0,-3636.0,0.0,1971.0,1971.0,5225.0,3894.0,-1331.0,493872.17301636335,391689.91182711296,-102182.26118925039,-12.20610406971912,-8.568284856809388,3.637819212909731,-0.0,-4.933669659911518,-4.933669659911518,-4.4992634181165885,-3.3907636474029084,1.10849977071368
qmap154,hwb7_59,950a93cdf9ae6380467be0579e9ab37db18a441bb35be76d383f287ce0ec41b0,canonical_sha256_cluster_mean,1,False,,M4 minus strongest-fidelity baseline; negative favorable,M4 minus strongest-fidelity baseline; positive favorable,,31860.0,,,7114.0,,,14237.0,,,1464940.3186107064,,,,,,,,,,
qmap154,hwb8_113,098a7e756517835d61b73098b65dcade06705dc6384a960ba0c8f6079b350618,canonical_sha256_cluster_mean,1,False,,M4 minus strongest-fidelity baseline; negative favorable,M4 minus strongest-fidelity baseline; positive favorable,,91106.0,,,21789.0,,,40750.0,,,4157208.613744546,,,,,,,,,,
qmap154,hwb9_119,2e9923dba4ff19f3f08945bfa534866386905120e3c1b07e74a1e22ae55d9865,canonical_sha256_cluster_mean,1,False,,M4 minus strongest-fidelity baseline; negative favorable,M4 minus strongest-fidelity baseline; positive favorable,,295572.0,,,60806.0,,,132721.0,,,13694768.034563798,,,,,,,,,,
qmap154,inc_237,58d3414c21ba4637af265a4f3068c543e65f5215444e5deb86f582d6bf36ae9a,canonical_sha256_cluster_mean,1,True,M1,M4 minus strongest-fidelity baseline; negative favorable,M4 minus strongest-fidelity baseline; positive favorable,18780.0,13404.0,-5376.0,0.0,3020.0,3020.0,8202.0,6065.0,-2137.0,796259.4238413484,623421.5188920596,-172837.90494928882,-18.789396264698777,-13.410706471353695,5.378689793345082,-0.0,-7.5594532587178005,-7.5594532587178005,-25.816914109803566,-16.169852041041118,9.647062068762448
qmap154,ising_model_10,336240af3b70f2a7d564efaceb5dd66d45d448242fbce0e46d2e9bcb6c0dd8ea,canonical_sha256_cluster_mean,1,True,M2,M4 minus strongest-fidelity baseline; negative favorable,M4 minus strongest-fidelity baseline; positive favorable,216.0,132.0,-84.0,0.0,2.0,2.0,36.0,53.0,17.0,4740.512083456241,6487.952264185134,1747.4401807288923,-0.21610807205404342,-0.13206604403302655,0.08404202802101687,-0.0,-0.005006260436236954,-0.005006260436236954,-0.0749686334681991,-0.08562307112661147,-0.010654437658412369
qmap154,ising_model_13,e86d670b4294ec453133e6dd18dfac6f90a9459e0c10d6fd7754d621e9f262fe,canonical_sha256_cluster_mean,1,True,M1,M4 minus strongest-fidelity baseline; negative favorable,M4 minus strongest-fidelity baseline; positive favorable,264.0,162.0,-102.0,0.0,2.0,2.0,66.0,64.0,-2.0,7793.328545537666,8364.568141746237,571.2395962085702,-0.2641320880660531,-0.16208105404053258,0.10205103402552052,-0.0,-0.005006260436236954,-0.005006260436236954,-0.14601214887046388,-0.15205153910663044,-0.006039390236166564
qmap154,ising_model_16,5b244278f3e4846bba65a3a6be51e000292bc1c8260030ea3df81daab0b8542c,canonical_sha256_cluster_mean,1,True,M1,M4 minus strongest-fidelity baseline; negative favorable,M4 minus strongest-fidelity baseline; positive favorable,348.0,210.0,-138.0,0.0,7.0,7.0,66.0,76.0,10.0,7799.3337428564755,9288.502858644055,1489.1691157875794,-0.34817411608706994,-0.21010507005254223,0.13806904603452771,-0.0,-0.017521911526829338,-0.017521911526829338,-0.20636303337207335,-0.21648591465282518,-0.010122881280751839
qmap154,life_238,74b2946fa4cd4b5f2674d1d782198f9847a48610650465988696869ee07ab48b,canonical_sha256_cluster_mean,1,False,,M4 minus strongest-fidelity baseline; negative favorable,M4 minus strongest-fidelity baseline; positive favorable,,29970.0,,,6413.0,,,13362.0,,,1363860.186587711,,,,,,,,,,
qmap154,majority_239,040d1773bb1501d1f86ca2d9028bed22e4dbfe9728922474bce44a5531b21b5a,canonical_sha256_cluster_mean,1,True,M2,M4 minus strongest-fidelity baseline; negative favorable,M4 minus strongest-fidelity baseline; positive favorable,1108.0,768.0,-340.0,0.0,175.0,175.0,469.0,350.0,-119.0,44547.09268165529,37102.80075269707,-7444.2919289582205,-1.108554369610556,-0.7683842561921543,0.34017011341840164,-0.0,-0.4380477881707335,-0.4380477881707335,-0.30730547017413845,-0.2448113252435472,0.062494144930591244
qmap154,max46_240,67f3a2ba74dceba2bd89005348bd7f40e3b7118c9e378395e877d9f522f31d3b,canonical_sha256_cluster_mean,1,False,,M4 minus strongest-fidelity baseline; negative favorable,M4 minus strongest-fidelity baseline; positive favorable,,35784.0,,,9823.0,,,15759.0,,,1610024.3272103826,,,,,,,,,,
qmap154,miller_11,1fbbcea96463dd341d6d14223fe5adfb7ba4dd3fdfaca0da507cf2a2a52eced5,canonical_sha256_cluster_mean,1,True,M1,M4 minus strongest-fidelity baseline; negative favorable,M4 minus strongest-fidelity baseline; positive favorable,96.0,52.0,-44.0,0.0,21.0,21.0,46.0,25.0,-21.0,4250.515749854419,2362.782011491259,-1887.7337383631598,-0.09604803202401929,-0.05202601734634379,0.044022014677675504,-0.0,-0.052565734580488015,-0.052565734580488015,-0.01030288976595668,-0.0065401596934154035,0.0037627300725412774
qmap154,mini-alu_167,d6706fe265e77c9974b4e2ee29fd782d6b5f06dab44521e835b1d2c32e7da411,canonical_sha256_cluster_mean,1,True,M1,M4 minus strongest-fidelity baseline; negative favorable,M4 minus strongest-fidelity baseline; positive favorable,524.0,358.0,-166.0,0.0,83.0,83.0,239.0,167.0,-72.0,24050.932088510843,16978.51186058512,-7072.420227925722,-0.524262174797772,-0.3581791194229053,0.16608305537486673,-0.0,-0.2077598081038336,-0.2077598081038336,-0.10855187713327402,-0.0768782116183695,0.031673665514904525
qmap154,mini_alu_305,9884edf0a652dbcd3b12d359e9a7b9eee9032e6cd906954e05d636a7a12c59a4,canonical_sha256_cluster_mean,1,True,M1,M4 minus strongest-fidelity baseline; negative favorable,M4 minus strongest-fidelity baseline; positive favorable,316.0,208.0,-108.0,0.0,60.0,60.0,125.0,87.0,-38.0,12568.600889738587,9254.36615970381,-3314.2347300347774,-0.31615810541239686,-0.20810406938537515,0.10805403602702171,-0.0,-0.15018781308710863,-0.15018781308710863,-0.12400840827462954,-0.09288047995859433,0.03112792831603521
qmap154,misex1_241,f571e6b12d8e59cb4772af85d23a3ab1679b8b21df2bf9532f95989fedda1371,canonical_sha256_cluster_mean,1,True,M1,M4 minus strongest-fidelity baseline; negative favorable,M4 minus strongest-fidelity baseline; positive favorable,8476.0,5954.0,-2522.0,0.0,1363.0,1363.0,3723.0,2708.0,-1015.0,361883.5411073375,276566.7007324745,-85316.84037486301,-8.480240827454038,-5.956978986156364,2.523261841297674,-0.0,-3.411766487295484,-3.411766487295484,-6.746324199581803,-4.827445543096789,1.9188786564850142
qmap154,mlp4_245,4adf02f2ebf3a225585ba480d6f0c839a879562a7bcb11fa3d065ee9d2cce73b,canonical_sha256_cluster_mean,1,False,,M4 minus strongest-fidelity baseline; negative favorable,M4 minus strongest-fidelity baseline; positive favorable,,24878.0,,,5421.0,,,11155.0,,,1147895.421225494,,,,,,,,,,
qmap154,mod10_171,c8d56b244118432388e76545f2d8c01bfa8f43508c1f8ae17157e79bf41289da,canonical_sha256_cluster_mean,1,True,M1,M4 minus strongest-fidelity baseline; negative favorable,M4 minus strongest-fidelity baseline; positive favorable,440.0,298.0,-142.0,0.0,73.0,73.0,196.0,138.0,-58.0,18985.681781630148,14605.911343997663,-4379.7704376324855,-0.44022014677675514,-0.29814909940789325,0.1420710473688619,-0.0,-0.1827285059226488,-0.1827285059226488,-0.08705599592707057,-0.06519735903426607,0.021858636892804498
qmap154,mod10_176,8dd641baf48f55eb172b86f9b05a182576f0a52226d20cb90648426e4be1ced7,canonical_sha256_cluster_mean,1,True,M2,M4 minus strongest-fidelity baseline; negative favorable,M4 minus strongest-fidelity baseline; positive favorable,324.0,222.0,-102.0,0.0,52.0,52.0,137.0,102.0,-35.0,13014.637221155388,10263.67012296337,-2750.967098192017,-0.32416210808106516,-0.22211107405554462,0.10205103402552054,-0.0,-0.1301627713421608,-0.1301627713421608,-0.06108308173644261,-0.04797303284962295,0.013110048886819665
qmap154,mod5adder_127,f42ebeaf660df39d4e1ffb31f0acaa52f76b35b6cae60b9e161b163b3a0ef143,canonical_sha256_cluster_mean,1,True,M2,M4 minus strongest-fidelity baseline; negative favorable,M4 minus strongest-fidelity baseline; positive favorable,984.0,668.0,-316.0,0.0,163.0,163.0,418.0,306.0,-112.0,39387.107376110376,31508.961301483414,-7878.146074626962,-0.9844923282461978,-0.668334222833801,0.31615810541239686,-0.0,-0.40801022555331173,-0.40801022555331173,-0.22972335283869627,-0.17877289386066791,0.05095045897802836
qmap154,mod5d1_63,8f646fba050365ee2bd40785201080ab4d94bb85dfd7caae056eb74513b04579,canonical_sha256_cluster_mean,1,True,M2,M4 minus strongest-fidelity baseline; negative favorable,M4 minus strongest-fidelity baseline; positive favorable,64.0,38.0,-26.0,0.0,8.0,8.0,24.0,17.0,-7.0,2421.6148766451643,1720.0051169291357,-701.6097597160285,-0.0640320213493462,-0.03801901267617431,0.02601300867317189,-0.0,-0.020025041744947816,-0.020025041744947816,-0.010361814021184034,-0.007236393781989474,0.0031254202391945603
qmap154,mod5d2_64,2b0c30df2cb02052a00194a2064cbb204e581278c89c93f9dff8bf4741e22dc2,canonical_sha256_cluster_mean,1,True,M1,M4 minus strongest-fidelity baseline; negative favorable,M4 minus strongest-fidelity baseline; positive favorable,104.0,76.0,-28.0,0.0,16.0,16.0,50.0,37.0,-13.0,4729.997693227506,3773.9983546837734,-955.9993385437324,-0.10405203469268758,-0.07603802535234862,0.028014009340338958,-0.0,-0.04005008348989563,-0.04005008348989563,-0.02054156584905705,-0.015879786323935566,0.004661779525121486
qmap154,mod5mils_65,e20660c789713938e6f9c85c8aab18f2cf88dd5e6ecb77cb136fab96c9497ff9,canonical_sha256_cluster_mean,1,True,M1,M4 minus strongest-fidelity baseline; negative favorable,M4 minus strongest-fidelity baseline; positive favorable,68.0,46.0,-22.0,0.0,11.0,11.0,32.0,22.0,-10.0,3101.456533667922,2204.740082238138,-896.7164514297842,-0.06803402268368033,-0.04602301534484258,0.022011007338837756,-0.0,-0.027534432399303248,-0.027534432399303248,-0.01332754594607344,-0.009507354992374605,0.0038201909536988345
qmap154,mod8-10_177,29d2d2ba2eb18eb5ab2c49bd53f46992b37b48715ddad032382024339a0ed6c0,canonical_sha256_cluster_mean,1,True,M2,M4 minus strongest-fidelity baseline; negative favorable,M4 minus strongest-fidelity baseline; positive favorable,792.0,538.0,-254.0,0.0,131.0,131.0,348.0,253.0,-95.0,32928.32334643097,25880.309826987108,-7048.013519443859,-0.7923962641981592,-0.5382691794679415,0.2541270847302177,-0.0,-0.32791005857352046,-0.32791005857352046,-0.18895086636019537,-0.1428483492216277,0.04610251713856767
qmap154,mod8-10_178,c8416c44c0070c3fb15d442644a2d57645ab8eacb8876b7384d5baca60842315,canonical_sha256_cluster_mean,1,True,M1,M4 minus strongest-fidelity baseline; negative favorable,M4 minus strongest-fidelity baseline; positive favorable,628.0,422.0,-206.0,0.0,103.0,103.0,280.0,197.0,-83.0,26558.98264681625,20984.549331296996,-5574.433315519254,-0.6283142094904596,-0.4222111407722515,0.20610306871820805,-0.0,-0.25782241246620313,-0.25782241246620313,-0.15119705880623308,-0.11720672100726327,0.0339903377989698
qmap154,one-two-three-v0_97,6bc06c9ebf9b722cea0f989fdc71fc87334708b05c6828266ddb11ced211db99,canonical_sha256_cluster_mean,1,True,M1,M4 minus strongest-fidelity baseline; negative favorable,M4 minus strongest-fidelity baseline; positive favorable,536.0,358.0,-178.0,0.0,88.0,88.0,237.0,167.0,-70.0,22329.19400301642,16744.080530251096,-5585.1134727653225,-0.5362681788007744,-0.3581791194229053,0.17808905937786906,-0.0,-0.22027545919442598,-0.22027545919442598,-0.10250108311846956,-0.07804159161243449,0.024459491506035075
qmap154,one-two-three-v0_98,0a0d73bbac4f2706db89eac74c34669b900537059d81b0bf2094c7f97d0304a3,canonical_sha256_cluster_mean,1,True,M1,M4 minus strongest-fidelity baseline; negative favorable,M4 minus strongest-fidelity baseline; positive favorable,264.0,184.0,-80.0,0.0,43.0,43.0,119.0,84.0,-35.0,11744.198106370073,8282.482348399653,-3461.71575797042,-0.2641320880660531,-0.18409206137937031,0.08004002668668278,-0.0,-0.1076345993790945,-0.1076345993790945,-0.053261769225394134,-0.03794777508541536,0.015313994139978776
qmap154,one-two-three-v1_99,4ea7a43cd39b6fc7c5ba77d77c7ebf00dd92b539d2c56d977ff9bee8952fdd66,canonical_sha256_cluster_mean,1,True,M2,M4 minus strongest-fidelity baseline; negative favorable,M4 minus strongest-fidelity baseline; positive favorable,244.0,168.0,-76.0,0.0,42.0,42.0,113.0,79.0,-34.0,10574.013617029783,8250.223639521217,-2323.789977508566,-0.24412208139438238,-0.16808405604203377,0.0760380253523486,-0.0,-0.10513146916097603,-0.10513146916097603,-0.04819185240413589,-0.03678833772071291,0.011403514683422981
qmap154,one-two-three-v2_100,e73d2832157ee147f3cbb3f3ebebd285b8fda1cbf0b6e8f4627f21cf488be333,canonical_sha256_cluster_mean,1,True,M2,M4 minus strongest-fidelity baseline; negative favorable,M4 minus strongest-fidelity baseline; positive favorable,140.0,92.0,-48.0,0.0,22.0,22.0,59.0,43.0,-16.0,5730.218596084863,4276.574971269481,-1453.6436248153823,-0.14007004670169482,-0.09204603068968516,0.04802401601200966,-0.0,-0.055068864798606496,-0.055068864798606496,-0.02569019914874776,-0.01856262456856813,0.007127574580179631
qmap154,one-two-three-v3_101,46faae924ea2fb39bd42153545d56bde36cb7d2fb617493a033ea462bb80dfac,canonical_sha256_cluster_mean,1,True,M2,M4 minus strongest-fidelity baseline; negative favorable,M4 minus strongest-fidelity baseline; positive favorable,144.0,90.0,-54.0,0.0,23.0,23.0,59.0,42.0,-17.0,5695.024833728676,4066.2028338779382,-1628.8219998507375,-0.14407204803602894,-0.0900450300225181,0.05402701801351084,-0.0,-0.05757199501672497,-0.05757199501672497,-0.025532011185424006,-0.018878554871085085,0.0066534563143389215
qmap154,plus63mod4096_163,b808153d3b91e8ede62618c77815e00a84c28c8cbfd9940412cd60a74686cfc3,canonical_sha256_cluster_mean,1,False,,M4 minus strongest-fidelity baseline; negative favorable,M4 minus strongest-fidelity baseline; positive favorable,,170844.0,,,39104.0,,,76811.0,,,7899085.404483384,,,,,,,,,,
qmap154,plus63mod8192_164,15ed11d4a3dd7ea9656c37ea5e18376eb48e265c74545e1213c96380cf1ba852,canonical_sha256_cluster_mean,1,False,,M4 minus strongest-fidelity baseline; negative favorable,M4 minus strongest-fidelity baseline; positive favorable,,261714.0,,,55406.0,,,119945.0,,,12139964.43917138,,,,,,,,,,
qmap154,pm1_249,d800bdc1387d38e9d43ce4de7c660bcce7f9dfc81455c7ac955f18408479de3d,canonical_sha256_cluster_mean,2,True,M1,M4 minus strongest-fidelity baseline; negative favorable,M4 minus strongest-fidelity baseline; positive favorable,3128.0,2190.0,-938.0,0.0,506.0,506.0,1311.0,987.0,-324.0,126664.64265861743,102635.83750484063,-24028.805153776804,-3.1295650434492956,-2.19109573054794,0.9384693129013555,-0.0,-1.2665838903679494,-1.2665838903679494,-1.9207981959362914,-1.4957182961544373,0.4250798997818541
qmap154,qe_qft_4,081979fd7492baf5b800ab2ecf9a40368544e0b330c139e248e5342892ed469a,canonical_sha256_cluster_mean,1,True,M2,M4 minus strongest-fidelity baseline; negative favorable,M4 minus strongest-fidelity baseline; positive favorable,56.0,44.0,-12.0,0.0,0.0,0.0,16.0,20.0,4.0,1650.5620692555674,2072.564370403532,422.00230114796454,-0.05602801868067792,-0.04402201467767551,0.012006004003002411,-0.0,-0.0,0.0,-0.010785944230970734,-0.010314576130955096,0.0004713681000156379
qmap154,qe_qft_5,9296c4d9d70d4b782022666728fc1ed6948b105b09cf991b52689a4556553f5f,canonical_sha256_cluster_mean,1,True,M1,M4 minus strongest-fidelity baseline; negative favorable,M4 minus strongest-fidelity baseline; positive favorable,48.0,38.0,-10.0,0.0,1.0,1.0,20.0,16.0,-4.0,2184.382605259369,1687.7469091049384,-496.63569615443066,-0.048024016012009646,-0.03801901267617431,0.010005003335835337,-0.0,-0.002503130218118477,-0.002503130218118477,-0.013597950705153591,-0.011948661157307682,0.0016492895478459092
qmap154,qft_10,c254705763939d7764422ef5dd7203e07ed12ba332697bed4093e8e8f77534dc,canonical_sha256_cluster_mean,1,False,,M4 minus strongest-fidelity baseline; negative favorable,M4 minus strongest-fidelity baseline; positive favorable,,0.0,,,0.0,,,0.0,,,0.0,,,-0.0,,,-0.0,,,0.0,
qmap154,qft_16,2e5720da50a8d2fd9ab1fb290f0329a29fa73b931ac3b1565d4a2c693f566c23,canonical_sha256_cluster_mean,1,False,,M4 minus strongest-fidelity baseline; negative favorable,M4 minus strongest-fidelity baseline; positive favorable,,0.0,,,0.0,,,0.0,,,0.0,,,-0.0,,,-0.0,,,0.0,
qmap154,radd_250,cf4a8e6ee6f9677f920d283d31ac6cc79f4dc8ed011444457d1fd4be4aa0fb9d,canonical_sha256_cluster_mean,1,True,M2,M4 minus strongest-fidelity baseline; negative favorable,M4 minus strongest-fidelity baseline; positive favorable,5836.0,4126.0,-1710.0,0.0,917.0,917.0,2513.0,1872.0,-641.0,243544.2846596557,189381.1113843357,-54163.173275320005,-5.8389199467935065,-4.128064376365662,1.710855570427844,-0.0,-2.2953704100146433,-2.2953704100146433,-3.597386767464978,-2.6702616627968063,0.9271251046681717
qmap154,rd32-v0_66,2fdaaefcdde70b3b3597736046e754abdfc97b9e98f6656ea789929fdf6f0ecb,canonical_sha256_cluster_mean,1,True,M1,M4 minus strongest-fidelity baseline; negative favorable,M4 minus strongest-fidelity baseline; positive favorable,52.0,34.0,-18.0,0.0,9.0,9.0,24.0,16.0,-8.0,2295.7742021789913,1594.6542158453067,-701.1199863336847,-0.05202601734634379,-0.03401701134184017,0.01800900600450362,-0.0,-0.022528171963066293,-0.022528171963066293,-0.007764704379474568,-0.005514728838037582,0.002249975541436986
qmap154,rd32-v1_68,e0b103d516baa0b7f6568f867dab262f2f66620405eb887fb0a4bc2b3b83db45,canonical_sha256_cluster_mean,1,True,M1,M4 minus strongest-fidelity baseline; negative favorable,M4 minus strongest-fidelity baseline; positive favorable,52.0,34.0,-18.0,0.0,9.0,9.0,24.0,16.0,-8.0,2295.7742021789913,1594.6542158453067,-701.1199863336847,-0.05202601734634379,-0.03401701134184017,0.01800900600450362,-0.0,-0.022528171963066293,-0.022528171963066293,-0.007868912344780167,-0.0056188762883499525,0.002250036056430214
qmap154,rd32_270,0d21004070d0a6614961fe081dffc6b68f22d145e1bac2b93deac3a6cbd14dbf,canonical_sha256_cluster_mean,1,True,M1,M4 minus strongest-fidelity baseline; negative favorable,M4 minus strongest-fidelity baseline; positive favorable,148.0,96.0,-52.0,0.0,25.0,25.0,68.0,47.0,-21.0,6411.441859268658,4722.044714349889,-1689.3971449187693,-0.1480740493703631,-0.09604803202401929,0.052026017346343795,-0.0,-0.06257825545296192,-0.06257825545296192,-0.029397234500245402,-0.02160363435514187,0.007793600145103531
qmap154,rd53_130,9986622748f143462cb57b994c62dface6274571ab108abe0d5da591993d56d7,canonical_sha256_cluster_mean,1,True,M1,M4 minus strongest-fidelity baseline; negative favorable,M4 minus strongest-fidelity baseline; positive favorable,1880.0,1308.0,-572.0,0.0,294.0,294.0,785.0,588.0,-197.0,74298.55452539532,59568.207947864714,-14730.346577530603,-1.8809406271370446,-1.308654436327263,0.5722861908097816,-0.0,-0.7359202841268322,-0.7359202841268322,-0.5214030863938448,-0.4060119372390183,0.11539114915482651
qmap154,rd53_131,be9e69cdeacc1bca8baee7df907061733b8c0c8ee5f5400f69c299d861a6c725,canonical_sha256_cluster_mean,1,True,M1,M4 minus strongest-fidelity baseline; negative favorable,M4 minus strongest-fidelity baseline; positive favorable,836.0,604.0,-232.0,0.0,128.0,128.0,357.0,272.0,-85.0,34934.42435753634,28092.665367614954,-6841.758989921389,-0.8364182788758348,-0.6043022014844548,0.23211607739137996,-0.0,-0.32040066791916505,-0.32040066791916505,-0.2345706181144443,-0.18194743422087908,0.05262318389356521
qmap154,rd53_133,7568bb9bf97b4ad2d03827ff66ea80cbed58e1fa811c3c6924e3154f8ac015f0,canonical_sha256_cluster_mean,1,True,M1,M4 minus strongest-fidelity baseline; negative favorable,M4 minus strongest-fidelity baseline; positive favorable,1044.0,734.0,-310.0,0.0,162.0,162.0,447.0,337.0,-110.0,42336.77260045512,35065.08642714838,-7271.686173306742,-1.0445223482612098,-0.7343672448503142,0.3101551034108956,-0.0,-0.40550709533519325,-0.40550709533519325,-0.2896707163610294,-0.2288261524025808,0.060844563958448616
qmap154,rd53_135,eb832c5f8f923061439d844842c8a7876f763051b9241b753ac772e69888a63c,canonical_sha256_cluster_mean,1,True,M1,M4 minus strongest-fidelity baseline; negative favorable,M4 minus strongest-fidelity baseline; positive favorable,548.0,388.0,-160.0,0.0,88.0,88.0,229.0,179.0,-50.0,21870.64425635051,18449.37087754964,-3421.27337880087,-0.5482741828037768,-0.3881941294304113,0.1600800533733655,-0.0,-0.22027545919442598,-0.22027545919442598,-0.14893292853905923,-0.11764474160757177,0.031288186931487466
qmap154,rd53_138,3b0bd2035db7cf2547b925a5bb182e565f350a0756310fc40ac23ff85782a6ad,canonical_sha256_cluster_mean,1,True,M1,M4 minus strongest-fidelity baseline; negative favorable,M4 minus strongest-fidelity baseline; positive favorable,240.0,152.0,-88.0,0.0,43.0,43.0,99.0,62.0,-37.0,10032.087655617022,6799.95462564667,-3232.1330299703523,-0.24012008006004826,-0.15207605070469724,0.08804402935535102,-0.0,-0.1076345993790945,-0.1076345993790945,-0.07840644845184826,-0.05555670973002267,0.022849738721825587
qmap154,rd53_251,a15dd882bbe53aea063fc08cb96e33fd774fc6763d90813aa5ed1415ffb775a2,canonical_sha256_cluster_mean,1,True,M1,M4 minus strongest-fidelity baseline; negative favorable,M4 minus strongest-fidelity baseline; positive favorable,2312.0,1588.0,-724.0,0.0,377.0,377.0,996.0,732.0,-264.0,94542.43551484776,76301.71304054887,-18240.72247429889,-2.3131567712451315,-1.5887945297306525,0.724362241514479,-0.0,-0.9436800922306658,-0.9436800922306658,-0.7700495987041375,-0.5982330197078171,0.1718165789963204
qmap154,rd53_311,1a2e65e77c47deda845cff04ac39142ee67177958161cb55e0eee9ab9f5a61a5,canonical_sha256_cluster_mean,1,True,M2,M4 minus strongest-fidelity baseline; negative favorable,M4 minus strongest-fidelity baseline; positive favorable,520.0,348.0,-172.0,0.0,94.0,94.0,198.0,152.0,-46.0,19276.440694533714,16073.478428218525,-3202.9622663151895,-0.5202601734634379,-0.34817411608706994,0.17208605737636795,-0.0,-0.23529424050313683,-0.23529424050313683,-0.25824012812191677,-0.20692315841143222,0.05131696971048455
qmap154,rd73_140,f0db956c320d40de51858d908aa0fe247112cd2c9c82085581052b79ba123d2c,canonical_sha256_cluster_mean,1,True,M1,M4 minus strongest-fidelity baseline; negative favorable,M4 minus strongest-fidelity baseline; positive favorable,416.0,258.0,-158.0,0.0,82.0,82.0,157.0,107.0,-50.0,15665.91121357558,11671.155161929804,-3994.756051645776,-0.4162081387707503,-0.25812908606455187,0.15807905270619843,-0.0,-0.2052566778857151,-0.2052566778857151,-0.16184406925974093,-0.12379233267700436,0.03805173658273657
qmap154,rd73_252,181b076ba081017381177d84383cc4f660e01506983ee907420658ef1adbd956,canonical_sha256_cluster_mean,1,True,M1,M4 minus strongest-fidelity baseline; negative favorable,M4 minus strongest-fidelity baseline; positive favorable,9548.0,6748.0,-2800.0,0.0,1520.0,1520.0,4053.0,3042.0,-1011.0,391160.087639514,307275.6180801461,-83884.46955936792,-9.552777185055586,-6.75137625102169,2.8014009340338957,-0.0,-3.804757931540085,-3.804757931540085,-4.8720768013918505,-3.5513645047595763,1.3207122966322742
qmap154,rd84_142,905244f2543b366d276cc748f223b549e8c6712f4b686c6295e2e70e4df2d908,canonical_sha256_cluster_mean,1,True,M2,M4 minus strongest-fidelity baseline; negative favorable,M4 minus strongest-fidelity baseline; positive favorable,628.0,396.0,-232.0,0.0,120.0,120.0,183.0,152.0,-31.0,22368.962191309052,16112.856081813621,-6256.106109495431,-0.6283142094904596,-0.3961981320990796,0.23211607739137996,-0.0,-0.30037562617421726,-0.30037562617421726,-0.361734690696973,-0.27155916542814823,0.09017552526882477
qmap154,rd84_253,a9efde0279e6a63c1de865e8ae22b6b7bbb96a6b2ae2a58c3038bcafea2c08f4,canonical_sha256_cluster_mean,1,False,,M4 minus strongest-fidelity baseline; negative favorable,M4 minus strongest-fidelity baseline; positive favorable,,17700.0,,,3987.0,,,7851.0,,,802500.9102616186,,,-17.708855904428557,,,-9.979980179638368,,,-20.080926479269948,
qmap154,root_255,2b3237a508e829210f1cc5215a037ed2416c9c8f69d09be3c5cc69f274db9ae8,canonical_sha256_cluster_mean,1,False,,M4 minus strongest-fidelity baseline; negative favorable,M4 minus strongest-fidelity baseline; positive favorable,,22610.0,,,4987.0,,,9873.0,,,1017866.0674881164,,,,,,,,,,
qmap154,sao2_257,43706b3214137b0e3861e5fec3fc91ef93dbc649f0787fccbe50e5b3c4eacff8,canonical_sha256_cluster_mean,1,False,,M4 minus strongest-fidelity baseline; negative favorable,M4 minus strongest-fidelity baseline; positive favorable,,51130.0,,,13859.0,,,22389.0,,,2315258.080113711,,,,,,,,,,
qmap154,sf_274,a6601aa8a2f26cecf967808159491730a5ec445ea7982d3bada3e769531cf1b0,canonical_sha256_cluster_mean,1,True,M2,M4 minus strongest-fidelity baseline; negative favorable,M4 minus strongest-fidelity baseline; positive favorable,1356.0,934.0,-422.0,0.0,228.0,228.0,600.0,436.0,-164.0,56164.12901965393,46118.33902054906,-10045.789999104869,-1.3566784523392725,-0.9344673115670211,0.4222111407722514,-0.0,-0.5707136897310128,-0.5707136897310128,-0.32892099112066425,-0.25709026421586084,0.07183072690480341
qmap154,sf_276,4b3a5ff4ee6e996fec8dbee995040ab4694fa02a4220ee8b1890926ec0ef8be2,canonical_sha256_cluster_mean,1,True,M2,M4 minus strongest-fidelity baseline; negative favorable,M4 minus strongest-fidelity baseline; positive favorable,1360.0,936.0,-424.0,0.0,228.0,228.0,604.0,440.0,-164.0,56597.73292120202,46118.438520084936,-10479.294401117084,-1.3606804536736068,-0.9364683122341881,0.42421214143941866,-0.0,-0.5707136897310128,-0.5707136897310128,-0.33071265398897237,-0.2569412585226253,0.07377139546634709
qmap154,sqn_258,9e525b1d35ed9e69aaedcf8bd3fdf71ef4f7393c6838de0a4837f6c92a652f0d,canonical_sha256_cluster_mean,1,True,M1,M4 minus strongest-fidelity baseline; negative favorable,M4 minus strongest-fidelity baseline; positive favorable,18484.0,13034.0,-5450.0,0.0,2939.0,2939.0,7662.0,5819.0,-1843.0,737083.6264317728,595843.1753539181,-141240.45107785473,-18.49324816595805,-13.040521347927786,5.452726818030264,-0.0,-7.3566997110502035,-7.3566997110502035,-13.197051089569044,-9.262316000959247,3.9347350886097967
qmap154,sqrt8_260,5330ce57f4a8a8c2c2ac01c0f03ebfa187a9b427e0b3ff488641834ea78563f6,canonical_sha256_cluster_mean,1,True,M1,M4 minus strongest-fidelity baseline; negative favorable,M4 minus strongest-fidelity baseline; positive favorable,5432.0,3852.0,-1580.0,0.0,853.0,853.0,2337.0,1738.0,-599.0,225864.0148708775,176545.93349037095,-49318.08138050654,-5.434717812025759,-3.8539272849637745,1.5807905270619842,-0.0,-2.135170076055061,-2.135170076055061,-3.0388392407909803,-2.2753705548665564,0.763468685924424
qmap154,squar5_261,205466da7c64551e7ef8d0ebcec9a29c26c1c6c9b66f614d19a34ff916800dc6,canonical_sha256_cluster_mean,1,True,M1,M4 minus strongest-fidelity baseline; negative favorable,M4 minus strongest-fidelity baseline; positive favorable,3500.0,2456.0,-1044.0,0.0,578.0,578.0,1492.0,1109.0,-383.0,144954.25928466464,112654.49537272406,-32299.76391194058,-3.5017511675423703,-2.4572288192811604,1.0445223482612098,-0.0,-1.4468092660724796,-1.4468092660724796,-2.0434672854252,-1.5446578266937259,0.4988094587314742
qmap154,square_root_7,94334a0880d4a94503440956c484a2bfa59894baae72b5892bd249f94da01983,canonical_sha256_cluster_mean,1,True,M2,M4 minus strongest-fidelity baseline; negative favorable,M4 minus strongest-fidelity baseline; positive favorable,13212.0,9390.0,-3822.0,0.0,1915.0,1915.0,5311.0,4196.0,-1115.0,518681.9066011588,439425.61807848,-79256.28852267878,-13.218610407305656,-9.394698132349388,3.8239122749562675,-0.0,-4.7934943676968835,-4.7934943676968835,-10.488333969828195,-7.916789415693917,2.5715445541342783
qmap154,sym10_262,5db52a7209dad55f0dc564044090c5a06872df68846f80b25e1a9ca1519f9cde,canonical_sha256_cluster_mean,1,False,,M4 minus strongest-fidelity baseline; negative favorable,M4 minus strongest-fidelity baseline; positive favorable,,85932.0,,,20347.0,,,38283.0,,,3950465.385597332,,,,,,,,,,
qmap154,sym6_145,cfc7a9ef5d3d73772fa0a79c64272948d4d312053c89a7c95c3799d068f28b2a,canonical_sha256_cluster_mean,1,True,M1,M4 minus strongest-fidelity baseline; negative favorable,M4 minus strongest-fidelity baseline; positive favorable,7072.0,4942.0,-2130.0,0.0,1129.0,1129.0,3056.0,2256.0,-800.0,289332.0055769858,225371.9651216403,-63960.04045534547,-7.075538359102755,-4.9444726485698265,2.131065710532929,-0.0,-2.8260340162557607,-2.8260340162557607,-2.2685639582016472,-1.6720904228150835,0.5964735353865638
qmap154,sym6_316,2fabbd1041f29f041e6f33a894239db90c289c40d9e93f6e6e5a91771055029c,canonical_sha256_cluster_mean,1,True,M2,M4 minus strongest-fidelity baseline; negative favorable,M4 minus strongest-fidelity baseline; positive favorable,524.0,340.0,-184.0,0.0,90.0,90.0,207.0,150.0,-57.0,20091.13829063229,15220.669011391274,-4870.469279241017,-0.524262174797772,-0.3401701134184017,0.18409206137937034,-0.0,-0.22528171963066293,-0.22528171963066293,-0.28778758801433696,-0.2217565703483837,0.06603101766595326
qmap154,sym9_146,6ecd393a830744f5c1bbf3964bc813e7b8d940c7a39755f70e86d425b203bd44,canonical_sha256_cluster_mean,1,True,M1,M4 minus strongest-fidelity baseline; negative favorable,M4 minus strongest-fidelity baseline; positive favorable,600.0,364.0,-236.0,0.0,112.0,112.0,227.0,159.0,-68.0,23100.31698383188,18921.676206815646,-4178.640777016233,-0.6003002001501206,-0.36418212142440654,0.2361180787257141,-0.0,-0.2803505844292694,-0.2803505844292694,-0.2884495795540688,-0.23464431096123053,0.05380526859283827
qmap154,sym9_148,6a854c802f048fc965ee3b2fea0772c5ebe941c837e8ea52c657829e243e25b5,canonical_sha256_cluster_mean,1,False,,M4 minus strongest-fidelity baseline; negative favorable,M4 minus strongest-fidelity baseline; positive favorable,,28330.0,,,6097.0,,,12691.0,,,1314421.4571088299,,,,,,,,,,
qmap154,sym9_193,26bde4287c6cb5d5b60c40f5aef845bacf25cce07cfdc5871e9fb2dea2c9746c,canonical_sha256_cluster_mean,2,False,,M4 minus strongest-fidelity baseline; negative favorable,M4 minus strongest-fidelity baseline; positive favorable,,46388.0,,,12482.0,,,20602.0,,,2103165.450424444,,,,,,,,,,
qmap154,sys6-v0_111,556cc6c9d99e6f8ab21856ebd4604002b6ff842e3cf3a9ebdd6c1e725fb31246,canonical_sha256_cluster_mean,1,True,M2,M4 minus strongest-fidelity baseline; negative favorable,M4 minus strongest-fidelity baseline; positive favorable,396.0,234.0,-162.0,0.0,76.0,76.0,121.0,93.0,-28.0,14248.74960595893,11654.147401819368,-2594.6022041395627,-0.3961981320990796,-0.23411707805854703,0.16208105404053258,-0.0,-0.19023789657700424,-0.19023789657700424,-0.14900647758825655,-0.11958363177481898,0.02942284581343757
qmap154,urf1_149,bfb4a038a3fbac9ef336ae9bb1049d6eecf898f1b0288765c45315abd7388a4b,canonical_sha256_cluster_mean,1,False,,M4 minus strongest-fidelity baseline; negative favorable,M4 minus strongest-fidelity baseline; positive favorable,,231180.0,,,59603.0,,,106716.0,,,10847476.931742195,,,,,,,,,,
qmap154,urf1_278,a1e792ad6dea65292c6f25330a00d88d427b32fa5d9a689ea1e6e25faaed858e,canonical_sha256_cluster_mean,1,False,,M4 minus strongest-fidelity baseline; negative favorable,M4 minus strongest-fidelity baseline; positive favorable,,82780.0,,,17599.0,,,36745.0,,,3764513.443127069,,,,,,,,,,
qmap154,urf2_152,55b93a9b6eff1a8ea7a3f8edb58f348a0de40c2d16d890d46fccff55d4af6183,canonical_sha256_cluster_mean,1,False,,M4 minus strongest-fidelity baseline; negative favorable,M4 minus strongest-fidelity baseline; positive favorable,,96284.0,,,26512.0,,,44745.0,,,4464796.90019996,,,,,,,,,,
qmap154,urf2_277,6b204da03ed7c6d4a702bf7e75e363c9521987069c738fe559f3b61d7a389ce5,canonical_sha256_cluster_mean,1,False,,M4 minus strongest-fidelity baseline; negative favorable,M4 minus strongest-fidelity baseline; positive favorable,,31612.0,,,5978.0,,,13968.0,,,1423456.1764107407,,,,,,,,,,
qmap154,urf3_155,0c55a40c9f7259ed883713b1089a34fb52d3bbc047f58e264486f7f2e9ca7447,canonical_sha256_cluster_mean,1,False,,M4 minus strongest-fidelity baseline; negative favorable,M4 minus strongest-fidelity baseline; positive favorable,,534080.0,,,132836.0,,,247201.0,,,25041010.818370327,,,,,,,,,,
qmap154,urf3_279,328bdf07834b8d149b8419faf06dea8ba61a3f59f680d4494fa42d1fb6c9d76b,canonical_sha256_cluster_mean,1,False,,M4 minus strongest-fidelity baseline; negative favorable,M4 minus strongest-fidelity baseline; positive favorable,,200292.0,,,37421.0,,,89204.0,,,9110537.395175645,,,,,,,,,,
qmap154,urf4_187,11e30776f79843ad4e7b6d4e62727fc4bd683f9cef5c0ec80fefab01e6d907f8,canonical_sha256_cluster_mean,1,False,,M4 minus strongest-fidelity baseline; negative favorable,M4 minus strongest-fidelity baseline; positive favorable,,,,,,,,,,,,,,,,,,,,,
qmap154,urf5_158,519990e4e669042f5f88609d0678fac03062d4c73dbb340576dccdfb4d4791de,canonical_sha256_cluster_mean,1,False,,M4 minus strongest-fidelity baseline; negative favorable,M4 minus strongest-fidelity baseline; positive favorable,,208138.0,,,52837.0,,,96136.0,,,9699237.893552672,,,,,,,,,,
qmap154,urf5_280,5cf6399299cef926984e7c5cb768fb3ee0fa8a47a51b246a2188db42073e823c,canonical_sha256_cluster_mean,1,False,,M4 minus strongest-fidelity baseline; negative favorable,M4 minus strongest-fidelity baseline; positive favorable,,72562.0,,,16304.0,,,32211.0,,,3280008.7733406257,,,,,,,,,,
qmap154,urf6_160,880954c5d99eb11659dc5546165525c3911fe05965a70e40c276522a6acd69ab,canonical_sha256_cluster_mean,1,False,,M4 minus strongest-fidelity baseline; negative favorable,M4 minus strongest-fidelity baseline; positive favorable,,214498.0,,,54456.0,,,100343.0,,,10155650.626117483,,,,,,,,,,
qmap154,wim_266,f2f31e619d116aed7be5fcda1e0a22222bbb82cc6791249a4dd8f7fb7ceeefe3,canonical_sha256_cluster_mean,1,True,M1,M4 minus strongest-fidelity baseline; negative favorable,M4 minus strongest-fidelity baseline; positive favorable,1748.0,1202.0,-546.0,0.0,283.0,283.0,719.0,537.0,-182.0,68749.0546970183,55969.901317489406,-12779.1533795289,-1.748874583104018,-1.2026014009674082,0.5462731821366098,-0.0,-0.708385851727529,-0.708385851727529,-0.7880174772227305,-0.6226801963098715,0.16533728091285904
qmap154,xor5_254,4a6d53e313003be35a7d3c56a5702b8a2f0ce138861f1ff1de53929c6660d26a,canonical_sha256_cluster_mean,2,True,M1,M4 minus strongest-fidelity baseline; negative favorable,M4 minus strongest-fidelity baseline; positive favorable,24.0,20.0,-4.0,0.0,0.0,0.0,10.0,9.0,-1.0,1131.3919595273794,1033.1510800838678,-98.24087944351163,-0.024012008006004823,-0.020010006671670688,0.004002001334334135,-0.0,-0.0,0.0,-0.004985774142499989,-0.004632526699042233,0.00035324744345775674
qmap154,z4_268,935c1b731051464946985e7a4faa9c24b169fbff8324a41153a00492f1ffbfd9,canonical_sha256_cluster_mean,1,False,,M4 minus strongest-fidelity baseline; negative favorable,M4 minus strongest-fidelity baseline; positive favorable,,3948.0,,,878.0,,,1752.0,,,178219.3351480037,,,-3.9499753169877936,,,-2.1977483315080226,,,-2.1151117217956257,
