dataset,circuit,comparison,in_scope,paired_valid,current_variant,reference_variant,current_fidelity,reference_fidelity,delta_logF,fidelity_ratio,current_valid_over_N,reference_valid_over_N,ga_applicable_boundaries,current_transfers,reference_transfers,delta_transfers,current_idle_exposures,reference_idle_exposures,delta_idle_exposures,current_log_coherence_linear,reference_log_coherence_linear,delta_log_coherence_linear,current_move_batches,reference_move_batches,delta_move_batches,current_move_time_us,reference_move_time_us,delta_move_time_us,current_algorithm_time_s,reference_algorithm_time_s,delta_algorithm_time_s
qmap154,4gt10-v1_81,H8_vs_H0,True,True,paper_h8_ga,paper_h0_ga,0.4918456355303221,0.5024860873265677,-0.021403034296930024,0.9788243852623718,3/3,3/3,19,192.0,262.0,-70.0,43.0,0.0,43.0,-0.04182635574412587,-0.05802289747544285,0.01619654173131698,88.0,124.0,-36.0,9409.287024188574,13286.799203416767,-3877.5121792281934,7.591942625,5.797808291,1.7941343339999998
qmap154,4gt10-v1_81,GA_vs_greedy,True,True,paper_h8_ga,paper_h8_greedy_only,0.4918456355303221,0.4931264035260183,-0.00260061944248946,0.9974027592387302,3/3,1/1,19,192.0,190.0,2.0,43.0,43.0,0.0,-0.04182635574412587,-0.04122673696880338,-0.0005996187753224899,88.0,87.0,1.0,9409.287024188574,9108.34294320367,300.94408098490385,7.591942625,9.032242708,-1.4403000830000003
qmap154,4gt11_84,H8_vs_H0,True,True,paper_h8_ga,paper_h0_ga,0.9105067545721256,0.9129030088744804,-0.0026283238467322695,0.9973751271722621,3/3,3/3,3,26.0,34.0,-8.0,5.0,0.0,5.0,-0.004711614973677119,-0.006594939548868943,0.0018833245751918234,11.0,15.0,-4.0,1146.0869877163889,1601.6223905585864,-455.5354028421975,1.730781542,1.931576792,-0.2007952500000001
qmap154,4gt11_84,GA_vs_greedy,True,True,paper_h8_ga,paper_h8_greedy_only,0.9105067545721256,0.9105067545721256,0.0,1.0,3/3,1/1,3,26.0,26.0,0.0,5.0,5.0,0.0,-0.004711614973677119,-0.004711614973677119,0.0,11.0,11.0,0.0,1146.0869877163889,1146.0869877163889,0.0,1.730781542,1.707684042,0.023097499999999993
qmap154,4gt5_76,H8_vs_H0,True,True,paper_h8_ga,paper_h0_ga,0.6233918072905074,0.63263480288836,-0.014718099721317046,0.9853896820793722,3/3,3/3,17,128.0,170.0,-42.0,25.0,0.0,25.0,-0.02765727596806158,-0.033496417689198005,0.005839141721136424,61.0,78.0,-17.0,6258.492990539773,7543.139143753454,-1284.646153213681,5.572600083,4.372521292,1.2000787910000001
qmap154,4gt5_76,GA_vs_greedy,True,True,paper_h8_ga,paper_h8_greedy_only,0.6233918072905074,0.6233918072905074,0.0,1.0,3/3,1/1,17,128.0,128.0,0.0,25.0,25.0,0.0,-0.02765727596806158,-0.02765727596806158,0.0,61.0,61.0,0.0,6258.492990539773,6258.492990539773,0.0,5.572600083,5.425431708,0.14716837500000057
qmap154,4mod7-v0_94,H8_vs_H0,True,True,paper_h8_ga,paper_h0_ga,0.47232861436881496,0.48499011597577024,-0.026453551076323523,0.9738932790795517,3/3,3/3,18,196.0,278.0,-82.0,49.0,0.0,49.0,-0.041445093871505134,-0.05560389612913723,0.014158802257632094,92.0,131.0,-39.0,9180.29154638319,12522.814994115011,-3342.523447731821,8.108882417,6.084855792,2.0240266250000003
qmap154,4mod7-v0_94,GA_vs_greedy,True,True,paper_h8_ga,paper_h8_greedy_only,0.47232861436881496,0.47232861436881496,0.0,1.0,3/3,1/1,18,196.0,196.0,0.0,49.0,49.0,0.0,-0.041445093871505134,-0.041445093871505134,0.0,92.0,92.0,0.0,9180.29154638319,9180.29154638319,0.0,8.108882417,7.85815925,0.2507231670000003
qmap154,9symml_195,H8_vs_H0,True,False,paper_h8_ga,paper_h0_ga,,,,,3/3,3/3,2126,46388.0,61060.0,,12482.0,1247.0,,,,,20602.0,27082.0,,2103165.450424444,2763821.3854714157,,54.686837833,52.725380208,
qmap154,9symml_195,GA_vs_greedy,True,False,paper_h8_ga,paper_h8_greedy_only,,,,,3/3,1/1,2126,46388.0,46408.0,,12482.0,12389.0,,,,,20602.0,20612.0,,2103165.450424444,2102886.236783042,,54.686837833,50.466713084,
qmap154,adr4_197,H8_vs_H0,True,True,paper_h8_ga,paper_h0_ga,1.4819200519097689e-08,3.323055812989045e-09,1.4950388871374116,4.45950996705289,3/3,3/3,1248,4364.0,5864.0,-1500.0,982.0,221.0,761.0,-2.8416263717706016,-4.79864923601215,1.9570228642415488,1968.0,2680.0,-712.0,200086.7610138077,347455.18486736424,-147368.42385355654,31.335330166,35.298861708,-3.9635315419999984
qmap154,adr4_197,GA_vs_greedy,True,True,paper_h8_ga,paper_h8_greedy_only,1.4819200519097689e-08,1.4522643972761865e-08,0.020214587725060795,1.0204202862021567,3/3,1/1,1248,4364.0,4380.0,-16.0,982.0,983.0,-1.0,-2.8416263717706016,-2.8600752400832175,0.01844886831261583,1968.0,1961.0,7.0,200086.7610138077,199742.8974942304,343.8635195773095,31.335330166,21.155904584,10.179425581999997
qmap154,alu-bdd_288,H8_vs_H0,True,True,paper_h8_ga,paper_h0_ga,0.6551092587702366,0.6595852246369488,-0.006809160937512715,0.9932139688708523,3/3,3/3,8,110.0,156.0,-46.0,26.0,1.0,25.0,-0.0354369526577715,-0.045183031828378184,0.009746079170606686,49.0,70.0,-21.0,5118.132028074075,6774.717721112127,-1656.5856930380523,4.474877333,4.102570583,0.3723067499999999
qmap154,alu-bdd_288,GA_vs_greedy,True,True,paper_h8_ga,paper_h8_greedy_only,0.6551092587702366,0.6551092587702366,0.0,1.0,3/3,1/1,8,110.0,110.0,0.0,26.0,26.0,0.0,-0.0354369526577715,-0.0354369526577715,0.0,49.0,49.0,0.0,5118.132028074075,5118.132028074075,0.0,4.474877333,4.396162375,0.07871495799999995
qmap154,clip_206,H8_vs_H0,True,False,paper_h8_ga,paper_h0_ga,,,,,3/3,3/3,2191,44442.0,58476.0,,12849.0,1543.0,,,,,19671.0,25704.0,,2027315.6619387725,2631157.6296797874,,61.929602459,62.567384208,
qmap154,clip_206,GA_vs_greedy,True,False,paper_h8_ga,paper_h8_greedy_only,,,,,3/3,1/1,2191,44442.0,44632.0,,12849.0,12759.0,,,,,19671.0,19635.0,,2027315.6619387725,2015184.92198831,,61.929602459,61.423419042,
qmap154,cm152a_212,H8_vs_H0,True,True,paper_h8_ga,paper_h0_ga,0.0018975469652627263,0.000978172667345191,0.6626310541609426,1.9398895804487797,3/3,3/3,179,1548.0,2098.0,-550.0,346.0,61.0,285.0,-0.8899566525211521,-1.691549023316556,0.8015923707954039,708.0,956.0,-248.0,73883.4956549559,156510.9692465559,-82627.4735916,76.116075,31.614835917,44.501239082999994
qmap154,cm152a_212,GA_vs_greedy,True,True,paper_h8_ga,paper_h8_greedy_only,0.0018975469652627263,0.0019136477890437445,-0.008449276725922772,0.9915863180919704,3/3,1/1,179,1548.0,1552.0,-4.0,346.0,345.0,1.0,-0.8899566525211521,-0.876870499084204,-0.013086153436948078,708.0,707.0,1.0,73883.4956549559,72770.65816062108,1112.8374943348172,76.116075,61.42809,14.687984999999998
qmap154,con1_216,H8_vs_H0,True,True,paper_h8_ga,paper_h0_ga,0.009287794992851255,0.007247562612967146,0.24803595086548658,1.2815060026158007,3/3,3/3,146,1194.0,1638.0,-444.0,272.0,28.0,244.0,-0.49176568574253,-0.9266364180603295,0.4348707323177995,534.0,728.0,-194.0,55447.767684948536,115387.28938980172,-59939.521704853185,54.402115041,24.424174084,29.977940957
qmap154,con1_216,GA_vs_greedy,True,True,paper_h8_ga,paper_h8_greedy_only,0.009287794992851255,0.009212472787455787,0.008142868252959623,1.0081761115753882,3/3,1/1,146,1194.0,1208.0,-14.0,272.0,272.0,0.0,-0.49176568574253,-0.48590154932532026,-0.005864136417209731,534.0,536.0,-2.0,55447.767684948536,55112.21798123179,335.54970371674426,54.402115041,53.346768667,1.0553463740000026
qmap154,ground_state_estimation_10,H8_vs_H0,True,True,paper_h8_ga,paper_h0_ga,0.9711608306325407,0.9711608306325407,0.0,1.0,3/3,3/3,0,4.0,4.0,0.0,0.0,0.0,0.0,-0.006322978465524478,-0.006322978465524478,0.0,1.0,1.0,0.0,109.09637512458573,109.09637512458573,0.0,0.890482792,0.967821417,-0.077338625
qmap154,ground_state_estimation_10,GA_vs_greedy,False,False,paper_h8_ga,paper_h8_greedy_only,0.9711608306325407,0.9711608306325407,,,3/3,1/1,0,4.0,4.0,,0.0,0.0,,-0.006322978465524478,-0.006322978465524478,,1.0,1.0,,109.09637512458573,109.09637512458573,,0.890482792,0.882865541,
qmap154,hwb5_53,H8_vs_H0,True,True,paper_h8_ga,paper_h0_ga,0.0015205179086786572,0.001647150390380706,-0.0799957525164432,0.9231202673164651,3/3,3/3,534,1718.0,2368.0,-650.0,397.0,5.0,392.0,-0.45153645000929576,-0.6933541406318472,0.24181769062255143,792.0,1118.0,-326.0,79995.61093928695,126949.22681071822,-46953.61587143126,9.597866625,9.525126458,0.07274016699999919
qmap154,hwb5_53,GA_vs_greedy,True,True,paper_h8_ga,paper_h8_greedy_only,0.0015205179086786572,0.001509978891632705,0.006955334539024527,1.0069795790552785,3/3,1/1,534,1718.0,1726.0,-8.0,397.0,397.0,0.0,-0.45153645000929576,-0.4514043996813363,-0.00013205032795948757,792.0,795.0,-3.0,79995.61093928695,80217.66715072357,-222.05621143661847,9.597866625,7.597269166,2.0005974589999997
qmap154,hwb8_113,H8_vs_H0,True,False,paper_h8_ga,paper_h0_ga,,,,,3/3,3/3,3572,91106.0,121930.0,,21789.0,887.0,,,,,40750.0,53759.0,,4157208.613744546,5337525.76259311,,92.89856125,97.090405084,
qmap154,hwb8_113,GA_vs_greedy,True,False,paper_h8_ga,paper_h8_greedy_only,,,,,3/3,1/1,3572,91106.0,91160.0,,21789.0,21483.0,,,,,40750.0,40729.0,,4157208.613744546,4166978.6635457105,,92.89856125,84.692262916,
qmap154,hwb9_119,H8_vs_H0,True,False,paper_h8_ga,paper_h0_ga,,,,,3/3,3/3,7461,295572.0,368500.0,,60806.0,2926.0,,,,,132721.0,161888.0,,13694768.034563798,15897261.74906644,,258.557743125,272.080459292,
qmap154,hwb9_119,GA_vs_greedy,True,False,paper_h8_ga,paper_h8_greedy_only,,,,,3/3,1/1,7461,295572.0,306592.0,,60806.0,60676.0,,,,,132721.0,135511.0,,13694768.034563798,14277454.902292667,,258.557743125,244.999498041,
qmap154,majority_239,H8_vs_H0,True,True,paper_h8_ga,paper_h0_ga,0.05291785618858417,0.05415269915152667,-0.02306699002525292,0.977197019127574,3/3,3/3,88,768.0,1064.0,-296.0,175.0,3.0,172.0,-0.2448113252435472,-0.35613463399394596,0.11132330875039875,350.0,492.0,-142.0,37102.80075269707,56750.05730175155,-19647.25654905448,29.222286667,15.126178083,14.096108584
qmap154,majority_239,GA_vs_greedy,True,True,paper_h8_ga,paper_h8_greedy_only,0.05291785618858417,0.053021509951956765,-0.001956851361779588,0.9980450620235727,3/3,1/1,88,768.0,770.0,-2.0,175.0,175.0,0.0,-0.2448113252435472,-0.24085347321460046,-0.003957852028946746,350.0,354.0,-4.0,37102.80075269707,36481.46511027951,621.3356424175581,29.222286667,28.433758959,0.7885277080000002
qmap154,one-two-three-v0_98,H8_vs_H0,True,True,paper_h8_ga,paper_h0_ga,0.5006764972844197,0.5097285351605295,-0.01791812148735461,0.9822414535351467,3/3,3/3,18,184.0,252.0,-68.0,43.0,0.0,43.0,-0.03794777508541536,-0.059630230293474994,0.021682455208059635,84.0,120.0,-36.0,8282.482348399653,13890.865193779842,-5608.382845380189,7.022354833,5.597954416,1.4244004169999993
qmap154,one-two-three-v0_98,GA_vs_greedy,True,True,paper_h8_ga,paper_h8_greedy_only,0.5006764972844197,0.5006764972844197,0.0,1.0,3/3,1/1,18,184.0,184.0,0.0,43.0,43.0,0.0,-0.03794777508541536,-0.03794777508541536,0.0,84.0,84.0,0.0,8282.482348399653,8282.482348399653,0.0,7.022354833,6.752475291,0.269879542
qmap154,plus63mod8192_164,H8_vs_H0,True,False,paper_h8_ga,paper_h0_ga,,,,,3/3,3/3,6848,261714.0,329460.0,,55406.0,5980.0,,,,,119945.0,147567.0,,12139964.43917138,14562012.30026031,,262.660148,274.309720667,
qmap154,plus63mod8192_164,GA_vs_greedy,True,False,paper_h8_ga,paper_h8_greedy_only,,,,,3/3,1/1,6848,261714.0,262318.0,,55406.0,55178.0,,,,,119945.0,120072.0,,12139964.43917138,12165426.918931406,,262.660148,250.922751,
qmap154,qe_qft_4,H8_vs_H0,True,True,paper_h8_ga,paper_h0_ga,0.8250988952714766,0.8248184337389427,0.00033997040979433235,1.0003400282062835,3/3,3/3,11,44.0,44.0,0.0,0.0,0.0,0.0,-0.010314576130955096,-0.010654546540749477,0.0003399704097943809,20.0,18.0,2.0,2072.564370403532,2084.536407872834,-11.972037469301995,2.814030667,2.599694125,0.21433654199999985
qmap154,qe_qft_4,GA_vs_greedy,True,True,paper_h8_ga,paper_h8_greedy_only,0.8250988952714766,0.8250988952714766,0.0,1.0,3/3,1/1,11,44.0,44.0,0.0,0.0,0.0,0.0,-0.010314576130955096,-0.010314576130955096,0.0,20.0,20.0,0.0,2072.564370403532,2072.564370403532,0.0,2.814030667,2.745537583,0.06849308399999998
qmap154,rd32_270,H8_vs_H0,True,True,paper_h8_ga,paper_h0_ga,0.6829152356103855,0.6918399656102026,-0.012983919421773182,0.9871000080315605,3/3,3/3,9,96.0,138.0,-42.0,25.0,0.0,25.0,-0.02160363435514187,-0.029176956375822266,0.007573322020680395,47.0,68.0,-21.0,4722.044714349889,6420.100688570332,-1698.0559742204432,3.956798292,3.669838,0.2869602920000003
qmap154,rd32_270,GA_vs_greedy,True,True,paper_h8_ga,paper_h8_greedy_only,0.6829152356103855,0.6829152356103855,0.0,1.0,3/3,1/1,9,96.0,96.0,0.0,25.0,25.0,0.0,-0.02160363435514187,-0.02160363435514187,0.0,47.0,47.0,0.0,4722.044714349889,4722.044714349889,0.0,3.956798292,3.886008417,0.070789875
qmap154,rd53_130,H8_vs_H0,True,True,paper_h8_ga,paper_h0_ga,0.007093632237355454,0.005782436544654155,0.20437237226633265,1.226754877909295,3/3,3/3,152,1308.0,1800.0,-492.0,294.0,1.0,293.0,-0.4060119372390183,-0.8527699974550358,0.4467580602160175,588.0,816.0,-228.0,59568.207947864714,140871.33802003696,-81303.13007217224,53.854810708,24.687963875,29.166846833
qmap154,rd53_130,GA_vs_greedy,True,True,paper_h8_ga,paper_h8_greedy_only,0.007093632237355454,0.007093451479980797,2.5481963491280624e-05,1.0000254822881594,3/3,1/1,152,1308.0,1302.0,6.0,294.0,294.0,0.0,-0.4060119372390183,-0.4132551193680803,0.007243182129061998,588.0,590.0,-2.0,59568.207947864714,60779.01350269991,-1210.8055548351986,53.854810708,52.0819565,1.7728542080000054
qmap154,rd53_251,H8_vs_H0,True,True,paper_h8_ga,paper_h0_ga,0.0018880166365187693,0.0012748567788943791,0.3926930373779829,1.4809637190431333,3/3,3/3,190,1588.0,2230.0,-642.0,377.0,11.0,366.0,-0.5982330197078171,-1.2647505027565342,0.6665174830487172,732.0,1014.0,-282.0,76301.71304054887,178255.34135432736,-101953.62831377849,59.271098334,29.677754417,29.593343917000002
qmap154,rd53_251,GA_vs_greedy,True,True,paper_h8_ga,paper_h8_greedy_only,0.0018880166365187693,0.0018713451704685728,0.008869364639682686,1.0089088139982332,3/3,1/1,190,1588.0,1598.0,-10.0,377.0,377.0,0.0,-0.5982330197078171,-0.5970973810116644,-0.00113563869615263,732.0,735.0,-3.0,76301.71304054887,76426.35164077078,-124.63860022190784,59.271098334,56.616347417,2.654750917000001
qmap154,rd73_252,H8_vs_H0,True,True,paper_h8_ga,paper_h0_ga,1.8377351819540632e-12,3.2421130835853537e-13,1.7348937235729807,5.668325362426186,3/3,3/3,1962,6748.0,9126.0,-2378.0,1520.0,248.0,1272.0,-3.5513645047595763,-6.08974931346176,2.5383848087021836,3042.0,4198.0,-1156.0,307275.6180801461,515183.9641798694,-207908.3460997233,45.774232334,45.856238875,-0.08200654100000548
qmap154,rd73_252,GA_vs_greedy,True,True,paper_h8_ga,paper_h8_greedy_only,1.8377351819540632e-12,1.6936617618870906e-12,0.0816410261079028,1.085066229461569,3/3,1/1,1962,6748.0,6784.0,-36.0,1520.0,1521.0,-1.0,-3.5513645047595763,-3.59219440555587,0.04082990079629356,3042.0,3053.0,-11.0,307275.6180801461,311016.8723481247,-3741.2542679785984,45.774232334,34.014013458,11.760218875999996
qmap154,root_255,H8_vs_H0,True,False,paper_h8_ga,paper_h0_ga,,,,,3/3,3/3,873,22610.0,29666.0,,4987.0,682.0,,,,,9873.0,12810.0,,1017866.0674881164,1308990.8321100737,,33.053261834,32.992674458,
qmap154,root_255,GA_vs_greedy,True,False,paper_h8_ga,paper_h8_greedy_only,,,,,3/3,1/1,873,22610.0,22700.0,,4987.0,4994.0,,,,,9873.0,9964.0,,1017866.0674881164,1030134.7698757619,,33.053261834,29.748799666,
qmap154,sf_276,H8_vs_H0,True,True,paper_h8_ga,paper_h0_ga,0.02634154083539311,0.02512248973579409,0.047383742156411834,1.0485242948616726,3/3,3/3,102,936.0,1318.0,-382.0,228.0,0.0,228.0,-0.2569412585226253,-0.4892923534496234,0.23235109492699813,440.0,610.0,-170.0,46118.438520084936,94433.4164550156,-48314.97793493066,34.608775125,16.553694167,18.055080958
qmap154,sf_276,GA_vs_greedy,True,True,paper_h8_ga,paper_h8_greedy_only,0.02634154083539311,0.0264019176823355,-0.0022894544655129856,0.997713164336438,3/3,1/1,102,936.0,932.0,4.0,228.0,228.0,0.0,-0.2569412585226253,-0.2587963579995845,0.001855099476959221,440.0,438.0,2.0,46118.438520084936,46469.05204671195,-350.6135266270139,34.608775125,34.450716334,0.15805879100000197
qmap154,sqrt8_260,H8_vs_H0,True,True,paper_h8_ga,paper_h0_ga,1.698027608819522e-07,5.89657626908289e-08,1.0576805512615142,2.879683957829347,3/3,3/3,1120,3852.0,5188.0,-1336.0,853.0,156.0,697.0,-2.2753705548665564,-3.7181779120556993,1.4428073571891429,1738.0,2393.0,-655.0,176545.93349037095,301262.3528963929,-124716.41940602197,28.264102459,29.088614917,-0.824512458000001
qmap154,sqrt8_260,GA_vs_greedy,True,True,paper_h8_ga,paper_h8_greedy_only,1.698027608819522e-07,1.6104277059970193e-07,0.05296754775313417,1.0543954270634393,3/3,1/1,1120,3852.0,3890.0,-38.0,853.0,852.0,1.0,-2.2753705548665564,-2.297492694737508,0.022122139870951685,1738.0,1751.0,-13.0,176545.93349037095,179001.82979770214,-2455.8963073311897,28.264102459,19.525343292,8.738759167000001
qmap154,squar5_261,H8_vs_H0,True,True,paper_h8_ga,paper_h0_ga,3.3708128802624e-05,1.7361898675157462e-05,0.6634609450915736,1.9415001454222165,3/3,3/3,719,2456.0,3348.0,-892.0,578.0,98.0,480.0,-1.5446578266937259,-2.5191759795928235,0.9745181528990976,1109.0,1559.0,-450.0,112654.49537272406,197327.6676134381,-84673.17224071403,18.656748,18.660568083,-0.003820083000000807
qmap154,squar5_261,GA_vs_greedy,True,True,paper_h8_ga,paper_h8_greedy_only,3.3708128802624e-05,3.258040445659839e-05,0.03402800167495812,1.0346135772356015,3/3,1/1,719,2456.0,2480.0,-24.0,578.0,576.0,2.0,-1.5446578266937259,-1.5676840834675834,0.0230262567738575,1109.0,1121.0,-12.0,112654.49537272406,116416.37818968107,-3761.8828169570043,18.656748,13.884262125,4.772485875000001
qmap154,sym9_193,H8_vs_H0,True,False,paper_h8_ga,paper_h0_ga,,,,,3/3,3/3,2126,46388.0,61060.0,,12482.0,1247.0,,,,,20602.0,27082.0,,2103165.450424444,2763821.3854714157,,55.305976708,53.657590958,
qmap154,sym9_193,GA_vs_greedy,True,False,paper_h8_ga,paper_h8_greedy_only,,,,,3/3,1/1,2126,46388.0,46408.0,,12482.0,12389.0,,,,,20602.0,20612.0,,2103165.450424444,2102886.236783042,,55.305976708,49.9217765,
qmap154,urf3_155,H8_vs_H0,True,False,paper_h8_ga,paper_h0_ga,,,,,3/3,3/3,8321,534080.0,717062.0,,132836.0,4027.0,,,,,247201.0,326166.0,,25041010.818370327,31542471.249155536,,463.490769459,547.331299375,
qmap154,urf3_155,GA_vs_greedy,True,False,paper_h8_ga,paper_h8_greedy_only,,,,,3/3,1/1,8321,534080.0,541384.0,,132836.0,133071.0,,,,,247201.0,249369.0,,25041010.818370327,25905212.575157564,,463.490769459,437.89675275,
qmap154,urf4_187,H8_vs_H0,True,False,paper_h8_ga,paper_h0_ga,,,,,0/3,0/3,,,,,,,,,,,,,,,,,,,
qmap154,urf4_187,GA_vs_greedy,False,False,paper_h8_ga,paper_h8_greedy_only,,,,,0/3,0/1,,,,,,,,,,,,,,,,,,,
qmap154,z4_268,H8_vs_H0,True,True,paper_h8_ga,paper_h0_ga,1.438499396886584e-07,5.2856691428323484e-08,1.0011863547307183,2.7215085886283035,3/3,3/3,1111,3948.0,5288.0,-1340.0,878.0,167.0,711.0,-2.1151117217956257,-3.560366992579521,1.4452552707838953,1752.0,2440.0,-688.0,178219.3351480037,314226.0441959996,-136006.70904799592,28.635392417,31.383247291,-2.7478548740000015
qmap154,z4_268,GA_vs_greedy,True,True,paper_h8_ga,paper_h8_greedy_only,1.438499396886584e-07,1.4046891832794215e-07,0.023784428296519167,1.0240695336802041,3/3,1/1,1111,3948.0,3962.0,-14.0,878.0,876.0,2.0,-2.1151117217956257,-2.1413992803102633,0.0262875585146376,1752.0,1753.0,-1.0,178219.3351480037,181105.33330460533,-2885.9981566016213,28.635392417,19.451144042,9.184248375
zac18,bv_n14_transpiled,H8_vs_H0,True,True,paper_h8_ga,paper_h0_ga,0.8492499463115744,0.8492499463115744,0.0,1.0,3/3,3/3,12,52.0,52.0,0.0,0.0,0.0,0.0,-0.037511368846603374,-0.037511368846603374,0.0,25.0,25.0,0.0,2665.112822177856,2665.112822177856,0.0,2.493078791,1.894988334,0.5980904569999999
zac18,bv_n14_transpiled,GA_vs_greedy,True,True,paper_h8_ga,paper_h8_greedy_only,0.8492499463115744,0.8492499463115744,0.0,1.0,3/3,1/1,12,52.0,52.0,0.0,0.0,0.0,0.0,-0.037511368846603374,-0.037511368846603374,0.0,25.0,25.0,0.0,2665.112822177856,2665.112822177856,0.0,2.493078791,2.449880333,0.043198457999999995
zac18,bv_n19_transpiled,H8_vs_H0,True,True,paper_h8_ga,paper_h0_ga,0.7825096673937727,0.7825096673937727,0.0,1.0,3/3,3/3,17,72.0,72.0,0.0,0.0,0.0,0.0,-0.07128546995442145,-0.07128546995442145,0.0,35.0,35.0,0.0,3747.0370947516567,3747.0370947516567,0.0,3.192923083,2.528700333,0.66422275
zac18,bv_n19_transpiled,GA_vs_greedy,True,True,paper_h8_ga,paper_h8_greedy_only,0.7825096673937727,0.7825096673937727,0.0,1.0,3/3,1/1,17,72.0,72.0,0.0,0.0,0.0,0.0,-0.07128546995442145,-0.07128546995442145,0.0,35.0,35.0,0.0,3747.0370947516567,3747.0370947516567,0.0,3.192923083,3.128022667,0.06490041599999996
zac18,bv_n30_transpiled,H8_vs_H0,True,True,paper_h8_ga,paper_h0_ga,0.7483576077531813,0.7483576077531813,0.0,1.0,3/3,3/3,17,72.0,72.0,0.0,0.0,0.0,0.0,-0.11591079782957751,-0.11591079782957751,0.0,35.0,35.0,0.0,3853.9080872106674,3853.9080872106674,0.0,3.492307542,2.272727208,1.2195803339999998
zac18,bv_n30_transpiled,GA_vs_greedy,True,True,paper_h8_ga,paper_h8_greedy_only,0.7483576077531813,0.7483576077531813,0.0,1.0,3/3,1/1,17,72.0,72.0,0.0,0.0,0.0,0.0,-0.11591079782957751,-0.11591079782957751,0.0,35.0,35.0,0.0,3853.9080872106674,3853.9080872106674,0.0,3.492307542,3.462786917,0.029520624999999967
zac18,bv_n70_transpiled,H8_vs_H0,True,True,paper_h8_ga,paper_h0_ga,0.3775367331081053,0.35160634954285575,0.07115564555820209,1.07374833702225,3/3,3/3,35,154.0,176.0,-22.0,6.0,17.0,-11.0,-0.6020366947770479,-0.6236469005971089,0.021610205820061013,75.0,84.0,-9.0,9333.590220801212,10424.582432567733,-1090.992211766521,12.977138959,6.96119075,6.015948208999999
zac18,bv_n70_transpiled,GA_vs_greedy,True,True,paper_h8_ga,paper_h8_greedy_only,0.3775367331081053,0.3775367331081053,0.0,1.0,3/3,1/1,35,154.0,154.0,0.0,6.0,6.0,0.0,-0.6020366947770479,-0.6020366947770479,0.0,75.0,75.0,0.0,9333.590220801212,9333.590220801212,0.0,12.977138959,12.61276375,0.3643752090000003
zac18,cat_n22_transpiled,H8_vs_H0,True,True,paper_h8_ga,paper_h0_ga,0.754284567972137,0.754284567972137,0.0,1.0,3/3,3/3,20,84.0,84.0,0.0,0.0,0.0,0.0,-0.07977822936967463,-0.07977822936967463,0.0,41.0,41.0,0.0,4385.610496188305,4385.610496188305,0.0,3.950037417,3.210216042,0.739821375
zac18,cat_n22_transpiled,GA_vs_greedy,True,True,paper_h8_ga,paper_h8_greedy_only,0.754284567972137,0.752595715467862,0.0022415227406725746,1.0022440368308836,3/3,1/1,20,84.0,84.0,0.0,0.0,1.0,-1.0,-0.07977822936967463,-0.07951662189222877,-0.00026160747744585766,41.0,41.0,0.0,4385.610496188305,4367.838081477472,17.77241471083289,3.950037417,3.860088458,0.089948959
zac18,cat_n35_transpiled,H8_vs_H0,True,True,paper_h8_ga,paper_h0_ga,0.5718173093308323,0.5718173093308323,0.0,1.0,3/3,3/3,33,136.0,136.0,0.0,0.0,0.0,0.0,-0.2317381549107165,-0.2317381549107165,0.0,67.0,67.0,0.0,8176.08791803975,8176.08791803975,0.0,6.494490833,3.742109625,2.7523812080000005
zac18,cat_n35_transpiled,GA_vs_greedy,True,True,paper_h8_ga,paper_h8_greedy_only,0.5718173093308323,0.5718173093308323,0.0,1.0,3/3,1/1,33,136.0,136.0,0.0,0.0,0.0,0.0,-0.2317381549107165,-0.2317381549107165,0.0,67.0,67.0,0.0,8176.08791803975,8176.08791803975,0.0,6.494490833,6.350258917,0.14423191600000074
zac18,ghz_n23,H8_vs_H0,True,True,paper_h8_ga,paper_h0_ga,0.7408906851696411,0.7408906851696411,0.0,1.0,3/3,3/3,21,88.0,88.0,0.0,0.0,0.0,0.0,-0.08808021307807926,-0.08808021307807926,0.0,43.0,43.0,0.0,4637.275591391364,4637.275591391364,0.0,4.095338292,2.740235459,1.3551028330000001
zac18,ghz_n23,GA_vs_greedy,True,True,paper_h8_ga,paper_h8_greedy_only,0.7408906851696411,0.7408906851696411,0.0,1.0,3/3,1/1,21,88.0,88.0,0.0,0.0,0.0,0.0,-0.08808021307807926,-0.08808021307807926,0.0,43.0,43.0,0.0,4637.275591391364,4637.275591391364,0.0,4.095338292,4.075422834,0.01991545799999983
zac18,ghz_n40_transpiled,H8_vs_H0,True,True,paper_h8_ga,paper_h0_ga,0.4979103284087543,0.500335874018714,-0.004859623562847304,0.9951521653035238,3/3,3/3,38,156.0,158.0,-2.0,1.0,1.0,0.0,-0.3195614125205528,-0.3127007882905383,-0.006860624230014489,77.0,78.0,-1.0,9951.673640154344,9645.535511822569,306.1381283317751,7.762234042,4.176984458,3.5852495840000005
zac18,ghz_n40_transpiled,GA_vs_greedy,True,True,paper_h8_ga,paper_h8_greedy_only,0.4979103284087543,0.4979103284087543,0.0,1.0,3/3,1/1,38,156.0,156.0,0.0,1.0,1.0,0.0,-0.3195614125205528,-0.3195614125205528,0.0,77.0,77.0,0.0,9951.673640154344,9951.673640154344,0.0,7.762234042,7.6372435,0.12499054199999993
zac18,ghz_n78_transpiled,H8_vs_H0,True,True,paper_h8_ga,paper_h0_ga,0.14584129698424558,0.11033082510867089,0.27903567023406173,1.3218544938878005,3/3,3/3,76,316.0,320.0,-4.0,0.0,6.0,-6.0,-1.1766054532309487,-1.4366203408219655,0.2600148875910169,153.0,159.0,-6.0,18382.315326242075,23197.028775150404,-4814.713448908329,25.157306166,9.769193042,15.388113124000002
zac18,ghz_n78_transpiled,GA_vs_greedy,True,True,paper_h8_ga,paper_h8_greedy_only,0.14584129698424558,0.14584129698424558,0.0,1.0,3/3,1/1,76,316.0,316.0,0.0,0.0,0.0,0.0,-1.1766054532309487,-1.1766054532309487,0.0,153.0,153.0,0.0,18382.315326242075,18382.315326242075,0.0,25.157306166,24.885488625,0.2718175410000008
zac18,ising_n42,H8_vs_H0,True,True,paper_h8_ga,paper_h0_ga,0.4167112109104556,0.4167112109104556,0.0,1.0,3/3,3/3,3,140.0,140.0,0.0,0.0,0.0,0.0,-0.28105687935425233,-0.28105687935425233,0.0,26.0,26.0,0.0,2909.3396442350077,2909.3396442350077,0.0,23.302611042,20.38784475,2.9147662919999995
zac18,ising_n42,GA_vs_greedy,True,True,paper_h8_ga,paper_h8_greedy_only,0.4167112109104556,0.4167112109104556,0.0,1.0,3/3,1/1,3,140.0,140.0,0.0,0.0,0.0,0.0,-0.28105687935425233,-0.28105687935425233,0.0,26.0,26.0,0.0,2909.3396442350077,2909.3396442350077,0.0,23.302611042,27.704909916,-4.4022988739999995
zac18,ising_n98_transpiled,H8_vs_H0,True,True,paper_h8_ga,paper_h0_ga,0.055293983060508846,0.05345569197311336,0.03381097384594556,1.0343890616610123,3/3,3/3,3,304.0,306.0,-2.0,2.0,1.0,1.0,-1.5114844031154393,-1.5457975065123364,0.03431310339689708,55.0,60.0,-5.0,5819.870945784367,6351.47901006704,-531.6080642826728,76.777807583,80.535569458,-3.757761875
zac18,ising_n98_transpiled,GA_vs_greedy,True,True,paper_h8_ga,paper_h8_greedy_only,0.055293983060508846,0.055293983060508846,0.0,1.0,3/3,1/1,3,304.0,304.0,0.0,2.0,2.0,0.0,-1.5114844031154393,-1.5114844031154393,0.0,55.0,55.0,0.0,5819.870945784367,5819.870945784367,0.0,76.777807583,65.187087208,11.590720375000004
zac18,knn_n31_transpiled,H8_vs_H0,True,True,paper_h8_ga,paper_h0_ga,0.2124302490126658,0.18423021883261106,0.14242752970995243,1.1530695146471972,3/3,3/3,44,368.0,452.0,-84.0,74.0,39.0,35.0,-0.4266180071309333,-0.5717981526908706,0.14518014555993736,132.0,158.0,-26.0,15129.890892017966,22253.748530304496,-7123.85763828653,24.774184416,14.635193333,10.138991083
zac18,knn_n31_transpiled,GA_vs_greedy,True,True,paper_h8_ga,paper_h8_greedy_only,0.2124302490126658,0.21145360361591542,0.004608088366218066,1.0046187219326106,3/3,1/1,44,368.0,366.0,2.0,74.0,73.0,1.0,-0.4266180071309333,-0.432914311952125,0.0062963048211917005,132.0,131.0,1.0,15129.890892017966,15492.260185240957,-362.3692932229915,24.774184416,19.510663292,5.263521124
zac18,multiply_n13_transpiled,H8_vs_H0,True,True,paper_h8_ga,paper_h0_ga,0.6490486270265224,0.6458428459779085,0.004951438271165232,1.0049637168988994,3/3,3/3,14,110.0,136.0,-26.0,19.0,7.0,12.0,-0.058229069746620524,-0.06720506196203559,0.008975992215415063,45.0,56.0,-11.0,5222.977336197841,7057.98319456784,-1835.0058583699984,11.334458375,4.841927459,6.492530916000001
zac18,multiply_n13_transpiled,GA_vs_greedy,True,True,paper_h8_ga,paper_h8_greedy_only,0.6490486270265224,0.6455796801902884,0.005358997820314015,1.0053733829342515,3/3,1/1,14,110.0,112.0,-2.0,19.0,19.0,0.0,-0.058229069746620524,-0.061587066899767395,0.0033579971531468716,45.0,47.0,-2.0,5222.977336197841,5826.333009937561,-603.3556737397194,11.334458375,11.679336333,-0.34487795799999965
zac18,qft_n18_transpiled,H8_vs_H0,True,True,paper_h8_ga,paper_h0_ga,0.08938694922566473,0.09007962422400662,-0.007719303094680274,0.9923104142106614,3/3,3/3,61,402.0,416.0,-14.0,7.0,9.0,-2.0,-0.3630009036243715,-0.334769464307069,-0.028231439317302487,143.0,124.0,19.0,20623.61469965825,19817.359510321057,806.2551893371929,97.451285125,22.548449292,74.902835833
zac18,qft_n18_transpiled,GA_vs_greedy,True,True,paper_h8_ga,paper_h8_greedy_only,0.08938694922566473,0.08848761968857485,0.010112038003541546,1.0101633374279362,3/3,1/1,61,402.0,398.0,4.0,7.0,8.0,-1.0,-0.3630009036243715,-0.37561607184603146,0.012615168221659978,143.0,166.0,-23.0,20623.61469965825,22901.09973693284,-2277.4850372745896,97.451285125,89.311800542,8.139484582999998
zac18,qft_n29_transpiled,H8_vs_H0,True,True,paper_h8_ga,paper_h0_ga,0.0036573958268649965,0.0031752651544095767,0.14136022938888093,1.1518394996984336,3/3,3/3,105,844.0,872.0,-28.0,18.0,17.0,1.0,-1.096262929338271,-1.2181152816064325,0.12185235226816138,219.0,247.0,-28.0,35607.41179912787,41750.52398616779,-6143.112187039922,187.392873458,57.600772167,129.792101291
zac18,qft_n29_transpiled,GA_vs_greedy,True,True,paper_h8_ga,paper_h8_greedy_only,0.0036573958268649965,0.0031763693147799305,0.14101255183066108,1.1514391005626476,3/3,1/1,105,844.0,848.0,-4.0,18.0,21.0,-3.0,-1.096262929338271,-1.229766090514576,0.1335031611763049,219.0,299.0,-80.0,35607.41179912787,42683.52940042247,-7076.117601294602,187.392873458,177.551759875,9.84111358300001
zac18,seca_n11_transpiled,H8_vs_H0,True,True,paper_h8_ga,paper_h0_ga,0.4220991664837909,0.42036252184758693,0.004122791861348896,1.0041313022592286,3/3,3/3,26,206.0,292.0,-86.0,57.0,7.0,50.0,-0.08122543790487806,-0.13197110263832232,0.05074566473344426,71.0,119.0,-48.0,8128.616290234231,14819.866674762041,-6691.25038452781,37.41882625,12.213762417,25.205063833000004
zac18,seca_n11_transpiled,GA_vs_greedy,True,True,paper_h8_ga,paper_h8_greedy_only,0.4220991664837909,0.42444550635439365,-0.005543348045805474,0.9944719879572865,3/3,1/1,26,206.0,216.0,-10.0,57.0,49.0,8.0,-0.08122543790487806,-0.08570212826818509,0.004476690363307029,71.0,77.0,-6.0,8128.616290234231,8602.41458799012,-473.7982977558895,37.41882625,33.134427375,4.284398875000001
zac18,swap_test_n25_transpiled,H8_vs_H0,True,True,paper_h8_ga,paper_h0_ga,0.31509021375457047,0.2842339646256087,0.10306127258191733,1.108559331287538,3/3,3/3,31,282.0,358.0,-76.0,58.0,30.0,28.0,-0.26991463729007037,-0.37703805149943037,0.10712341420936,107.0,123.0,-16.0,11727.545413869935,18278.962061844475,-6551.41664797454,13.919699125,14.185833417,-0.26613429200000027
zac18,swap_test_n25_transpiled,GA_vs_greedy,True,True,paper_h8_ga,paper_h8_greedy_only,0.31509021375457047,0.3158541486593569,-0.0024215614675457964,0.9975813681472002,3/3,1/1,31,282.0,282.0,0.0,58.0,57.0,1.0,-0.26991463729007037,-0.26999620604064306,8.156875057269142e-05,107.0,107.0,0.0,11727.545413869935,11728.714703030435,-1.1692891604998294,13.919699125,12.68569775,1.234001375
zac18,wstate_n27_transpiled,H8_vs_H0,True,True,paper_h8_ga,paper_h0_ga,0.4976139580186141,0.4831013532003409,0.029598119078525942,1.0300404971381956,3/3,3/3,26,158.0,176.0,-18.0,3.0,10.0,-7.0,-0.2401853431400198,-0.23347176747147233,-0.006713575668547467,66.0,69.0,-3.0,8262.121160973533,8735.122077686561,-473.00091671302835,9.261884375,4.645058292,4.616826082999999
zac18,wstate_n27_transpiled,GA_vs_greedy,True,True,paper_h8_ga,paper_h8_greedy_only,0.4976139580186141,0.49848212794932895,-0.001743145390844747,0.9982583730046926,3/3,1/1,26,158.0,164.0,-6.0,3.0,4.0,-1.0,-0.2401853431400198,-0.22993606552955545,-0.010249277610464347,66.0,61.0,5.0,8262.121160973533,7857.345799549523,404.77536142401004,9.261884375,9.485467458,-0.22358308300000118
