dataset,analysis_unit,unit_id,canonical_sha256,member_N,circuits,baseline_method,Bstar__log_fidelity,Bstar__fidelity,M4_minus_Bstar_delta_logF,M4_over_Bstar_ratio,M1__log_fidelity,M1__transfers,M1__idle_exposures,M1__move_batches,M1__move_time_us,M1__algorithm_time_s,M1__log_atom_transfer,M1__log_idle_excitation,M1__log_coherence_linear,M1__fidelity,M2__log_fidelity,M2__transfers,M2__idle_exposures,M2__move_batches,M2__move_time_us,M2__algorithm_time_s,M2__log_atom_transfer,M2__log_idle_excitation,M2__log_coherence_linear,M2__fidelity,M4__log_fidelity,M4__transfers,M4__idle_exposures,M4__move_batches,M4__move_time_us,M4__algorithm_time_s,M4__log_atom_transfer,M4__log_idle_excitation,M4__log_coherence_linear,M4__fidelity
zac18,circuit_file,zac18/bv_n14_transpiled,a9f1ef0f566a3cc1a347e8cb7bf74983b239326618f114a908e46c6e37c67752,1,"[""bv_n14_transpiled""]",M1,-0.1683324807506382,0.8450728175261345,0.004930745590557534,1.004942921720838,-0.1683324807506382,56.0,0.0,26.0,2768.637261521812,5.0658735,-0.05602801868067792,0.0,-0.03844011310282679,0.8450728175261345,-0.16845482185462393,56.0,0.0,26.0,2781.709238336421,0.005396,-0.05602801868067792,0.0,-0.03856245420681251,0.8449694367086806,-0.16340173516008066,52.0,0.0,25.0,2665.112822177856,2.462009042,-0.05202601734634379,0.0,-0.037511368846603374,0.8492499463115744
zac18,circuit_file,zac18/bv_n19_transpiled,ff087c43a47c1c89a5515728dba98c1a8254212cb63163c9c21d361c76c1a6ad,1,"[""bv_n19_transpiled""]",M2,-0.2500411941753283,0.7787687016761891,0.004792192028017506,1.0048036929444286,-0.25173001792049726,76.0,0.0,37.0,3945.1610014409425,5.224954666,-0.07603802535234862,0.0,-0.0737644843932738,0.7774546085489721,-0.2500411941753283,76.0,0.0,36.0,3812.3435303917854,0.006245334,-0.07603802535234862,0.0,-0.07207566064810482,0.7787687016761891,-0.24524900214731077,72.0,0.0,35.0,3747.0370947516567,3.129863875,-0.07203602401801447,0.0,-0.07128546995442145,0.7825096673937727
zac18,circuit_file,zac18/bv_n30_transpiled,58a8fb4a501fe149a264a128891f77ec760f078cd053bfd81168637de4c8f191,1,"[""bv_n30_transpiled""]",M1,-0.298091777808285,0.7422332160838934,0.008217447785818177,1.00825130368269,-0.298091777808285,76.0,0.0,37.0,4065.852772306838,3.400071042,-0.07603802535234862,0.0,-0.12012624428106154,0.7422332160838934,-0.29928582362630657,76.0,0.0,36.0,4125.315297348518,0.006020833,-0.07603802535234862,0.0,-0.12132029009908311,0.7413474845235002,-0.2898743300224668,72.0,0.0,35.0,3853.9080872106674,3.57709925,-0.07203602401801447,0.0,-0.11591079782957751,0.7483576077531813
zac18,circuit_file,zac18/bv_n70_transpiled,b0b7114a0df2cf06b93931990669c2490dfc66245eaaed7ea956f3a4fb02967a,1,"[""bv_n70_transpiled""]",M2,-0.9461604051699807,0.38822880670334686,-0.027927003610386136,0.9724593502320614,-0.9640488037022951,160.0,0.0,73.0,9053.145654620213,3.052827208,-0.1600800533733655,0.0,-0.6010138690061858,0.38134576195499925,-0.9461604051699807,168.0,0.0,76.0,8452.663978587909,0.012428708,-0.16808405604203377,0.0,-0.5751214678052031,0.38822880670334686,-0.9740874087803668,154.0,6.0,75.0,9333.590220801212,13.0481745,-0.15407705137186428,-0.01501878130871086,-0.6020366947770479,0.3775367331081053
zac18,circuit_file,zac18/cat_n22_transpiled,db18092cb4f75992883d38c951468535ffe87a4953127995ec4c404b63a4671a,1,"[""cat_n22_transpiled""]",M1,-0.28907146487412205,0.748958679252337,0.007085893801914822,1.0071110581495855,-0.28907146487412205,88.0,0.0,43.0,4597.827401074167,6.419371708,-0.08804402935535102,0.0,-0.08286212183725532,0.748958679252337,-0.30282444334536485,88.0,0.0,42.0,4491.71336731659,0.007379667,-0.08804402935535102,0.0,-0.09661510030849814,0.7387287737394874,-0.28198557107220723,84.0,0.0,41.0,4385.610496188305,3.969236,-0.08404202802101689,0.0,-0.07977822936967463,0.754284567972137
zac18,circuit_file,zac18/cat_n35_transpiled,7a6c0868d5e5299bb9152d872b95e55e6b2103d870f99ac53dcbcd1ab6718f7b,1,"[""cat_n35_transpiled""]",M1,-0.5628382950739362,0.5695901026084134,0.0039025671742158874,1.003910192105199,-0.5628382950739362,140.0,0.0,69.0,8173.5688708148555,6.795634292,-0.14007004670169482,0.0,-0.23163872075059816,0.5695901026084134,-0.5912803169723632,144.0,0.0,69.0,7499.4401077433085,0.01095925,-0.14407204803602894,0.0,-0.256078741314691,0.5536180242396278,-0.5589357278997203,136.0,0.0,67.0,8176.08791803975,6.500439583,-0.13606804536736067,0.0,-0.2317381549107165,0.5718173093308323
zac18,circuit_file,zac18/ghz_n23,0c57c9a79d2a187a90c2266ec22ad092f7f0ef573557f51b42f136c4db7f5afd,1,"[""ghz_n23""]",M1,-0.3053938385585491,0.7368331239440451,0.005491650602054865,1.0055067573562344,-0.3053938385585491,92.0,0.0,44.0,4736.660876789556,6.454519041,-0.09204603068968516,0.0,-0.08956986234580003,0.7368331239440451,-0.32220931801901,92.0,0.0,44.0,4736.660876789558,0.00741425,-0.09204603068968516,0.0,-0.10638534180626084,0.7245465138151905,-0.29990218795649426,88.0,0.0,43.0,4637.275591391364,4.113965458,-0.08804402935535102,0.0,-0.08808021307807926,0.7408906851696411
zac18,circuit_file,zac18/ghz_n40_transpiled,1cded85e597f91b012b3e0ba0ccaf6041a86ed2304877b02eb30beef19006f8d,1,"[""ghz_n40_transpiled""]",M1,-0.689789651890475,0.501681585741194,-0.007545629716612212,0.9924827670785086,-0.689789651890475,160.0,0.0,78.0,9616.665665710747,6.9964025,-0.1600800533733655,0.0,-0.310516911687725,0.501681585741194,-0.7251453791966567,168.0,0.0,79.0,8661.075866740908,0.012845083,-0.16808405604203377,0.0,-0.3378686363252383,0.48425416335648536,-0.6973352816070872,156.0,1.0,77.0,9951.673640154344,7.798510875,-0.15607805203903136,-0.002503130218118477,-0.3195614125205528,0.4979103284087543
zac18,circuit_file,zac18/ghz_n78_transpiled,173203497ff0bf9e285e83d9eaba591c4bedfc0b78370ddde335d2dfe90c4943,1,"[""ghz_n78_transpiled""]",M1,-1.92416818318923,0.1459971492441792,-0.0010680722623344074,0.9989324979238263,-1.92416818318923,332.0,0.0,154.0,17905.88712235583,7.057706042,-0.3321661107497334,0.0,-1.159529375631278,0.1459971492441792,-2.0932711333463327,332.0,0.0,157.0,17414.410732800065,0.024515959,-0.3321661107497334,0.0,-1.3286323257883803,0.1232831997275635,-1.9252362554515645,316.0,0.0,153.0,18382.315326242075,25.438271417,-0.31615810541239686,0.0,-1.1766054532309487,0.14584129698424558
zac18,circuit_file,zac18/ising_n42,24ea0070b6bfe3a37d44ff0cff0d0f5527dd49518a58af57b394bd775bcaab65,1,"[""ising_n42""]",M2,-0.9537143192525456,0.38530720829738546,0.07835248236968007,1.0815038025160228,-0.9881257368487788,248.0,0.0,22.0,3115.630741536924,7.015470083,-0.24812408272871653,0.0,-0.28576674329314394,0.37227377657870325,-0.9537143192525456,252.0,0.0,9.0,1588.335052109081,0.482522083,-0.25212608406305065,0.0,-0.2473533243625765,0.38530720829738546,-0.8753618368828655,140.0,0.0,26.0,2909.3396442350077,22.977443708,-0.14007004670169482,0.0,-0.28105687935425233,0.4167112109104556
zac18,circuit_file,zac18/ising_n98_transpiled,69c9ca8c5d772ffa553ccdd9fa59e2f844a8149741d3dc4180a51f3970bffc6c,1,"[""ising_n98_transpiled""]",M2,-2.925561387972291,0.05363457365495845,0.030470206182950932,1.0309391739780704,-3.0058594915705275,584.0,0.0,23.0,3233.372953759612,7.162497625,-0.584292194812784,0.0,-1.3471188799294744,0.049496194479219977,-2.925561387972291,584.0,0.0,12.0,1855.1067823772555,0.461788125,-0.584292194812784,0.0,-1.2668207763312378,0.05363457365495845,-2.89509118178934,304.0,2.0,55.0,5819.870945784367,77.406521916,-0.30415210140939447,-0.005006260436236954,-1.5114844031154393,0.055293983060508846
zac18,circuit_file,zac18/knn_n31_transpiled,3f76b58905dfef056646e279e9cb9d21db7c5fa9d04170dcbecd457f91d19faa,1,"[""knn_n31_transpiled""]",M2,-1.529497495402812,0.21664450482767328,-0.019644089037770263,0.9805475988492778,-1.5311247410835542,476.0,0.0,157.0,16400.736721031986,8.560572916,-0.47623815878576237,0.0,-0.48296284945733886,0.2162922576669984,-1.529497495402812,480.0,0.0,149.0,15477.797136000247,0.068062125,-0.4802401601200965,0.0,-0.4773336024422624,0.21664450482767328,-1.5491415844405823,368.0,74.0,132.0,15129.890892017966,24.633634875,-0.36818412275874063,-0.1852316361407673,-0.4266180071309333,0.2124302490126658
zac18,circuit_file,zac18/multiply_n13_transpiled,8a6d2f76bca6bb915cf3ac1f9aac19a83963cb57ca850c44065a081f61c03370,1,"[""multiply_n13_transpiled""]",M1,-0.4512714140964261,0.6368179773441586,0.019023775092488704,1.0192058800434178,-0.4512714140964261,156.0,0.0,67.0,7328.826981694516,10.038398,-0.15607805203903136,0.0,-0.07878930363851769,0.6368179773441586,-0.46141181166170175,168.0,0.0,54.0,6493.361689891683,0.00913725,-0.16808405604203377,0.0,-0.0769236972007909,0.6303930207395078,-0.4322476390039374,110.0,19.0,45.0,5222.977336197841,11.295493417,-0.11005503669418878,-0.04755947414425106,-0.058229069746620524,0.6490486270265224
zac18,circuit_file,zac18/qft_n18_transpiled,2e218cbc6320c2d4600d37ddf2c65f8befcb1d6f62550cd0367b82b62e99979d,1,"[""qft_n18_transpiled""]",M1,-2.6834681156087963,0.06832578106574735,0.2686875263339146,1.3082462846586562,-2.6834681156087963,648.0,0.0,177.0,20318.17476446989,50.655991125,-0.6483242161621303,0.0,-0.4040915185254687,0.06832578106574735,-2.7482629341977427,684.0,0.0,148.0,20288.537609290932,0.036169666,-0.6843422281711375,0.0,-0.43286832510540785,0.06403900461197844,-2.4147805892748817,402.0,7.0,143.0,20623.61469965825,96.448551083,-0.40220113410058084,-0.017521911526829338,-0.3630009036243715,0.08938694922566473
zac18,circuit_file,zac18/qft_n29_transpiled,48d487f623d47c5260515f2e6365544ad923bb136bcca45db7434ff32b49c46e,1,"[""qft_n29_transpiled""]",M2,-6.600993650128068,0.0013590169790240652,0.9899897425923001,2.6912068674016414,-6.6468254428559845,1472.0,0.0,381.0,46359.83813261894,71.3858325,-1.4727364910349625,0.0,-1.5528286004284946,0.00129813657994704,-6.600993650128068,1484.0,0.0,284.0,40515.88185677209,0.069042875,-1.484742495037965,0.0,-1.4949908036975759,0.0013590169790240652,-5.611003907535768,844.0,18.0,219.0,35607.41179912787,189.829545416,-0.844422281544503,-0.045056343926132586,-1.096262929338271,0.0036573958268649965
zac18,circuit_file,zac18/seca_n11_transpiled,1c0c891f63a8f0f185b77b9ef66ee242bf6387b1e252edb4f19a63461206d9d3,1,"[""seca_n11_transpiled""]",M1,-0.8426289975210782,0.43057704813787323,-0.019886003363513205,0.9803104190277983,-0.8426289975210782,300.0,0.0,109.0,11279.92184091798,10.285368291,-0.3001501000750603,0.0,-0.10997082561726582,0.43057704813787323,-0.8450131546206348,304.0,0.0,80.0,10145.655889909369,0.015409875,-0.30415210140939447,0.0,-0.10835298138248813,0.429551707583817,-0.8625150008845914,206.0,57.0,71.0,8128.616290234231,37.621730666,-0.20610306871820808,-0.1426784224327532,-0.08122543790487806,0.4220991664837909
zac18,circuit_file,zac18/swap_test_n25_transpiled,b1c5bd70a94288185fa82fe0b7255b6824cc2bbcf26a896a1d770cd7041d56c3,1,"[""swap_test_n25_transpiled""]",M2,-1.142049130390318,0.31916434193060306,-0.012847157897143857,0.9872350145652597,-1.1680604659093918,384.0,0.0,133.0,14114.859496635707,8.573803583,-0.38419212809607717,0.0,-0.3262093335373515,0.3109694926742771,-1.142049130390318,380.0,0.0,121.0,12259.246676641184,0.027998708,-0.3801901267617431,0.0,-0.30419999935261177,0.31916434193060306,-1.1548962882874618,282.0,58.0,107.0,11727.545413869935,14.010301667,-0.2821410940705567,-0.14518155265087165,-0.26991463729007037,0.31509021375457047
zac18,circuit_file,zac18/wstate_n27_transpiled,d2cb39ae9b321e8f9cffdc461f673280c0304eb8cfe4803fa00b765f7c2e324d,1,"[""wstate_n27_transpiled""]",M1,-0.7435117204628506,0.475441363307556,0.04558103319276485,1.0466358134193616,-0.7435117204628506,216.0,0.0,72.0,7918.0221751245645,6.567518583,-0.21610807205404342,0.0,-0.23524674763929512,0.475441363307556,-0.863773066399513,308.0,0.0,85.0,9470.240679040502,0.012041708,-0.30815410274372856,0.0,-0.26346206288627233,0.42156847197278763,-0.6979306872700858,158.0,3.0,66.0,8262.121160973533,9.373836542,-0.15807905270619843,-0.00750939065435543,-0.2401853431400198,0.4976139580186141
qmap154,canonical_sha256_cluster_mean,012b9e9f7ae5656aefa02b50a70cdc55461c1dc41c9fed19de9b1e8eb288a0ae,012b9e9f7ae5656aefa02b50a70cdc55461c1dc41c9fed19de9b1e8eb288a0ae,1,"[""4gt11_84""]",M1,-0.09777551096426074,0.9068524593392224,0.004021549652884898,1.0040296469345917,-0.09777551096426074,40.0,0.0,16.0,1592.9343498347191,3.809102625,-0.040020013343341376,0.0,-0.007241811046984918,0.9068524593392224,-0.09808003116627913,40.0,0.0,16.0,1631.7954108998247,0.003164542,-0.040020013343341376,0.0,-0.007546331249003319,0.9065763464882078,-0.09375396131137584,26.0,5.0,11.0,1146.0869877163889,1.707404541,-0.026013008673171894,-0.012515651090592385,-0.004711614973677119,0.9105067545721256
qmap154,canonical_sha256_cluster_mean,02ff18ecd3cbf5d461bcd36200261de37bb114a1b24a49eed03d37f500b7c215,02ff18ecd3cbf5d461bcd36200261de37bb114a1b24a49eed03d37f500b7c215,1,"[""4gt5_76""]",M1,-0.4676786360093316,0.6264548113306613,-0.004901417704578803,0.9951105746420117,-0.4676786360093316,180.0,0.0,77.0,7308.292786733187,7.953877916,-0.1800900600450362,0.0,-0.0333080963701009,0.6264548113306613,-0.46841642918401183,180.0,0.0,78.0,7424.144944735588,0.01423275,-0.1800900600450362,0.0,-0.034045889544781056,0.6259927877065123,-0.47258005371391043,128.0,25.0,61.0,6258.492990539773,5.567851916,-0.1280640426986924,-0.06257825545296192,-0.02765727596806158,0.6233918072905074
qmap154,canonical_sha256_cluster_mean,040d1773bb1501d1f86ca2d9028bed22e4dbfe9728922474bce44a5531b21b5a,040d1773bb1501d1f86ca2d9028bed22e4dbfe9728922474bce44a5531b21b5a,1,"[""majority_239""]",M2,-2.903630921154011,0.05482379734590389,-0.035383529821740645,0.9652351487932435,-2.9137745326080458,1108.0,0.0,479.0,46729.855626339995,12.230338167,-1.108554369610556,0.0,-0.3174490816281732,0.054270497023150614,-2.903630921154011,1108.0,0.0,469.0,44547.09268165529,0.081410916,-1.108554369610556,0.0,-0.30730547017413845,0.05482379734590389,-2.9390144509757516,768.0,175.0,350.0,37102.80075269707,32.431877875,-0.7683842561921543,-0.4380477881707335,-0.2448113252435472,0.05291785618858417
qmap154,canonical_sha256_cluster_mean,081979fd7492baf5b800ab2ecf9a40368544e0b330c139e248e5342892ed469a,081979fd7492baf5b800ab2ecf9a40368544e0b330c139e248e5342892ed469a,1,"[""qe_qft_4""]",M2,-0.2047293988783395,0.8148677907179451,0.012477372103018053,1.0125555392789758,-0.20575937903646271,56.0,0.0,20.0,2205.7549704796156,5.56287675,-0.05602801868067792,0.0,-0.011815924389093936,0.8140289251436202,-0.2047293988783395,56.0,0.0,16.0,1650.5620692555674,0.006815167,-0.05602801868067792,0.0,-0.010785944230970734,0.8148677907179451,-0.19225202677532144,44.0,0.0,20.0,2072.564370403532,2.800615791,-0.04402201467767551,0.0,-0.010314576130955096,0.8250988952714766
qmap154,canonical_sha256_cluster_mean,0a0d73bbac4f2706db89eac74c34669b900537059d81b0bf2094c7f97d0304a3,0a0d73bbac4f2706db89eac74c34669b900537059d81b0bf2094c7f97d0304a3,1,"[""one-two-three-v0_98""]",M1,-0.6795145219110669,0.5068630035265466,-0.01228057855243303,0.9877945200200373,-0.6795145219110669,264.0,0.0,119.0,11744.198106370073,8.974952208,-0.2641320880660531,0.0,-0.053261769225394134,0.5068630035265466,-0.681561242821366,268.0,0.0,117.0,11071.714919558008,0.019149,-0.2681340894003872,0.0,-0.05130648880135913,0.5058266573360579,-0.6917951004634999,184.0,43.0,84.0,8282.482348399653,7.0249635,-0.18409206137937031,-0.1076345993790945,-0.03794777508541536,0.5006764972844197
qmap154,canonical_sha256_cluster_mean,0d21004070d0a6614961fe081dffc6b68f22d145e1bac2b93deac3a6cbd14dbf,0d21004070d0a6614961fe081dffc6b68f22d145e1bac2b93deac3a6cbd14dbf,1,"[""rd32_270""]",M1,-0.37862589513934025,0.6848017524158954,-0.0027586379615145984,0.9972451635836876,-0.37862589513934025,148.0,0.0,68.0,6411.441859268658,8.109081542,-0.1480740493703631,0.0,-0.029397234500245402,0.6848017524158954,-0.37890936732050146,148.0,0.0,68.0,6443.982584073131,0.012601459,-0.1480740493703631,0.0,-0.02968070668140657,0.6846076576810036,-0.38138453310085485,96.0,25.0,47.0,4722.044714349889,3.930416042,-0.09604803202401929,-0.06257825545296192,-0.02160363435514187,0.6829152356103855
qmap154,canonical_sha256_cluster_mean,128f4fc145f17a5c3292150a1026e96555931cd0f863e3eed45c36c456983d23,128f4fc145f17a5c3292150a1026e96555931cd0f863e3eed45c36c456983d23,1,"[""4mod7-v0_94""]",M1,-0.7334460177646025,0.48025118120940175,-0.016634300995439832,0.9835032850504696,-0.7334460177646025,288.0,0.0,129.0,12184.608340405988,8.065597542,-0.2881440960720579,0.0,-0.05541814287418557,0.48025118120940175,-0.7338470165598541,288.0,0.0,127.0,12095.57720743488,0.023551583,-0.2881440960720579,0.0,-0.05581914166943712,0.4800586396713611,-0.7500803187600423,196.0,49.0,92.0,9180.29154638319,8.218328125,-0.19609806538237273,-0.12265338068780537,-0.041445093871505134,0.47232861436881496
qmap154,canonical_sha256_cluster_mean,1339e2c7e5bc81127fa6ab1721b679c0a6f525f4446d354f7ed78b8331f01fac,1339e2c7e5bc81127fa6ab1721b679c0a6f525f4446d354f7ed78b8331f01fac,1,"[""ground_state_estimation_10""]",M1,-0.034013351494323545,0.9665585995497005,0.004750161106806171,1.0047614610071074,-0.034013351494323545,8.0,0.0,2.0,199.99282681158866,1.104763375,-0.008004002668668275,0.0,-0.007071138237996509,0.9665585995497005,-0.03434997304455577,8.0,0.0,2.0,238.81215109115067,0.001797459,-0.008004002668668275,0.0,-0.007407759788228736,0.9662332898517291,-0.029263190387517374,4.0,0.0,1.0,109.09637512458573,0.887995,-0.0040020013343341375,0.0,-0.006322978465524478,0.9711608306325407
qmap154,canonical_sha256_cluster_mean,13f4bceb146bbcba79157a59457fb4180968dfbf0e27e986fd3a79153e3c761d,13f4bceb146bbcba79157a59457fb4180968dfbf0e27e986fd3a79153e3c761d,1,"[""alu-bdd_288""]",M1,-0.422891534581944,0.6551496903431628,-6.171539292504358e-05,0.9999382865114307,-0.422891534581944,164.0,0.0,72.0,7005.243285476675,9.302645083,-0.16408205470769963,0.0,-0.046429604922416046,0.6551496903431628,-0.4231509580046506,164.0,0.0,71.0,7060.4654913555805,0.01892975,-0.16408205470769963,0.0,-0.04668902834512263,0.6549797512121575,-0.42295324997486905,110.0,26.0,49.0,5118.132028074075,4.485050083,-0.11005503669418878,-0.0650813856710804,-0.0354369526577715,0.6551092587702366
qmap154,canonical_sha256_cluster_mean,157102116dddf0ba09f368852ccbf37928a0e99f99e9d7d4859f84655c619419,157102116dddf0ba09f368852ccbf37928a0e99f99e9d7d4859f84655c619419,1,"[""4gt10-v1_81""]",M2,-0.6928633620415361,0.5001419293993478,-0.016726998599892795,0.9834121208773894,-0.6929165722191735,272.0,0.0,122.0,11490.431948238245,8.863709958,-0.27213609073472134,0.0,-0.05274714001428218,0.5001153174664597,-0.6928633620415361,272.0,0.0,120.0,11370.636327242406,0.020105916,-0.27213609073472134,0.0,-0.052693929836644754,0.5001419293993478,-0.7095903606414289,192.0,43.0,88.0,9409.287024188574,7.675905167,-0.19209606404803858,-0.1076345993790945,-0.04182635574412587,0.4918456355303221
qmap154,canonical_sha256_cluster_mean,17585b5581ef461ec1956dcfd5c0d021a2e1cd4acd8ebef58f665e2e9b95f2b1,17585b5581ef461ec1956dcfd5c0d021a2e1cd4acd8ebef58f665e2e9b95f2b1,1,"[""4gt4-v0_78""]",M1,-1.124954956677465,0.3246670911134975,-0.015731847740375393,0.9843912514052287,-1.124954956677465,428.0,0.0,193.0,18349.325719957764,10.734896291,-0.4282141427737527,0.0,-0.10249015204708906,0.3246670911134975,-1.125812886142857,428.0,0.0,192.0,18300.16037583708,0.034265291,-0.4282141427737527,0.0,-0.10334808151248104,0.3243886690998904,-1.1406868044178404,302.0,66.0,143.0,14545.598350968783,11.134044667,-0.3021511007422274,-0.16520659439581947,-0.07907844742317048,0.3195994441113112
qmap154,canonical_sha256_cluster_mean,181b076ba081017381177d84383cc4f660e01506983ee907420658ef1adbd956,181b076ba081017381177d84383cc4f660e01506983ee907420658ef1adbd956,1,"[""rd73_252""]",M1,-27.342132464045225,1.3349430768551419e-12,0.3196452822105691,1.3766393592477357,-27.342132464045225,9548.0,0.0,4053.0,391160.087639514,28.049279541,-9.552777185055586,0.0,-4.8720768013918505,1.3349430768551419e-12,-27.347981427015274,9560.0,0.0,4045.0,389930.78080557066,0.659467208,-9.564783189058588,0.0,-4.865919760358899,1.3271578342240792e-12,-27.022487181834656,6748.0,1520.0,3042.0,307275.6180801461,46.323917167,-6.75137625102169,-3.804757931540085,-3.5513645047595763,1.8377351819540632e-12
qmap154,canonical_sha256_cluster_mean,18bd03509e493866a3863af424f8d69b46a78f338a1c47d89749a2fca6939020,18bd03509e493866a3863af424f8d69b46a78f338a1c47d89749a2fca6939020,1,"[""ex3_229""]",M1,-1.860104590125521,0.15565634939947603,-0.031656657551992984,0.9688391685922662,-1.860104590125521,712.0,0.0,320.0,30225.28043005983,9.164120875,-0.7123562375114765,0.0,-0.17243881555014298,0.15565634939947603,-1.8625367230976653,716.0,0.0,315.0,29697.88509066341,0.051798084,-0.7163582388458106,0.0,-0.17086894718795298,0.1552782324615027,-1.891761247677514,482.0,121.0,226.0,23318.748069628982,19.854654333,-0.4822411607872636,-0.3028787563923357,-0.13133179343401316,0.15080596813829564
qmap154,canonical_sha256_cluster_mean,1a2e65e77c47deda845cff04ac39142ee67177958161cb55e0eee9ab9f5a61a5,1a2e65e77c47deda845cff04ac39142ee67177958161cb55e0eee9ab9f5a61a5,1,"[""rd53_311""]",M2,-1.4675656147302945,0.23048589425001717,-0.011891213416284296,0.9881792076549285,-1.4681848456606534,520.0,0.0,203.0,19548.724299280057,15.380118667,-0.5202601734634379,0.0,-0.25885935905227575,0.23034321443572237,-1.4675656147302945,520.0,0.0,198.0,19276.440694533714,0.032995583,-0.5202601734634379,0.0,-0.25824012812191677,0.23048589425001717,-1.4794568281465788,348.0,94.0,152.0,16073.478428218525,25.294811333,-0.34817411608706994,-0.23529424050313683,-0.20692315841143222,0.22776136835561964
qmap154,canonical_sha256_cluster_mean,1cc205f827ac11a35917ee7ed71a78f0de65ae3e1b9a1ce15cc5f8ffc673f145,1cc205f827ac11a35917ee7ed71a78f0de65ae3e1b9a1ce15cc5f8ffc673f145,1,"[""graycode6_47""]",M1,-0.05806844428428051,0.9435853622018051,0.004355305999102402,1.0043648041283557,-0.05806844428428051,24.0,0.0,10.0,1123.037359146889,4.418640125,-0.024012008006004823,0.0,-0.005993277070534335,0.9435853622018051,-0.058088855270701435,24.0,0.0,10.0,1128.1350025955126,0.002341584,-0.024012008006004823,0.0,-0.006013688056955256,0.9435661028903417,-0.05371313828517811,20.0,0.0,9.0,1024.7964797033774,1.763764625,-0.020010006671670688,0.0,-0.005639972405766069,0.9477039274861996
qmap154,canonical_sha256_cluster_mean,1fbbcea96463dd341d6d14223fe5adfb7ba4dd3fdfaca0da507cf2a2a52eced5,1fbbcea96463dd341d6d14223fe5adfb7ba4dd3fdfaca0da507cf2a2a52eced5,1,"[""miller_11""]",M1,-0.23394122910057624,0.7914083263079896,-0.004780989830271226,0.9952304209094877,-0.23394122910057624,96.0,0.0,46.0,4250.515749854419,3.879044708,-0.09604803202401929,0.0,-0.01030288976595668,0.7914083263079896,-0.23413148576194723,96.0,0.0,46.0,4293.314935918172,0.008387167,-0.09604803202401929,0.0,-0.01049314642732767,0.7912577699246767,-0.23872221893084747,52.0,21.0,25.0,2362.782011491259,2.505828,-0.05202601734634379,-0.052565734580488015,-0.0065401596934154035,0.7876336417027736
qmap154,canonical_sha256_cluster_mean,205466da7c64551e7ef8d0ebcec9a29c26c1c6c9b66f614d19a34ff916800dc6,205466da7c64551e7ef8d0ebcec9a29c26c1c6c9b66f614d19a34ff916800dc6,1,"[""squar5_261""]",M1,-10.386290077183777,3.085258319188213e-05,0.08851853825153633,1.0925545064730013,-10.386290077183777,3500.0,0.0,1492.0,144954.25928466464,23.498092875,-3.5017511675423703,0.0,-2.0434672854252,3.085258319188213e-05,-10.393239519582844,3504.0,0.0,1483.0,144677.08012841453,0.246748584,-3.5057531688767045,0.0,-2.046414726489932,3.0638918228213876e-05,-10.29777153893224,2456.0,578.0,1109.0,112654.49537272406,18.46251775,-2.4572288192811604,-1.4468092660724796,-1.5446578266937259,3.3708128802624e-05
qmap154,canonical_sha256_cluster_mean,25d68584c24511a5e0c74e934a911155b0d792d0f76ad82dd8241b4aac2f6ae0,25d68584c24511a5e0c74e934a911155b0d792d0f76ad82dd8241b4aac2f6ae0,1,"[""4mod5-v1_23""]",M1,-0.34302242896852375,0.7096222952855918,0.003726868967403707,1.0037338223790218,-0.34302242896852375,140.0,0.0,61.0,5761.7152260574685,7.126534292,-0.14007004670169482,0.0,-0.0254484784002982,0.7096222952855918,-0.34352689565670064,140.0,0.0,61.0,5808.279315177253,0.010240875,-0.14007004670169482,0.0,-0.025952945088475083,0.7092644047559475,-0.33929556000112004,84.0,24.0,40.0,3947.041292828958,3.705832625,-0.08404202802101689,-0.06007512523484344,-0.017674502878728963,0.7122718988923818
qmap154,canonical_sha256_cluster_mean,29d2d2ba2eb18eb5ab2c49bd53f46992b37b48715ddad032382024339a0ed6c0,29d2d2ba2eb18eb5ab2c49bd53f46992b37b48715ddad032382024339a0ed6c0,1,"[""mod8-10_177""]",M2,-2.0561838157251153,0.1279412869850028,-0.027680456704735068,0.9726991366338157,-2.0609067689877656,792.0,0.0,354.0,34228.00686164818,11.656615208,-0.7923962641981592,0.0,-0.19367381962284588,0.12733845096995705,-2.0561838157251153,792.0,0.0,348.0,32928.32334643097,0.057793333,-0.7923962641981592,0.0,-0.18895086636019537,0.1279412869850028,-2.0838642724298504,538.0,131.0,253.0,25880.309826987108,19.115998709,-0.5382691794679415,-0.32791005857352046,-0.1428483492216277,0.12444837939013145
qmap154,canonical_sha256_cluster_mean,2b0c30df2cb02052a00194a2064cbb204e581278c89c93f9dff8bf4741e22dc2,2b0c30df2cb02052a00194a2064cbb204e581278c89c93f9dff8bf4741e22dc2,1,"[""mod5d2_64""]",M1,-0.2631091265264395,0.7686580117553311,-0.007374294624435174,0.9926528287732421,-0.2631091265264395,104.0,0.0,50.0,4729.997693227506,7.217703292,-0.10405203469268758,0.0,-0.02054156584905705,0.7686580117553311,-0.26357532553857693,104.0,0.0,50.0,4765.277491910339,0.008530042,-0.10405203469268758,0.0,-0.021007764861194506,0.7682997476672501,-0.27048342115087465,76.0,16.0,37.0,3773.9983546837734,3.38357075,-0.07603802535234862,-0.04005008348989563,-0.015879786323935566,0.7630105497281455
qmap154,canonical_sha256_cluster_mean,2fabbd1041f29f041e6f33a894239db90c289c40d9e93f6e6e5a91771055029c,2fabbd1041f29f041e6f33a894239db90c289c40d9e93f6e6e5a91771055029c,1,"[""sym6_316""]",M2,-1.4967026241515085,0.22386711849617555,0.02484135941466059,1.0251524768348377,-1.5015535415138224,524.0,0.0,215.0,21000.83693991078,14.511433833,-0.524262174797772,0.0,-0.2926385053766508,0.22278378730361423,-1.4967026241515085,524.0,0.0,207.0,20091.13829063229,0.032811,-0.524262174797772,0.0,-0.28778758801433696,0.22386711849617555,-1.4718612647368479,340.0,90.0,150.0,15220.669011391274,20.780446875,-0.3401701134184017,-0.22528171963066293,-0.2217565703483837,0.22949793100823246
qmap154,canonical_sha256_cluster_mean,2fdaaefcdde70b3b3597736046e754abdfc97b9e98f6656ea789929fdf6f0ecb,2fdaaefcdde70b3b3597736046e754abdfc97b9e98f6656ea789929fdf6f0ecb,1,"[""rd32-v0_66""]",M1,-0.12654221380639363,0.8811369526136851,-0.0022691904171256716,0.9977333822491244,-0.12654221380639363,52.0,0.0,24.0,2295.7742021789913,5.105421959,-0.05202601734634379,0.0,-0.007764704379474568,0.8811369526136851,-0.12678840590617102,52.0,0.0,24.0,2335.914364194275,0.004809541,-0.05202601734634379,0.0,-0.008010896479251977,0.8809200503580361,-0.1288114042235193,34.0,9.0,16.0,1594.6542158453067,2.150609125,-0.03401701134184017,-0.022528171963066293,-0.005514728838037582,0.8791397519559385
qmap154,canonical_sha256_cluster_mean,336240af3b70f2a7d564efaceb5dd66d45d448242fbce0e46d2e9bcb6c0dd8ea,336240af3b70f2a7d564efaceb5dd66d45d448242fbce0e46d2e9bcb6c0dd8ea,1,"[""ising_model_10""]",M2,-0.7857119959465172,0.4557950619916643,0.07227470209596987,1.0749505946903994,-0.7911657399037444,216.0,0.0,46.0,5552.227820623095,5.714913792,-0.21610807205404342,0.0,-0.08042237742542627,0.4533160385506787,-0.7857119959465172,216.0,0.0,36.0,4740.512083456241,0.011009541,-0.21610807205404342,0.0,-0.0749686334681991,0.4557950619916643,-0.7134372938505473,132.0,2.0,53.0,6487.952264185134,27.967612542,-0.13206604403302655,-0.005006260436236954,-0.08562307112661147,0.489957172944887
qmap154,canonical_sha256_cluster_mean,337ec9b8fa347392e1e7680c23a11964ecce6b8d6a60f119881338597bff4df8,337ec9b8fa347392e1e7680c23a11964ecce6b8d6a60f119881338597bff4df8,1,"[""4gt12-v0_88""]",M1,-0.9076244419071995,0.4034815803891876,-0.01525089463859497,0.9848648113018796,-0.9076244419071995,344.0,0.0,157.0,14891.799528759133,9.278086667,-0.34417211475273585,0.0,-0.08406648388033419,0.4034815803891876,-0.9084490589053225,344.0,0.0,156.0,14939.071478156868,0.026981875,-0.34417211475273585,0.0,-0.08489110087845715,0.40314899976423346,-0.9228753365457945,234.0,59.0,110.0,11023.071615735224,9.521524542,-0.23411707805854703,-0.14768468286899014,-0.06168773234412782,0.3973748105337814
qmap154,canonical_sha256_cluster_mean,3851a8b648aa151f77e4ada800ff214766541778f2026981a67f714d6816d18a,3851a8b648aa151f77e4ada800ff214766541778f2026981a67f714d6816d18a,1,"[""alu-v4_36""]",M2,-0.5250477090644752,0.591527142487021,-0.004107765067715707,0.9959006602588414,-0.5252207258482231,212.0,0.0,92.0,8642.229948709355,8.037961041,-0.21210607071970927,0.0,-0.03959591993765849,0.5914248072164432,-0.5250477090644752,212.0,0.0,91.0,8538.733446611712,0.015170834,-0.21210607071970927,0.0,-0.03942290315391056,0.591527142487021,-0.5291554741321909,138.0,35.0,63.0,6186.253074857907,6.700686,-0.13806904603452774,-0.0876095576341467,-0.029958135272661158,0.5891022717638499
qmap154,canonical_sha256_cluster_mean,398986b61fc4e5e4d9d1098273673bfde3ca29c4c34a234df6b6c3bc60de3fac,398986b61fc4e5e4d9d1098273673bfde3ca29c4c34a234df6b6c3bc60de3fac,1,"[""cnt3-5_179""]",M2,-0.9413076982877855,0.390117345862929,0.016334727622279832,1.0164688686760834,-0.9493960785939146,344.0,0.0,117.0,11810.456285125418,11.534426834,-0.34417211475273585,0.0,-0.19027747590509833,0.38697465517767526,-0.9413076982877855,364.0,0.0,90.0,9119.833119122562,0.017319833,-0.36418212142440654,0.0,-0.16217908892729843,0.390117345862929,-0.9249729706655057,232.0,51.0,85.0,9500.929754031848,15.16435575,-0.23211607739137996,-0.12765964112404232,-0.14824976354683578,0.3965421372002078
qmap154,canonical_sha256_cluster_mean,3a59691f2cef465889098b3e1fe8dfc1073bdb63f046979516e9ca7612614be8,3a59691f2cef465889098b3e1fe8dfc1073bdb63f046979516e9ca7612614be8,1,"[""adr4_197""]",M2,-18.353536732217023,1.0694494803608008e-08,0.32619456760363263,1.3856849520463677,-18.36224983246065,6176.0,0.0,2620.0,256718.7949149563,25.652192208,-6.179090060211908,0.0,-3.838446725499849,1.0601717374804554e-08,-18.353536732217023,6184.0,0.0,2603.0,255031.3795996679,0.425099875,-6.187094062880576,0.0,-3.8217296225875534,1.0694494803608008e-08,-18.02734216461339,4364.0,982.0,1968.0,200086.7610138077,31.741815375,-4.366183455758544,-2.4580738741923445,-2.8416263717706016,1.4819200519097689e-08
qmap154,canonical_sha256_cluster_mean,3b0bd2035db7cf2547b925a5bb182e565f350a0756310fc40ac23ff85782a6ad,3b0bd2035db7cf2547b925a5bb182e565f350a0756310fc40ac23ff85782a6ad,1,"[""rd53_138""]",M1,-0.6531841239417788,0.5203861619163942,0.003259168698082071,1.0032644855630009,-0.6531841239417788,240.0,0.0,99.0,10032.087655617022,11.1894975,-0.24012008006004826,0.0,-0.07840644845184826,0.5203861619163942,-0.654711823579246,240.0,0.0,88.0,10211.710571575803,0.016123167,-0.24012008006004826,0.0,-0.07993414808931532,0.5195917751122073,-0.6499249552436968,152.0,43.0,62.0,6799.95462564667,9.8970835,-0.15207605070469724,-0.1076345993790945,-0.05555670973002267,0.5220849550291556
qmap154,canonical_sha256_cluster_mean,42887548d9adb27f8d8ed46b6b9c73698f1b1907034eac1e0d38c3d3351b8a3f,42887548d9adb27f8d8ed46b6b9c73698f1b1907034eac1e0d38c3d3351b8a3f,1,"[""4mod5-v1_22""]",M2,-0.11796679073972008,0.8887255660431952,0.0037207776482613975,1.003727708334597,-0.11798930499529475,48.0,0.0,20.0,2007.5564735723406,4.713528459,-0.048024016012009646,0.0,-0.008826428744258104,0.8887055572739078,-0.11796679073972008,48.0,0.0,19.0,1948.8140945222096,0.004415417,-0.048024016012009646,0.0,-0.008803914488683437,0.8887255660431952,-0.11424601309145868,34.0,5.0,15.0,1551.3805454770445,1.995278625,-0.03401701134184017,-0.012515651090592385,-0.006574490419999132,0.8920384757429038
qmap154,canonical_sha256_cluster_mean,46faae924ea2fb39bd42153545d56bde36cb7d2fb617493a033ea462bb80dfac,46faae924ea2fb39bd42153545d56bde36cb7d2fb617493a033ea462bb80dfac,1,"[""one-two-three-v3_101""]",M2,-0.3471079630879837,0.7067290234910306,0.00310847931112479,1.0031133156428527,-0.3521562164134087,144.0,0.0,64.0,7357.0265444221,7.149468209,-0.14407204803602894,0.0,-0.03058026451084904,0.7031702666588894,-0.3471079630879837,144.0,0.0,59.0,5695.024833728676,0.010390917,-0.14407204803602894,0.0,-0.025532011185424006,0.7067290234910306,-0.3439994837768589,90.0,23.0,42.0,4066.2028338779382,5.536319958,-0.0900450300225181,-0.05757199501672497,-0.018878554871085085,0.7089292940151233
qmap154,canonical_sha256_cluster_mean,4a6d53e313003be35a7d3c56a5702b8a2f0ce138861f1ff1de53929c6660d26a,4a6d53e313003be35a7d3c56a5702b8a2f0ce138861f1ff1de53929c6660d26a,2,"[""ex1_226"",""xor5_254""]",M1,-0.055260671302234214,0.946238458591237,0.0043552487777918925,1.004364746657287,-0.055260671302234214,24.0,0.0,10.0,1131.3919595273794,4.3478326460000005,-0.024012008006004823,0.0,-0.004985774142499989,0.946238458591237,-0.055319282884771476,24.0,0.0,10.0,1146.0326127000578,0.002257042,-0.024012008006004823,0.0,-0.00504438572503725,0.9461829996830045,-0.05090542252444232,20.0,0.0,9.0,1033.1510800838678,1.7624918749999998,-0.020010006671670688,0.0,-0.004632526699042233,0.9503685497403696
qmap154,canonical_sha256_cluster_mean,4b3a5ff4ee6e996fec8dbee995040ab4694fa02a4220ee8b1890926ec0ef8be2,4b3a5ff4ee6e996fec8dbee995040ab4694fa02a4220ee8b1890926ec0ef8be2,1,"[""sf_276""]",M2,-3.563735381017709,0.028332793025848086,-0.07287270543338487,0.929719170692478,-3.5690652021882894,1360.0,0.0,609.0,57962.167823935604,10.137167167,-1.3606804536736068,0.0,-0.3360424751595531,0.028182186016494883,-3.563735381017709,1360.0,0.0,604.0,56597.73292120202,0.105243417,-1.3606804536736068,0.0,-0.33071265398897237,0.028332793025848086,-3.6366080864510937,936.0,228.0,440.0,46118.438520084936,34.57773425,-0.9364683122341881,-0.5707136897310128,-0.2569412585226253,0.02634154083539311
qmap154,canonical_sha256_cluster_mean,4ce6bfb1bf9aca450b753d6849ee005106931698bb33d26016c766f8a3c6cd05,4ce6bfb1bf9aca450b753d6849ee005106931698bb33d26016c766f8a3c6cd05,1,"[""4gt12-v0_86""]",M1,-1.191131602099132,0.30387720135344487,-0.016731207365472178,0.9834079819350146,-1.191131602099132,452.0,0.0,192.0,18237.367623343936,10.515190833,-0.45222615077975753,0.0,-0.1050663215629114,0.30387720135344487,-1.191789731184123,452.0,0.0,192.0,18295.034934455874,0.032615,-0.45222615077975753,0.0,-0.10572445064790231,0.3036772767242913,-1.2078628094646042,308.0,73.0,139.0,14825.531843377172,14.189549708,-0.30815410274372856,-0.1827285059226488,-0.08314107104176383,0.2988352653390513
qmap154,canonical_sha256_cluster_mean,4e61ebc66c256a3be3411259d4f7e555e5e410065ebfac0dfa43079072b7b0d3,4e61ebc66c256a3be3411259d4f7e555e5e410065ebfac0dfa43079072b7b0d3,1,"[""cm152a_212""]",M1,-6.309126918227293,0.0018196212240130219,0.04193362035310155,1.0428252540810914,-6.309126918227293,2200.0,0.0,952.0,91454.07285848694,13.415847292,-2.201100733883776,0.0,-1.1425091052519725,0.0018196212240130219,-6.3224384064358325,2204.0,0.0,956.0,92412.60748574004,0.159443709,-2.2051027352181096,0.0,-1.1518185921261783,0.0017955598591295491,-6.267193297874192,1548.0,346.0,708.0,73883.4956549559,75.319409208,-1.5487745163873112,-0.866083055468993,-0.8899566525211521,0.0018975469652627263
qmap154,canonical_sha256_cluster_mean,4ea7a43cd39b6fc7c5ba77d77c7ebf00dd92b539d2c56d977ff9bee8952fdd66,4ea7a43cd39b6fc7c5ba77d77c7ebf00dd92b539d2c56d977ff9bee8952fdd66,1,"[""one-two-three-v1_99""]",M2,-0.6207588073688484,0.5375363962233751,-0.017689929125204396,0.9824656191080938,-0.6208980935203459,244.0,0.0,115.0,10771.398072509075,8.057087041,-0.24412208139438238,0.0,-0.04833113855563334,0.5374615300614861,-0.6207588073688484,244.0,0.0,113.0,10574.013617029783,0.01985725,-0.24412208139438238,0.0,-0.04819185240413589,0.5375363962233751,-0.6384487364940528,168.0,42.0,79.0,8250.223639521217,6.829196625,-0.16808405604203377,-0.10513146916097603,-0.03678833772071291,0.5281110283087319
qmap154,canonical_sha256_cluster_mean,4f2d6f098c8b76352c45f0551f747e1f012bca552b5eb3dc8ae60ff0418b3c43,4f2d6f098c8b76352c45f0551f747e1f012bca552b5eb3dc8ae60ff0418b3c43,1,"[""alu-v2_30""]",M2,-2.36544210357375,0.09390777422713913,-0.04093458675079109,0.9598919175434221,-2.3656865718516213,920.0,0.0,397.0,37475.14111206235,12.165764042,-0.9204603068968517,0.0,-0.2147361132696674,0.0938848195612532,-2.36544210357375,920.0,0.0,394.0,37207.81152602434,0.067306334,-0.9204603068968517,0.0,-0.214491644991796,0.09390777422713913,-2.406376690324541,646.0,146.0,290.0,29657.672323787057,24.302415833,-0.6463232154949632,-0.3654570118452976,-0.16410631129917824,0.09014131347512333
qmap154,canonical_sha256_cluster_mean,4f73524b715eb1770efc2d80fc94314f980ad04bd5d39f4bda32e9373bb5114a,4f73524b715eb1770efc2d80fc94314f980ad04bd5d39f4bda32e9373bb5114a,1,"[""4gt12-v1_89""]",M1,-1.0795317472434995,0.3397545794216961,0.00024199687863357688,1.0002420261622404,-1.0795317472434995,416.0,0.0,189.0,19278.26946012675,8.858764833,-0.4162081387707503,0.0,-0.10596100943494804,0.3397545794216961,-1.079544029096649,420.0,0.0,181.0,18203.967050685605,0.030483292,-0.42021014010508445,0.0,-0.10197128995376334,0.3397504066314697,-1.079289750364866,280.0,66.0,130.0,13865.328882878946,11.335089459,-0.28014009340338963,-0.16520659439581947,-0.07658046352785552,0.33983680891865714
qmap154,canonical_sha256_cluster_mean,519ea74d71d3bb4c0342bd16f13d8643d86a0d7adcc9401edc6280a5f0b3209c,519ea74d71d3bb4c0342bd16f13d8643d86a0d7adcc9401edc6280a5f0b3209c,1,"[""4gt13_90""]",M1,-0.507262232397826,0.6021418486770534,-0.007764553763468185,0.9922655125166966,-0.507262232397826,196.0,0.0,88.0,8850.802035473474,8.697790459,-0.19609806538237273,0.0,-0.03944570187860983,0.6021418486770534,-0.5096363158218699,200.0,0.0,86.0,8274.183678504196,0.015531958,-0.20010006671670688,0.0,-0.03781778396831961,0.6007140092707604,-0.5150267861612942,144.0,28.0,66.0,6532.986440607681,5.830561167,-0.14407204803602894,-0.07008764610731735,-0.02914862688110447,0.5974845900852876
qmap154,canonical_sha256_cluster_mean,5260efec73d65ae2747a06787c59b701521473db0f533363151441c3756e6fd2,5260efec73d65ae2747a06787c59b701521473db0f533363151441c3756e6fd2,1,"[""4gt4-v1_74""]",M1,-1.2772678071149082,0.27879799069030436,-0.018451092909050892,0.9817180863934608,-1.2772678071149082,492.0,0.0,222.0,21796.554657619366,12.510926084,-0.4922461641230989,0.0,-0.12161912898259479,0.27879799069030436,-1.2780670784136463,496.0,0.0,221.0,20865.736329385032,0.035231708,-0.49624816545743305,0.0,-0.11841639894699882,0.27857524448738136,-1.295718900023959,336.0,82.0,155.0,16385.82314495054,12.567379041,-0.33616811208406755,-0.2052566778857151,-0.09089159604496208,0.2737010299108275
qmap154,canonical_sha256_cluster_mean,5330ce57f4a8a8c2c2ac01c0f03ebfa187a9b427e0b3ff488641834ea78563f6,5330ce57f4a8a8c2c2ac01c0f03ebfa187a9b427e0b3ff488641834ea78563f6,1,"[""sqrt8_260""]",M1,-15.793046965945798,1.3840980291703435e-07,0.204418662355474,1.2268116658162964,-15.793046965945798,5432.0,0.0,2337.0,225864.0148708775,24.893329125,-5.434717812025759,0.0,-3.0388392407909803,1.3840980291703435e-07,-15.819988024194146,5436.0,0.0,2330.0,227790.8716963111,0.380220334,-5.438719813360093,0.0,-3.061778297704993,1.3473067863463204e-07,-15.588628303590324,3852.0,853.0,1738.0,176545.93349037095,28.107859917,-3.8539272849637745,-2.135170076055061,-2.2753705548665564,1.698027608819522e-07
qmap154,canonical_sha256_cluster_mean,53778d274180d94de3f21dd545732c304f808e584fba613310d33d09a51d427d,53778d274180d94de3f21dd545732c304f808e584fba613310d33d09a51d427d,1,"[""4gt12-v0_87""]",M1,-1.1755668030576623,0.3086439897431713,-0.0166445744222512,0.9834931811533528,-1.1755668030576623,448.0,0.0,190.0,18032.177605980643,10.510592709,-0.4482241494454234,0.0,-0.1041286975208683,0.3086439897431713,-1.1759998887933676,448.0,0.0,190.0,18086.582359037253,0.030494042,-0.4482241494454234,0.0,-0.10456178325657366,0.30851034937475985,-1.1922113774799135,304.0,73.0,137.0,14601.689293413372,13.772890708,-0.30415210140939447,-0.1827285059226488,-0.08211681405649975,0.30354925931637433
qmap154,canonical_sha256_cluster_mean,539b7b793a955583b075fc9fc5777a4c471092863a539f628fece84ebf0880c4,539b7b793a955583b075fc9fc5777a4c471092863a539f628fece84ebf0880c4,1,"[""con1_216""]",M1,-4.650991974925948,0.009552121763997648,-0.02806213216396447,0.9723279520846716,-4.650991974925948,1704.0,0.0,716.0,69296.44487612281,18.779125208,-1.7048525684263425,0.0,-0.6342998027791886,0.009552121763997648,-4.658814026424639,1708.0,0.0,715.0,69740.32762508177,0.115868958,-1.7088545697606767,0.0,-0.6381198529435451,0.009477696036050937,-4.679054107089913,1194.0,272.0,534.0,55447.767684948536,54.602802958,-1.1945973982987401,-0.6808514193282257,-0.49176568574253,0.009287794992851255
qmap154,canonical_sha256_cluster_mean,53aa97a2f504590ddcf752e24f189501d8300245aff42164ec7a7191a327b3bc,53aa97a2f504590ddcf752e24f189501d8300245aff42164ec7a7191a327b3bc,1,"[""alu-v2_32""]",M1,-0.764069766854028,0.4657670014178625,-0.005934951754120732,0.9940826252818964,-0.764069766854028,304.0,0.0,136.0,12889.574640797502,8.85787875,-0.30415210140939447,0.0,-0.05850857793417602,0.4657670014178625,-0.7666178903528281,308.0,0.0,130.0,12314.4239072686,0.0222625,-0.30815410274372856,0.0,-0.057054700098642025,0.464581680390117,-0.7700047186081488,204.0,47.0,96.0,10517.897666772895,8.149438833,-0.204102068051041,-0.11764712025156841,-0.04684644279508182,0.4630108835391455
qmap154,canonical_sha256_cluster_mean,547887c699e18e58deacddbf6fc41fe56a076cdfbc42dbf128fa464548b0253e,547887c699e18e58deacddbf6fc41fe56a076cdfbc42dbf128fa464548b0253e,1,"[""hwb4_49""]",M1,-1.0848932775440452,0.33793784952754075,-0.023693183917414595,0.9765852958714301,-1.0848932775440452,424.0,0.0,192.0,18090.89336208967,8.872438291,-0.42421214143941854,0.0,-0.0826682797546443,0.33793784952754075,-1.0868436096500567,424.0,0.0,191.0,18561.92643533266,0.032382833,-0.42421214143941854,0.0,-0.0846186118606558,0.33727940079533897,-1.1085864614614598,288.0,72.0,134.0,13738.458023894958,9.774428667,-0.2881440960720579,-0.18022537570453034,-0.06220413333488922,0.3300251347670082
qmap154,canonical_sha256_cluster_mean,556cc6c9d99e6f8ab21856ebd4604002b6ff842e3cf3a9ebdd6c1e725fb31246,556cc6c9d99e6f8ab21856ebd4604002b6ff842e3cf3a9ebdd6c1e725fb31246,1,"[""sys6-v0_111""]",M2,-1.091041900033039,0.33586637215833154,0.0012660032769660212,1.0012668049974058,-1.101907881816538,396.0,0.0,158.0,16278.30467165502,13.972691084,-0.3961981320990796,0.0,-0.1598724593717558,0.33223661045268227,-1.091041900033039,396.0,0.0,121.0,14248.74960595893,0.021090875,-0.3961981320990796,0.0,-0.14900647758825655,0.33586637215833154,-1.089775896756073,234.0,76.0,93.0,11654.147401819368,20.485748125,-0.23411707805854703,-0.19023789657700424,-0.11958363177481898,0.33629184935704226
qmap154,canonical_sha256_cluster_mean,569391ab4b0c2412a57e1200e808a8f428979e08eaad630e86b9747cd27e1c16,569391ab4b0c2412a57e1200e808a8f428979e08eaad630e86b9747cd27e1c16,1,"[""ham15_107""]",M2,-53.77654918558452,4.417142731734287e-24,3.148994073927277,23.312602027921354,-53.824870322461216,15940.0,0.0,6804.0,664500.152028049,37.510033208,-15.947975317321538,0.0,-16.40231178416166,4.2087761696794895e-24,-53.77654918558452,15968.0,0.0,6795.0,661513.8680989906,1.101679625,-15.975989326661876,0.0,-16.325976637944624,4.417142731734287e-24,-50.627555111657244,11304.0,2528.0,5109.0,522370.5989728815,61.21016825,-11.309655770828272,-6.32791319140351,-11.527112001591787,1.029750906054468e-22
qmap154,canonical_sha256_cluster_mean,58301ee4a0a5e02f220e6d4a288841abc82b921ffdda76a4f40848b79ddebfd9,58301ee4a0a5e02f220e6d4a288841abc82b921ffdda76a4f40848b79ddebfd9,1,"[""ham3_102""]",M1,-0.09311066648888763,0.9110926672902858,-0.00014217777077436822,0.9998578323360059,-0.09311066648888763,40.0,0.0,18.0,1704.9708630940681,3.845555959,-0.040020013343341376,0.0,-0.003777146607619789,0.9110926672902858,-0.09339171542871402,40.0,0.0,18.0,1741.3119432117587,0.00411475,-0.040020013343341376,0.0,-0.004058195547446185,0.9108366416416142,-0.093252844259662,24.0,7.0,11.0,1096.1735155877195,1.7717355,-0.024012008006004823,-0.017521911526829338,-0.0024054181889013667,0.910963139374095
qmap154,canonical_sha256_cluster_mean,58d3414c21ba4637af265a4f3068c543e65f5215444e5deb86f582d6bf36ae9a,58d3414c21ba4637af265a4f3068c543e65f5215444e5deb86f582d6bf36ae9a,1,"[""inc_237""]",M1,-70.42874193098781,2.5893217059754297e-31,7.510837782691631,1827.7441539842498,-70.42874193098781,18780.0,0.0,8202.0,796259.4238413484,35.932379458,-18.789396264698777,0.0,-25.816914109803566,2.5893217059754297e-31,-71.18142276247517,18792.0,0.0,8196.0,809028.3355635618,1.300635791,-18.80140226870178,0.0,-26.55758893728792,1.2198344103846941e-31,-62.91790414829618,13404.0,3020.0,6065.0,623421.5188920596,70.307999,-13.410706471353695,-7.5594532587178005,-16.169852041041118,4.732617610881116e-28
qmap154,canonical_sha256_cluster_mean,5b244278f3e4846bba65a3a6be51e000292bc1c8260030ea3df81daab0b8542c,5b244278f3e4846bba65a3a6be51e000292bc1c8260030ea3df81daab0b8542c,1,"[""ising_model_16""]",M1,-1.3787292701602665,0.2518984446390086,0.10154076015978952,1.10687503387572,-1.3787292701602665,348.0,0.0,66.0,7799.3337428564755,6.258667708,-0.34817411608706994,0.0,-0.20636303337207335,0.2518984446390086,-1.398639135269903,360.0,0.0,61.0,8541.90575764063,0.016804625,-0.3601801200900724,0.0,-0.21426689447870764,0.24693277749897075,-1.277188510000477,210.0,7.0,76.0,9288.502858644055,137.873242042,-0.21010507005254223,-0.017521911526829338,-0.21648591465282518,0.27882009944304387
qmap154,canonical_sha256_cluster_mean,5c1c11e8fdb3c2c2275eee5df9f9f6294b3040059e1f7361e9a7e1e855ff38cc,5c1c11e8fdb3c2c2275eee5df9f9f6294b3040059e1f7361e9a7e1e855ff38cc,1,"[""3_17_13""]",M1,-0.17034184183776974,0.8433764659529815,-0.0020824252909981966,0.9979197414522601,-0.17034184183776974,68.0,0.0,32.0,2970.5321772823017,3.978931208,-0.06803402268368033,0.0,-0.007493167865772778,0.8433764659529815,-0.17043262618662386,68.0,0.0,32.0,3015.810430925166,0.00580625,-0.06803402268368033,0.0,-0.007583952214626889,0.8432999040450452,-0.17242426712876793,40.0,13.0,19.0,1830.2910508081472,2.062239834,-0.040020013343341376,-0.0325406928355402,-0.005048909661569721,0.8416220248507202
qmap154,canonical_sha256_cluster_mean,5d572a80ef970ebda2c1a03568d33233b6101732d05e49d2e74bc63a1c1f2812,5d572a80ef970ebda2c1a03568d33233b6101732d05e49d2e74bc63a1c1f2812,1,"[""cnt3-5_180""]",M1,-2.525853743502063,0.07998999269046161,0.011065148693004012,1.01112659387503,-2.525853743502063,860.0,0.0,315.0,30626.16446155534,13.174615583,-0.8604302868818395,0.0,-0.5229351443458821,0.07998999269046161,-2.557654435362194,868.0,0.0,319.0,32489.523861964215,0.053511166,-0.8684342895505078,0.0,-0.5467318335373444,0.07748627652789922,-2.514788594809059,572.0,149.0,241.0,25761.06167725174,40.464596208,-0.5722861908097816,-0.37296640249965307,-0.4245445590071642,0.080880008853195
qmap154,canonical_sha256_cluster_mean,61bf78e6eb8fe2cb88b844a4608037f20080a920d6382321fb11614e9e3bb9ff,61bf78e6eb8fe2cb88b844a4608037f20080a920d6382321fb11614e9e3bb9ff,1,"[""hwb6_56""]",M1,-33.14243697014333,4.0403827386176245e-15,-0.18732767095789882,0.8291719962848803,-33.14243697014333,12200.0,0.0,5225.0,493872.17301636335,22.415046792,-12.20610406971912,0.0,-4.4992634181165885,4.0403827386176245e-15,-33.15606062734559,12236.0,0.0,5183.0,490547.6740270252,0.852286541,-12.242122081728127,0.0,-4.476869063309841,3.98571120791936e-15,-33.32976464110123,8564.0,1971.0,3894.0,391689.91182711296,35.301427208,-8.568284856809388,-4.933669659911518,-3.3907636474029084,3.350172221134547e-15
qmap154,canonical_sha256_cluster_mean,620e145abef0b7fc3948370f538a464abbc77025fb86dcf2cd3ef23b08519a4a,620e145abef0b7fc3948370f538a464abbc77025fb86dcf2cd3ef23b08519a4a,1,"[""4gt4-v0_73""]",M1,-1.8895701116203982,0.15113676681281427,-0.03728555537265876,0.9634009917373394,-1.8895701116203982,724.0,0.0,315.0,29689.896361436968,10.61826525,-0.7243622415144789,0.0,-0.1701482107568424,0.15113676681281427,-1.8903272530038544,724.0,0.0,316.0,29769.877620260722,0.054839584,-0.7243622415144789,0.0,-0.17090535214029856,0.15102237822173115,-1.926855666993057,512.0,114.0,238.0,24494.934126268156,20.18161325,-0.5122561707947696,-0.2853568448655064,-0.13418299198370426,0.14560531103544028
qmap154,canonical_sha256_cluster_mean,679c25ee91f79d2be3c2d27eabe3178ef82d031ac02f532a255f82d5b2e14470,679c25ee91f79d2be3c2d27eabe3178ef82d031ac02f532a255f82d5b2e14470,1,"[""4gt13_91""]",M1,-0.48824290718419255,0.6137037818783082,-0.007264244639467898,0.9927620762133557,-0.48824290718419255,188.0,0.0,88.0,8845.94925906602,8.6262335,-0.18809406271370446,0.0,-0.03905555299873727,0.6137037818783082,-0.49078413598059994,192.0,0.0,86.0,8267.062875626812,0.014445125,-0.19209606404803858,0.0,-0.03759478046081056,0.6121462000794132,-0.49550715182366045,134.0,29.0,63.0,6294.07232658636,5.619805375,-0.1340670447001936,-0.07259077632543583,-0.027756039326280225,0.6092618406774977
qmap154,canonical_sha256_cluster_mean,68e9a8451b3ea56f9d1e2f1c4ca665dc2432ed849ff554148d57480c48d3774f,68e9a8451b3ea56f9d1e2f1c4ca665dc2432ed849ff554148d57480c48d3774f,1,"[""alu-v0_27""]",M2,-0.18764124771350812,0.8289120279825818,0.002348319317139025,1.0023510787785561,-0.18811308313619315,80.0,0.0,32.0,3061.4708085342622,6.236764791,-0.08004002668668275,0.0,-0.013558450170195772,0.8285210101807691,-0.18764124771350812,80.0,0.0,30.0,2868.2968424252003,0.006024709,-0.08004002668668275,0.0,-0.013086614747510755,0.8289120279825818,-0.1852929283963691,50.0,12.0,22.0,2277.086191688478,3.028276583,-0.05002501667917672,-0.03003756261742172,-0.010715742820456026,0.8308608654608615
qmap154,canonical_sha256_cluster_mean,6bc06c9ebf9b722cea0f989fdc71fc87334708b05c6828266ddb11ced211db99,6bc06c9ebf9b722cea0f989fdc71fc87334708b05c6828266ddb11ced211db99,1,"[""one-two-three-v0_97""]",M1,-1.3517853274753868,0.2587778447905249,-0.017726908310521816,0.9824292890016298,-1.3517853274753868,536.0,0.0,237.0,22329.19400301642,9.036644375,-0.5362681788007744,0.0,-0.10250108311846956,0.2587778447905249,-1.3520487419024552,536.0,0.0,236.0,22198.261669218064,0.038948625,-0.5362681788007744,0.0,-0.10276449754553789,0.2587096879499431,-1.3695122357859086,358.0,88.0,167.0,16744.080530251096,13.208322167,-0.3581791194229053,-0.22027545919442598,-0.07804159161243449,0.2542309340669295
qmap154,canonical_sha256_cluster_mean,6ecd393a830744f5c1bbf3964bc813e7b8d940c7a39755f70e86d425b203bd44,6ecd393a830744f5c1bbf3964bc813e7b8d940c7a39755f70e86d425b203bd44,1,"[""sym9_146""]",M1,-1.7140184820912978,0.18014044504276833,0.009572762889282993,1.009618728338988,-1.7140184820912978,600.0,0.0,227.0,23100.31698383188,14.947579792,-0.6003002001501206,0.0,-0.2884495795540688,0.18014044504276833,-1.7340904168877782,600.0,0.0,208.0,25547.66945086616,0.033685,-0.6003002001501206,0.0,-0.3085215143505493,0.1765607239232403,-1.7044457192020148,364.0,112.0,159.0,18921.676206815646,28.598268917,-0.36418212142440654,-0.2803505844292694,-0.23464431096123053,0.18187316704649908
qmap154,canonical_sha256_cluster_mean,7568bb9bf97b4ad2d03827ff66ea80cbed58e1fa811c3c6924e3154f8ac015f0,7568bb9bf97b4ad2d03827ff66ea80cbed58e1fa811c3c6924e3154f8ac015f0,1,"[""rd53_133""]",M1,-2.7377746683683317,0.06471419732667412,-0.03450742796584905,0.966081163641949,-2.7377746683683317,1044.0,0.0,447.0,42336.77260045512,13.510339209,-1.0445223482612098,0.0,-0.2896707163610294,0.06471419732667412,-2.7434857265327874,1044.0,0.0,447.0,43302.48155893195,0.075707625,-1.0445223482612098,0.0,-0.2953817745254851,0.06434566414058442,-2.7722820963341808,734.0,162.0,337.0,35065.08642714838,25.565573083,-0.7343672448503142,-0.40550709533519325,-0.2288261524025808,0.06251916705750804
qmap154,canonical_sha256_cluster_mean,7a422c31684da3e6854600d1c69901b391b2a7ddcf39fc3caada4e1000f7d33e,7a422c31684da3e6854600d1c69901b391b2a7ddcf39fc3caada4e1000f7d33e,1,"[""alu-v1_28""]",M2,-0.1939751959858568,0.8236783345442589,0.0008900515949517851,1.000890447808414,-0.19464140243593156,80.0,0.0,32.0,3068.635271594532,6.260338459,-0.08004002668668275,0.0,-0.014174092619383905,0.8231297774714176,-0.1939751959858568,80.0,0.0,30.0,2869.325829159886,0.00631125,-0.08004002668668275,0.0,-0.01350788616930917,0.8236783345442589,-0.19308514439090502,54.0,11.0,24.0,2433.9338133026667,2.888394542,-0.054027018013510855,-0.027534432399303248,-0.011096410848226013,0.8244117771120919
qmap154,canonical_sha256_cluster_mean,7d1896dcc5d2410f21980ed3439eddb034338ed3bc420cbd08732a56ab8a5acb,7d1896dcc5d2410f21980ed3439eddb034338ed3bc420cbd08732a56ab8a5acb,1,"[""4mod5-v0_19""]",M1,-0.170547369897112,0.843203146236282,-0.002007639167525832,0.9979943747919942,-0.170547369897112,68.0,0.0,32.0,3096.603654854586,5.442179791,-0.06803402268368033,0.0,-0.01331132776666331,0.843203146236282,-0.17120292272792528,68.0,0.0,32.0,3136.7337624436987,0.005956667,-0.06803402268368033,0.0,-0.01396688059747659,0.8426505631703021,-0.17255500906463783,46.0,11.0,22.0,2291.029321276628,2.47848425,-0.04602301534484258,-0.027534432399303248,-0.009795541873723664,0.8415119967507206
qmap154,canonical_sha256_cluster_mean,8005c69009fdf9618f28c60c160a00e576cac183c5a275d2382af5d76f812b14,8005c69009fdf9618f28c60c160a00e576cac183c5a275d2382af5d76f812b14,1,"[""alu-v3_35""]",M2,-0.1972327764922202,0.8209995016839294,0.002031068736146918,1.0020331327534029,-0.19769441439268592,84.0,0.0,34.0,3242.819722750612,6.3079355,-0.08404202802101689,0.0,-0.014125238268810111,0.8206205846656462,-0.1972327764922202,84.0,0.0,32.0,3052.7126701052516,0.005919458,-0.08404202802101689,0.0,-0.013663600368344402,0.8209995016839294,-0.1952017077560733,52.0,13.0,23.0,2348.2464029940106,3.11009625,-0.05202601734634379,-0.0325406928355402,-0.011107849471330379,0.8226687026613304
qmap154,canonical_sha256_cluster_mean,8314441e90c48c8308a3339a2101e26dc418327808ac370bf91fb6603ef666dd,8314441e90c48c8308a3339a2101e26dc418327808ac370bf91fb6603ef666dd,1,"[""cm82a_208""]",M1,-3.12461020746409,0.04395406325046809,-0.032170474311120856,0.9683414906591244,-3.12461020746409,1164.0,0.0,496.0,48436.27428226652,14.65944825,-1.164582388291234,0.0,-0.383054718356771,0.04395406325046809,-3.126393671127121,1164.0,0.0,490.0,48546.64332938721,0.079262792,-1.164582388291234,0.0,-0.38483818201980197,0.04387574263756171,-3.156780681775211,812.0,192.0,357.0,36875.64610792737,33.723411667,-0.8124062708698299,-0.48060100187874755,-0.28680030821054847,0.04256254312848372
qmap154,canonical_sha256_cluster_mean,86f25b05a4edb7fc286f425c98d2846447278adb82c6989aeb115afe8cfdb2e0,86f25b05a4edb7fc286f425c98d2846447278adb82c6989aeb115afe8cfdb2e0,1,"[""4gt5_77""]",M1,-0.6093838162416683,0.5436857762266762,-0.005127748789181874,0.9948853756720779,-0.6093838162416683,240.0,0.0,105.0,9966.118224837242,7.306405917,-0.24012008006004826,0.0,-0.04583140443483429,0.5436857762266762,-0.6101272030409156,240.0,0.0,105.0,10083.082940082904,0.017429333,-0.24012008006004826,0.0,-0.04657479123408157,0.5432817575873582,-0.6145115650308501,166.0,36.0,75.0,7953.489121547699,6.114472541,-0.1660830553748667,-0.09011268785226517,-0.03488349005693255,0.5409050277288421
qmap154,canonical_sha256_cluster_mean,8dd641baf48f55eb172b86f9b05a182576f0a52226d20cb90648426e4be1ced7,8dd641baf48f55eb172b86f9b05a182576f0a52226d20cb90648426e4be1ced7,1,"[""mod10_176""]",M2,-0.820630113386257,0.4401542200415281,-0.015001688429820526,0.9851102763120915,-0.8216036454264437,324.0,0.0,141.0,13407.122465267012,8.903863667,-0.32416210808106516,0.0,-0.06205661377662937,0.43972592431932533,-0.820630113386257,324.0,0.0,137.0,13014.637221155388,0.025222375,-0.32416210808106516,0.0,-0.06108308173644261,0.4401542200415281,-0.8356318018160775,222.0,52.0,102.0,10263.67012296337,9.832251875,-0.22211107405554462,-0.1301627713421608,-0.04797303284962295,0.4336004453250428
qmap154,canonical_sha256_cluster_mean,8e33e885ddd96f3b57ede11f90be05bae3c461df4b9fb1670d222413068d2d44,8e33e885ddd96f3b57ede11f90be05bae3c461df4b9fb1670d222413068d2d44,1,"[""4gt11_83""]",M1,-0.13471198464705628,0.8739675915268008,0.001079027070763211,1.0010796094299146,-0.13471198464705628,48.0,0.0,22.0,2168.7980294939016,5.429347042,-0.048024016012009646,0.0,-0.009611347898380794,0.8739675915268008,-0.1351830715918266,48.0,0.0,22.0,2205.8460611385435,0.004977,-0.048024016012009646,0.0,-0.010082434843151127,0.8735559737657692,-0.13363295757629307,34.0,6.0,16.0,1604.9945253015928,2.325659333,-0.03401701134184017,-0.01501878130871086,-0.007520544189076193,0.8749111351800528
qmap154,canonical_sha256_cluster_mean,8f646fba050365ee2bd40785201080ab4d94bb85dfd7caae056eb74513b04579,8f646fba050365ee2bd40785201080ab4d94bb85dfd7caae056eb74513b04579,1,"[""mod5d1_63""]",M2,-0.14585782426564778,0.8642805741751188,0.009113387167418635,1.0091550405184673,-0.14728815277224638,64.0,0.0,26.0,3005.76385279476,4.657694083,-0.0640320213493462,0.0,-0.01179214252778263,0.8630452527005426,-0.14585782426564778,64.0,0.0,24.0,2421.6148766451643,0.005148167,-0.0640320213493462,0.0,-0.010361814021184034,0.8642805741751188,-0.13674443709822914,38.0,8.0,17.0,1720.0051169291357,2.962425959,-0.03801901267617431,-0.020025041744947816,-0.007236393781989474,0.8721930978510162
qmap154,canonical_sha256_cluster_mean,905244f2543b366d276cc748f223b549e8c6712f4b686c6295e2e70e4df2d908,905244f2543b366d276cc748f223b549e8c6712f4b686c6295e2e70e4df2d908,1,"[""rd84_142""]",M2,-1.8483933036058264,0.15749000176228498,0.02191597648598731,1.0221578955638837,-1.9036777539603742,628.0,0.0,259.0,27978.249373221213,15.473877042,-0.6283142094904596,0.0,-0.41701914105152066,0.14901955292519958,-1.8483933036058264,628.0,0.0,183.0,22368.962191309052,0.030231625,-0.6283142094904596,0.0,-0.361734690696973,0.15749000176228498,-1.8264773271198391,396.0,120.0,152.0,16112.856081813621,75.094224042,-0.3961981320990796,-0.30037562617421726,-0.27155916542814823,0.16097964877368956
qmap154,canonical_sha256_cluster_mean,923c1c3fb38d5e8209a2560552ac8abb6166dacce97b433ca1b7f99201f12f48,923c1c3fb38d5e8209a2560552ac8abb6166dacce97b433ca1b7f99201f12f48,1,"[""ham7_104""]",M2,-1.6000242171469847,0.20189162869620608,-0.015969314435427595,0.984157519021046,-1.6029602221574228,600.0,0.0,266.0,25771.006018564854,11.993504625,-0.6003002001501206,0.0,-0.17297886781465371,0.20129974317739016,-1.6000242171469847,600.0,0.0,263.0,24948.730236487023,0.044537375,-0.6003002001501206,0.0,-0.17004286280421563,0.20189162869620608,-1.6159935315824123,416.0,93.0,195.0,20819.033180627437,15.175325959,-0.4162081387707503,-0.23279111028501837,-0.13731312833399512,0.19869316440877638
qmap154,canonical_sha256_cluster_mean,9296c4d9d70d4b782022666728fc1ed6948b105b09cf991b52689a4556553f5f,9296c4d9d70d4b782022666728fc1ed6948b105b09cf991b52689a4556553f5f,1,"[""qe_qft_5""]",M1,-0.2072503495884163,0.8128161363286656,0.009151162665562762,1.0091931625728627,-0.2072503495884163,48.0,0.0,20.0,2184.382605259369,4.859218083,-0.048024016012009646,0.0,-0.013597950705153591,0.8128161363286656,-0.21094417452473058,52.0,0.0,18.0,2013.282054854563,0.007204417,-0.05202601734634379,0.0,-0.013289774307133729,0.8098192741652681,-0.19809918692285353,38.0,1.0,16.0,1687.7469091049384,2.277351209,-0.03801901267617431,-0.002503130218118477,-0.011948661157307682,0.820288487211781
qmap154,canonical_sha256_cluster_mean,94334a0880d4a94503440956c484a2bfa59894baae72b5892bd249f94da01983,94334a0880d4a94503440956c484a2bfa59894baae72b5892bd249f94da01983,1,"[""square_root_7""]",M2,-40.72511624609834,2.0573431714460183e-18,1.5969285520460588,4.937842782128558,-40.8849860704517,13124.0,0.0,5427.0,533457.3371884242,23.374962625,-13.130566377950306,0.0,-10.736247823536907,1.7533804378965887e-18,-40.72511624609834,13212.0,0.0,5311.0,518681.9066011588,0.862869125,-13.218610407305656,0.0,-10.488333969828195,2.0573431714460183e-18,-39.12818769405228,9390.0,1915.0,4196.0,439425.61807848,66.385860042,-9.394698132349388,-4.7934943676968835,-7.916789415693917,1.0158837129486198e-17
qmap154,canonical_sha256_cluster_mean,96c783c9bca0ef85595484b3ce3d699b0387661d205d223d6e547c44bdd87c0a,96c783c9bca0ef85595484b3ce3d699b0387661d205d223d6e547c44bdd87c0a,1,"[""4mod5-v0_20""]",M2,-0.10749308743085022,0.8980827304883225,0.003651627142474051,1.0036583024556462,-0.1083746331146524,44.0,0.0,18.0,2130.966744343222,4.6467585,-0.04402201467767551,0.0,-0.008826390039498158,0.8972913783913241,-0.10749308743085022,44.0,0.0,17.0,1762.9457914334102,0.003896292,-0.04402201467767551,0.0,-0.007944844355695979,0.8980827304883225,-0.10384146028837617,30.0,5.0,13.0,1365.0368447854853,1.938875875,-0.030015010007506032,-0.012515651090592385,-0.005784570792799021,0.9013681887466415
qmap154,canonical_sha256_cluster_mean,983207e15135fbfdbac900dec7d7cc3f72d7bfe6a3ba36b5b188fdb8ecf12de1,983207e15135fbfdbac900dec7d7cc3f72d7bfe6a3ba36b5b188fdb8ecf12de1,1,"[""ex2_227""]",M1,-3.005721752192257,0.04950301252382014,-0.025916100010787257,0.9744168397416267,-3.005721752192257,1152.0,0.0,489.0,46819.18591127466,14.313661084,-1.1525763842882315,0.0,-0.3204732318023226,0.04950301252382014,-3.0076340005150675,1156.0,0.0,488.0,46205.02663712899,0.082619167,-1.1565783856225658,0.0,-0.31838347879079903,0.049408440922159,-3.031637852203044,798.0,180.0,365.0,37365.50432550727,28.880950333,-0.7983992661996604,-0.45056343926132586,-0.25000301064035524,0.04823656902115099
qmap154,canonical_sha256_cluster_mean,9884edf0a652dbcd3b12d359e9a7b9eee9032e6cd906954e05d636a7a12c59a4,9884edf0a652dbcd3b12d359e9a7b9eee9032e6cd906954e05d636a7a12c59a4,1,"[""mini_alu_305""]",M1,-0.8684385803692174,0.41960621939538234,-0.010276961089447978,0.9897756664371964,-0.8684385803692174,316.0,0.0,125.0,12568.600889738587,13.002327958,-0.31615810541239686,0.0,-0.12400840827462954,0.41960621939538234,-0.8705851412850425,320.0,0.0,117.0,12079.109521342372,0.019557792,-0.320160106746731,0.0,-0.12215296785612047,0.41870647510823267,-0.8787155414586654,208.0,60.0,87.0,9254.36615970381,17.744182334,-0.20810406938537515,-0.15018781308710863,-0.09288047995859433,0.415316025443257
qmap154,canonical_sha256_cluster_mean,9986622748f143462cb57b994c62dface6274571ab108abe0d5da591993d56d7,9986622748f143462cb57b994c62dface6274571ab108abe0d5da591993d56d7,1,"[""rd53_130""]",M1,-4.8991001230133975,0.007453287095605055,-0.049457642326293794,0.9517454710067887,-4.8991001230133975,1880.0,0.0,785.0,74298.55452539532,15.979051542,-1.8809406271370446,0.0,-0.5214030863938448,0.007453287095605055,-4.903902338220787,1880.0,0.0,783.0,75253.40748911489,0.128347875,-1.8809406271370446,0.0,-0.5262053016012347,0.007417580610701621,-4.948557765339691,1308.0,294.0,588.0,59568.207947864714,53.206228583,-1.308654436327263,-0.7359202841268322,-0.4060119372390183,0.007093632237355454
qmap154,canonical_sha256_cluster_mean,9e3f053dbede7457444bf109616af357b3ab6d81a6a1537fd8fe7bc8559feb88,9e3f053dbede7457444bf109616af357b3ab6d81a6a1537fd8fe7bc8559feb88,1,"[""hwb5_53""]",M1,-6.3868344488741755,0.0016835772247393347,-0.10186982389100052,0.9031471121938445,-6.3868344488741755,2460.0,0.0,1091.0,103084.3265533379,12.718948625,-2.4612308206154947,0.0,-0.6019546929940323,0.0016835772247393347,-6.399425524690126,2472.0,0.0,1083.0,102271.30926832509,0.179214791,-2.473236824618497,0.0,-0.6025397648069799,0.0016625120710309534,-6.488704272765176,1718.0,397.0,792.0,79995.61093928695,9.7995055,-1.718859573096512,-0.9937426965930354,-0.45153645000929576,0.0015205179086786572
qmap154,canonical_sha256_cluster_mean,9e525b1d35ed9e69aaedcf8bd3fdf71ef4f7393c6838de0a4837f6c92a652f0d,9e525b1d35ed9e69aaedcf8bd3fdf71ef4f7393c6838de0a4837f6c92a652f0d,1,"[""sqn_258""]",M1,-56.52739619130158,2.8213941255446305e-25,2.038271586244214,7.677328125050968,-56.52739619130158,18484.0,0.0,7662.0,737083.6264317728,31.987633042,-18.49324816595805,0.0,-13.197051089569044,2.8213941255446305e-25,-56.55800330151196,18512.0,0.0,7658.0,736825.8370708319,1.266560666,-18.52126217529839,0.0,-13.199644190439088,2.736347558585412e-25,-54.48912460505736,13034.0,2939.0,5819.0,595843.1753539181,70.874524417,-13.040521347927786,-7.3566997110502035,-9.262316000959247,2.1660768471897373e-24
qmap154,canonical_sha256_cluster_mean,a15dd882bbe53aea063fc08cb96e33fd774fc6763d90813aa5ed1415ffb775a2,a15dd882bbe53aea063fc08cb96e33fd774fc6763d90813aa5ed1415ffb775a2,1,"[""rd53_251""]",M1,-6.224727127862335,0.0019798639913699637,-0.04750127171986662,0.9536092604080137,-6.224727127862335,2312.0,0.0,996.0,94542.43551484776,17.523270916,-2.3131567712451315,0.0,-0.7700495987041375,0.0019798639913699637,-6.229088993152077,2312.0,0.0,996.0,94905.46692019027,0.165501542,-2.3131567712451315,0.0,-0.7744114639938801,0.0019712468983094584,-6.272228399582201,1588.0,377.0,732.0,76301.71304054887,58.072594542,-1.5887945297306525,-0.9436800922306658,-0.5982330197078171,0.0018880166365187693
qmap154,canonical_sha256_cluster_mean,a18c9f80ee68afee3443e316232d2f6de495ee5d68f0f3ff3c3605e2760916ed,a18c9f80ee68afee3443e316232d2f6de495ee5d68f0f3ff3c3605e2760916ed,1,"[""4gt13-v1_93""]",M1,-0.31535269560997403,0.7295315263223074,-0.005496082507761069,0.9945189933217256,-0.31535269560997403,124.0,0.0,54.0,5147.117969819125,5.617199958,-0.12406204136435826,0.0,-0.02351178901717161,0.7295315263223074,-0.3163490927652097,124.0,0.0,55.0,5288.245144687616,0.009423083,-0.12406204136435826,0.0,-0.02450818617240729,0.7288049852066851,-0.3208487781177351,88.0,19.0,39.0,3857.5212264375728,3.630387458,-0.08804402935535102,-0.04755947414425106,-0.017466409389688867,0.7255329591545231
qmap154,canonical_sha256_cluster_mean,a349d8041680093f4e0e734c78665ba74fb201322af6505319a01c6838b887c3,a349d8041680093f4e0e734c78665ba74fb201322af6505319a01c6838b887c3,1,"[""4gt4-v0_79""]",M1,-1.0905217419842788,0.33604112119973767,-0.01346953684113461,0.9866207714452436,-1.0905217419842788,420.0,0.0,186.0,17647.157645366948,9.719223333,-0.42021014010508445,0.0,-0.09851146738876426,0.33604112119973767,-1.0907351279301063,420.0,0.0,184.0,17491.634468962147,0.031011625,-0.42021014010508445,0.0,-0.0987248533345918,0.335969422397284,-1.1039912788254134,288.0,67.0,135.0,14048.224103913175,11.075852917,-0.2881440960720579,-0.16770972461393796,-0.07633732364898754,0.3315451502354098
qmap154,canonical_sha256_cluster_mean,a35a0cb5a5e80b130e60fa4e26dfdd940ac110073cf1e447d5f32ea63e0902b2,a35a0cb5a5e80b130e60fa4e26dfdd940ac110073cf1e447d5f32ea63e0902b2,1,"[""aj-e11_165""]",M1,-0.7218716567770166,0.485842074840411,-0.004727062898600476,0.9952840920795404,-0.7218716567770166,280.0,0.0,131.0,12797.837054258944,9.008524,-0.28014009340338963,0.0,-0.05746041639681619,0.485842074840411,-0.723870782920947,284.0,0.0,127.0,12059.73098745516,0.021170209,-0.2841420947377238,0.0,-0.05545754120641239,0.48487178543538173,-0.7265987196756171,180.0,49.0,85.0,8338.971941055754,7.119988458,-0.1800900600450362,-0.12265338068780537,-0.03958413196596474,0.48355088835157856
qmap154,canonical_sha256_cluster_mean,a6601aa8a2f26cecf967808159491730a5ec445ea7982d3bada3e769531cf1b0,a6601aa8a2f26cecf967808159491730a5ec445ea7982d3bada3e769531cf1b0,1,"[""sf_274""]",M2,-3.5579417168150664,0.02849742015120758,-0.07667182205395795,0.9261937601018903,-3.563561132113359,1356.0,0.0,613.0,57597.41405951561,10.017428667,-1.3566784523392725,0.0,-0.3345404064189571,0.02833773041414477,-3.5579417168150664,1356.0,0.0,600.0,56164.12901965393,0.105646875,-1.3566784523392725,0.0,-0.32892099112066425,0.02849742015120758,-3.6346135388690244,934.0,228.0,436.0,46118.33902054906,34.522146,-0.9344673115670211,-0.5707136897310128,-0.25709026421586084,0.02639413272305033
qmap154,canonical_sha256_cluster_mean,a8f4097d0168378803725415aada0c52d1bc452c2a07d485204863fef857bf84,a8f4097d0168378803725415aada0c52d1bc452c2a07d485204863fef857bf84,1,"[""4mod5-bdd_287""]",M1,-0.33402425996439006,0.7160364109986639,-0.0024582485636067686,0.997544770455054,-0.33402425996439006,124.0,0.0,61.0,6041.651753965435,7.862939,-0.12406204136435826,0.0,-0.03777090156604738,0.7160364109986639,-0.33453291012796915,124.0,0.0,60.0,5942.057730718415,0.01094125,-0.12406204136435826,0.0,-0.03827955172962643,0.7156722915736339,-0.3364825085279968,80.0,23.0,39.0,4076.3751333543737,3.68134625,-0.08004002668668275,-0.05757199501672497,-0.02667916979060468,0.7142783772471228
qmap154,canonical_sha256_cluster_mean,aacab69f698e7b9ecb3ad3698004174062167964aebd93c4efcbe624131bff1d,aacab69f698e7b9ecb3ad3698004174062167964aebd93c4efcbe624131bff1d,1,"[""4gt11_82""]",M2,-0.15490465070448334,0.8564968399606243,0.0028699313223377043,1.0028740535177645,-0.15533418323927312,56.0,0.0,24.0,2391.354506511963,6.16387825,-0.05602801868067792,0.0,-0.011004280138832808,0.8561290257016672,-0.15490465070448334,56.0,0.0,22.0,2210.77251335491,0.005399292,-0.05602801868067792,0.0,-0.010574747604043038,0.8564968399606243,-0.15203471938214563,42.0,5.0,19.0,1912.3773748582134,2.696460959,-0.042021014010508444,-0.012515651090592385,-0.009196169861282437,0.8589584577164673
qmap154,canonical_sha256_cluster_mean,aacd9d461d97474d739216de7842190ad2c493eec99d4613f395da4a2c442559,aacd9d461d97474d739216de7842190ad2c493eec99d4613f395da4a2c442559,1,"[""4gt4-v0_80""]",M2,-0.8431414559969747,0.43035645180808557,-0.011080465168073372,0.9889806970756227,-0.8432343959746896,324.0,0.0,147.0,14024.7234767548,9.065986333,-0.32416210808106516,0.0,-0.07867482250133104,0.43031645634766247,-0.8431414559969747,324.0,0.0,145.0,13897.790986872884,0.023552125,-0.32416210808106516,0.0,-0.07858188252361607,0.43035645180808557,-0.854221921165048,222.0,53.0,102.0,10701.28591339617,8.515230083,-0.22211107405554462,-0.13266590156027927,-0.05904748015693069,0.4256142237001521
qmap154,canonical_sha256_cluster_mean,be58b162bd8a9700b69db3a25381397ae6cdfc255448c9843b1455ef0304c168,be58b162bd8a9700b69db3a25381397ae6cdfc255448c9843b1455ef0304c168,1,"[""0410184_169""]",M2,-1.2227475934294427,0.29442010782334455,0.01397465622997296,1.0140727581860425,-1.2283854517465937,432.0,0.0,163.0,16381.224431274426,9.210951417,-0.43221614410808684,0.0,-0.23028184999862716,0.2927648793259374,-1.2227475934294427,436.0,0.0,153.0,15114.007849593469,0.026020458,-0.436218145442421,0.0,-0.22064199034714202,0.29442010782334455,-1.2087729371994698,320.0,51.0,132.0,14147.375032573043,25.781795834,-0.320160106746731,-0.12765964112404232,-0.19506573168881663,0.2985634108058511
qmap154,canonical_sha256_cluster_mean,be9e69cdeacc1bca8baee7df907061733b8c0c8ee5f5400f69c299d861a6c725,be9e69cdeacc1bca8baee7df907061733b8c0c8ee5f5400f69c299d861a6c725,1,"[""rd53_131""]",M1,-2.173888741364781,0.11373447188566607,-0.035661406634219794,0.9649669695889208,-2.173888741364781,836.0,0.0,357.0,34934.42435753634,12.890791,-0.8364182788758348,0.0,-0.2345706181144443,0.11373447188566607,-2.1741004945276523,836.0,0.0,353.0,34822.303990789864,0.0586795,-0.8364182788758348,0.0,-0.23478237127731585,0.11371039080122965,-2.2095501479990007,604.0,128.0,272.0,28092.665367614954,23.089204375,-0.6043022014844548,-0.32040066791916505,-0.18194743422087908,0.10975000867330749
qmap154,canonical_sha256_cluster_mean,bfa75e9edbb6ab94cd64844561c0745f471f23c85dfd068594d38324267ec989,bfa75e9edbb6ab94cd64844561c0745f471f23c85dfd068594d38324267ec989,1,"[""4gt4-v0_72""]",M1,-1.1959164521424395,0.30242666757416814,-0.016444720118834688,0.9836897561405114,-1.1959164521424395,456.0,0.0,199.0,19371.815137787762,10.475600208,-0.4562281521140917,0.0,-0.10996157706842308,0.30242666757416814,-1.1964056066585358,460.0,0.0,193.0,18363.29404045166,0.031452375,-0.4602301534484258,0.0,-0.1064487302501851,0.30227877037917567,-1.2123611722612742,310.0,76.0,140.0,14766.189867300449,15.169481416,-0.31015510341089564,-0.19023789657700424,-0.08224144931344952,0.29749401487642096
qmap154,canonical_sha256_cluster_mean,c6a370a3fd82cb35caac5770d763a98a341d78297bfc3c07d9c74ed215b9b620,c6a370a3fd82cb35caac5770d763a98a341d78297bfc3c07d9c74ed215b9b620,1,"[""C17_204""]",M1,-2.227538377237805,0.10779345062340649,-0.024386872942856463,0.9759080842835558,-2.227538377237805,848.0,0.0,364.0,34773.6042322768,14.84907275,-0.8484242828788371,0.0,-0.23692582709362797,0.10779345062340649,-2.2433442800207506,860.0,0.0,364.0,35482.26083376361,0.062243166,-0.8604302868818395,0.0,-0.24072572587357133,0.10610307199399976,-2.2519252501806615,588.0,133.0,268.0,28610.572183434004,22.831481667,-0.5882941961471182,-0.33291631900975743,-0.1885264677584459,0.1051964998962027
qmap154,canonical_sha256_cluster_mean,c8416c44c0070c3fb15d442644a2d57645ab8eacb8876b7384d5baca60842315,c8416c44c0070c3fb15d442644a2d57645ab8eacb8876b7384d5baca60842315,1,"[""mod8-10_178""]",M1,-1.62663040803199,0.19659089040346633,-0.017729005949025378,0.9824272282222876,-1.62663040803199,628.0,0.0,280.0,26558.98264681625,9.925188083,-0.6283142094904596,0.0,-0.15119705880623308,0.19659089040346633,-1.6284978751508503,632.0,0.0,274.0,26048.54445409233,0.047086375,-0.6323162108247937,0.0,-0.14906252459075917,0.19622410596530407,-1.6443594139810154,422.0,103.0,197.0,20984.549331296996,17.106489125,-0.4222111407722515,-0.25782241246620313,-0.11720672100726327,0.19313624355282896
qmap154,canonical_sha256_cluster_mean,c8d56b244118432388e76545f2d8c01bfa8f43508c1f8ae17157e79bf41289da,c8d56b244118432388e76545f2d8c01bfa8f43508c1f8ae17157e79bf41289da,1,"[""mod10_171""]",M1,-1.1289397064560092,0.32337594814333637,-0.018798821660982457,0.9813767741340127,-1.1289397064560092,440.0,0.0,196.0,18985.681781630148,9.141771542,-0.44022014677675514,0.0,-0.08705599592707057,0.32337594814333637,-1.1339240384043872,444.0,0.0,196.0,19131.258798687017,0.033131625,-0.44422214811108923,0.0,-0.08803832654111446,0.3217681453138016,-1.1477385281169916,298.0,73.0,138.0,14605.911343997663,12.09843325,-0.29814909940789325,-0.1827285059226488,-0.06519735903426607,0.3173536448214352
qmap154,canonical_sha256_cluster_mean,c99d557b492a18a7a3de36a4531d517c18f9e2dac5eba9a2a992076e0c8093b0,c99d557b492a18a7a3de36a4531d517c18f9e2dac5eba9a2a992076e0c8093b0,1,"[""4mod5-v0_18""]",M1,-0.3145816810321812,0.7300942226597257,-0.0075976192162388045,0.9924311697373318,-0.3145816810321812,116.0,0.0,56.0,5286.856033523669,7.064260584,-0.11605803869568998,0.0,-0.02483210025749684,0.7300942226597257,-0.3148899542125354,116.0,0.0,56.0,5326.876984679473,0.010090875,-0.11605803869568998,0.0,-0.02514037343785105,0.7298691888794698,-0.32217930024842,80.0,20.0,39.0,3878.537339426407,3.530388583,-0.08004002668668275,-0.05006260436236954,-0.018385127120373327,0.7245682634126596
qmap154,canonical_sha256_cluster_mean,ce47031e36a06fb4b5256a25a448d4bcf007a6037c20645310dce86c4bd08620,ce47031e36a06fb4b5256a25a448d4bcf007a6037c20645310dce86c4bd08620,1,"[""alu-v0_26""]",M1,-0.4025390375777094,0.6686202371022227,-0.004987221517069429,0.9950251940239013,-0.4025390375777094,160.0,0.0,73.0,6929.874907013938,7.266716292,-0.1600800533733655,0.0,-0.030979244279521555,0.6686202371022227,-0.40284255591536877,160.0,0.0,72.0,6916.365237425854,0.012304167,-0.1600800533733655,0.0,-0.031282762617180895,0.668417329393995,-0.40752625909477885,112.0,24.0,52.0,5438.234336593016,4.547005625,-0.11205603736135585,-0.06007512523484344,-0.023915356573757218,0.6652939811509462
qmap154,canonical_sha256_cluster_mean,cf4a8e6ee6f9677f920d283d31ac6cc79f4dc8ed011444457d1fd4be4aa0fb9d,cf4a8e6ee6f9677f920d283d31ac6cc79f4dc8ed011444457d1fd4be4aa0fb9d,1,"[""radd_250""]",M2,-17.26264553985141,3.183671861512226e-08,0.33411165039838764,1.3966990768776968,-17.2630442538741,5828.0,0.0,2511.0,244530.03076282045,27.391115125,-5.830915944124838,0.0,-3.605789484156337,3.1824027399224965e-08,-17.26264553985141,5836.0,0.0,2513.0,243544.2846596557,0.4035065,-5.8389199467935065,0.0,-3.597386767464978,3.183671861512226e-08,-16.92853388945302,4126.0,917.0,1872.0,189381.1113843357,26.754564875,-4.128064376365662,-2.2953704100146433,-2.6702616627968063,4.4466315500556245e-08
qmap154,canonical_sha256_cluster_mean,cfc7a9ef5d3d73772fa0a79c64272948d4d312053c89a7c95c3799d068f28b2a,cfc7a9ef5d3d73772fa0a79c64272948d4d312053c89a7c95c3799d068f28b2a,1,"[""sym6_145""]",M1,-18.81857818759953,6.717309144022302e-09,-0.10049577100343399,0.9043889370623924,-18.81857818759953,7072.0,0.0,3056.0,289332.0055769858,18.534521125,-7.075538359102755,0.0,-2.2685639582016472,6.717309144022302e-09,-18.82613288625567,7072.0,0.0,3058.0,290294.08893248934,0.505596292,-7.075538359102755,0.0,-2.276118656857789,6.666753105926102e-09,-18.919073958602965,4942.0,1129.0,2256.0,225371.9651216403,36.961650875,-4.9444726485698265,-2.8260340162557607,-1.6720904228150835,6.075060076681818e-09
qmap154,canonical_sha256_cluster_mean,d0e9f326652454eb85d198aecf5ad7c0c22d1cd6f56afa8c33cecacfaf6bf9cd,d0e9f326652454eb85d198aecf5ad7c0c22d1cd6f56afa8c33cecacfaf6bf9cd,1,"[""cycle10_2_110""]",M2,-32.847011960652104,5.429051463555087e-15,1.051668922506785,2.86242429825667,-32.879614350607824,10904.0,0.0,4737.0,459184.83902388206,32.51989525,-10.909455637394858,0.0,-7.244077182571089,5.254905620910619e-15,-32.847011960652104,10924.0,0.0,4704.0,455054.30775117216,0.7621225,-10.929465644066529,0.0,-7.191464785943698,5.429051463555087e-15,-31.79534303814532,7704.0,1712.0,3497.0,353757.0697990732,52.201650667,-7.707854569927549,-4.2853589334188325,-5.062040999486896,1.5540248825766017e-14
qmap154,canonical_sha256_cluster_mean,d25f1e6ffaf065bfaada147783bc65850a972bf0e1d238430518d6f2f854fcc2,d25f1e6ffaf065bfaada147783bc65850a972bf0e1d238430518d6f2f854fcc2,1,"[""alu-v3_34""]",M1,-0.2578340538836516,0.7727234519237015,-0.0021921230260257274,0.9978102779209441,-0.2578340538836516,104.0,0.0,46.0,4337.640471687405,6.440810167,-0.10405203469268758,0.0,-0.01967894501180952,0.7727234519237015,-0.25816885343420726,104.0,0.0,46.0,4385.682453107629,0.007881959,-0.10405203469268758,0.0,-0.02001374456236514,0.7724647877620324,-0.26002617690967733,68.0,17.0,31.0,3243.9967937423503,3.40487925,-0.06803402268368033,-0.042553213708014105,-0.015335866338828368,0.7710314023200199
qmap154,canonical_sha256_cluster_mean,d6706fe265e77c9974b4e2ee29fd782d6b5f06dab44521e835b1d2c32e7da411,d6706fe265e77c9974b4e2ee29fd782d6b5f06dab44521e835b1d2c32e7da411,1,"[""mini-alu_167""]",M1,-1.3352049438220963,0.26310424833993823,-0.0100030872140624,0.9900467772581169,-1.3352049438220963,524.0,0.0,239.0,24050.932088510843,9.035343,-0.524262174797772,0.0,-0.10855187713327402,0.26310424833993823,-1.3397153203067649,536.0,0.0,225.0,21780.845764295365,0.039558667,-0.5362681788007744,0.0,-0.10105624961494021,0.26192022133625675,-1.3452080310361587,358.0,83.0,167.0,16978.51186058512,13.506933667,-0.3581791194229053,-0.2077598081038336,-0.0768782116183695,0.26048551315187507
qmap154,canonical_sha256_cluster_mean,d800bdc1387d38e9d43ce4de7c660bcce7f9dfc81455c7ac955f18408479de3d,d800bdc1387d38e9d43ce4de7c660bcce7f9dfc81455c7ac955f18408479de3d,2,"[""cm42a_207"",""pm1_249""]",M1,-9.344997483238087,8.740155504028818e-05,0.09696532231525978,1.1018221643168553,-9.344997483238087,3128.0,0.0,1311.0,126664.64265861743,17.0262340415,-3.1295650434492956,0.0,-1.9207981959362914,8.740155504028818e-05,-9.374791685458712,3136.0,0.0,1314.0,128290.95303427006,0.21672987500000002,-3.1375690461179637,0.0,-1.9425883954882481,8.483590595870664e-05,-9.248032160922827,2190.0,506.0,987.0,102635.83750484063,16.413420291999998,-2.19109573054794,-1.2665838903679494,-1.4957182961544373,9.630097053914908e-05
qmap154,canonical_sha256_cluster_mean,dfcfb0f66a9df92dbce2a4f1948cc61f5cb144f7acf0e867f59c81b20574a24e,dfcfb0f66a9df92dbce2a4f1948cc61f5cb144f7acf0e867f59c81b20574a24e,1,"[""4mod5-v1_24""]",M1,-0.1744469263631836,0.8399214307312504,-0.002349409137967301,0.9976533485636023,-0.1744469263631836,72.0,0.0,32.0,3105.6906486753155,5.494451708,-0.07203602401801447,0.0,-0.013508927907402758,0.8399214307312504,-0.17451309842669496,72.0,0.0,31.0,3073.4885740029476,0.005498334,-0.07203602401801447,0.0,-0.013575099970914134,0.8398658532358505,-0.1767963355011509,50.0,11.0,22.0,2298.1193510587914,3.396911875,-0.05002501667917672,-0.027534432399303248,-0.010334911984904558,0.8379504278993637
qmap154,canonical_sha256_cluster_mean,e039b9c3db8f1e80604503cd9a889b8734bb4401c1182c75a38b1832e598b5aa,e039b9c3db8f1e80604503cd9a889b8734bb4401c1182c75a38b1832e598b5aa,1,"[""4gt5_75""]",M1,-0.40506554924446025,0.6669330924653196,-0.005355838445081473,0.9946584784865155,-0.40506554924446025,164.0,0.0,68.0,6475.91737400078,7.98155175,-0.16408205470769963,0.0,-0.029203709602936303,0.6669330924653196,-0.40734886145312993,164.0,0.0,68.0,6948.406350528713,0.012282583,-0.16408205470769963,0.0,-0.03148702181160595,0.6654120132031999,-0.41042138768954173,116.0,24.0,50.0,5013.804885484483,5.565886125,-0.11605803869568998,-0.06007512523484344,-0.022508438825183955,0.6633706550038613
qmap154,canonical_sha256_cluster_mean,e0b103d516baa0b7f6568f867dab262f2f66620405eb887fb0a4bc2b3b83db45,e0b103d516baa0b7f6568f867dab262f2f66620405eb887fb0a4bc2b3b83db45,1,"[""rd32-v1_68""]",M1,-0.1269464667807012,0.8807808223680241,-0.0022691299021324607,0.9977334426269552,-0.1269464667807012,52.0,0.0,24.0,2295.7742021789913,5.136185917,-0.05202601734634379,0.0,-0.007868912344780167,0.8807808223680241,-0.12719266529483284,52.0,0.0,24.0,2335.914364194275,0.0043875,-0.05202601734634379,0.0,-0.008115110858911789,0.8805640021297869,-0.12921559668283367,34.0,9.0,16.0,1594.6542158453067,2.140546042,-0.03401701134184017,-0.022528171963066293,-0.0056188762883499525,0.8787844821010494
qmap154,canonical_sha256_cluster_mean,e0dd04c87b06b77340c2ea5884b0d7aa8c08bc173a7ad4a394604075fca77d6e,e0dd04c87b06b77340c2ea5884b0d7aa8c08bc173a7ad4a394604075fca77d6e,1,"[""alu-v4_37""]",M2,-0.19722252548289768,0.8210079178006117,0.0020208177268243865,1.0020228609550657,-0.19769441439268592,84.0,0.0,34.0,3242.819722750612,6.236929458,-0.08404202802101689,0.0,-0.014125238268810111,0.8206205846656462,-0.19722252548289768,84.0,0.0,32.0,3049.64575664155,0.0057645,-0.08404202802101689,0.0,-0.01365334935902187,0.8210079178006117,-0.1952017077560733,52.0,13.0,23.0,2348.2464029940106,3.17884075,-0.05202601734634379,-0.0325406928355402,-0.011107849471330379,0.8226687026613304
qmap154,canonical_sha256_cluster_mean,e20660c789713938e6f9c85c8aab18f2cf88dd5e6ecb77cb136fab96c9497ff9,e20660c789713938e6f9c85c8aab18f2cf88dd5e6ecb77cb136fab96c9497ff9,1,"[""mod5mils_65""]",M1,-0.17056358807652214,0.84318947112727,-0.001703234106766649,0.9982982155732796,-0.17056358807652214,68.0,0.0,32.0,3101.456533667922,5.440677708,-0.06803402268368033,0.0,-0.01332754594607344,0.84318947112727,-0.17121840524565085,68.0,0.0,32.0,3141.365922961744,0.005967042,-0.06803402268368033,0.0,-0.013982363115202168,0.842637516919016,-0.1722668221832888,46.0,11.0,22.0,2204.740082238138,2.481888958,-0.04602301534484258,-0.027534432399303248,-0.009507354992374605,0.8417545444165311
qmap154,canonical_sha256_cluster_mean,e681b288918d9cc524f0c1d7c1a8a165a6636b4125d31d13e102129be7eb25b0,e681b288918d9cc524f0c1d7c1a8a165a6636b4125d31d13e102129be7eb25b0,1,"[""4mod7-v1_96""]",M2,-0.7388257465277657,0.4776744972610995,-0.001675504558097951,0.9983258983160475,-0.743957621659796,288.0,0.0,134.0,15118.36035056448,7.996728417,-0.2881440960720579,0.0,-0.06562970176037701,0.4752294106930539,-0.7388257465277657,292.0,0.0,128.0,12267.454711528178,0.021549667,-0.292146097406392,0.0,-0.056495825294012536,0.4776744972610995,-0.7405012510858636,192.0,46.0,89.0,9675.177864848421,7.238017417,-0.19209606404803858,-0.11514399003344994,-0.04307737317701399,0.4768748215808535
qmap154,canonical_sha256_cluster_mean,e73d2832157ee147f3cbb3f3ebebd285b8fda1cbf0b6e8f4627f21cf488be333,e73d2832157ee147f3cbb3f3ebebd285b8fda1cbf0b6e8f4627f21cf488be333,1,"[""one-two-three-v2_100""]",M2,-0.34326414971697333,0.7094507855828208,8.272579358281629e-05,1.0000827292154557,-0.34500147469299014,140.0,0.0,62.0,6547.55138544528,6.333073333,-0.14007004670169482,0.0,-0.027427524124764565,0.7082193090609793,-0.34326414971697333,140.0,0.0,59.0,5730.218596084863,0.010661208,-0.14007004670169482,0.0,-0.02569019914874776,0.7094507855828208,-0.3431814239233905,92.0,22.0,43.0,4276.574971269481,5.342229083,-0.09204603068968516,-0.055068864798606496,-0.01856262456856813,0.7095094778897164
qmap154,canonical_sha256_cluster_mean,e86d670b4294ec453133e6dd18dfac6f90a9459e0c10d6fd7754d621e9f262fe,e86d670b4294ec453133e6dd18dfac6f90a9459e0c10d6fd7754d621e9f262fe,1,"[""ising_model_13""]",M1,-1.0695579424992159,0.3431601804260797,0.09100538335311703,1.0952749014941496,-1.0695579424992159,264.0,0.0,66.0,7793.328545537666,6.037751125,-0.2641320880660531,0.0,-0.14601214887046388,0.3431601804260797,-1.0754576540861178,284.0,0.0,49.0,6205.620274791484,0.014600292,-0.2841420947377238,0.0,-0.13190185378569502,0.34114159472518574,-0.9785525591460988,162.0,2.0,64.0,8364.568141746237,25.322352875,-0.16208105404053258,-0.005006260436236954,-0.15205153910663044,0.375854732812889
qmap154,canonical_sha256_cluster_mean,e88e32620ce6fb291b6b742761a195ada2487c3a63177d4cb5041b1265b848a3,e88e32620ce6fb291b6b742761a195ada2487c3a63177d4cb5041b1265b848a3,1,"[""alu-v2_31""]",M2,-2.084146932950308,0.12441320771749874,-0.029676077617723617,0.9707599334954455,-2.085382719881221,828.0,0.0,351.0,32904.01203717397,8.403694,-0.8284142762071665,0.0,-0.15406859929955255,0.12425955446226541,-2.084146932950308,828.0,0.0,345.0,32297.584724046716,0.056822959,-0.8284142762071665,0.0,-0.15283281236863994,0.12441320771749874,-2.113823010568032,558.0,132.0,256.0,26647.92121692785,19.183807292,-0.5582791861396121,-0.33041318879163895,-0.12223079126227876,0.12077535724979412
qmap154,canonical_sha256_cluster_mean,e89bcbd9bbde57b6c42fa552af0bbed91f62d8fcc42c2861bc6203eec7d7c811,e89bcbd9bbde57b6c42fa552af0bbed91f62d8fcc42c2861bc6203eec7d7c811,1,"[""ex-1_166""]",M1,-0.0939468243806971,0.9103311683773916,-0.00025069578619672794,0.999749335635366,-0.0939468243806971,40.0,0.0,18.0,1701.5187744276054,3.925349958,-0.040020013343341376,0.0,-0.0040132144814252636,0.9103311683773916,-0.09412105278739534,40.0,0.0,18.0,1736.5139934836852,0.003931125,-0.040020013343341376,0.0,-0.004187442888123508,0.9101725766443511,-0.09419752016689383,24.0,7.0,11.0,1094.9851500448194,1.718362708,-0.024012008006004823,-0.017521911526829338,-0.0027500040781292066,0.9101029807934639
qmap154,canonical_sha256_cluster_mean,eb832c5f8f923061439d844842c8a7876f763051b9241b753ac772e69888a63c,eb832c5f8f923061439d844842c8a7876f763051b9241b753ac772e69888a63c,1,"[""rd53_135""]",M1,-1.4429988329212626,0.23621831620082703,-0.028907218889572928,0.9715065977461333,-1.4429988329212626,548.0,0.0,229.0,21870.64425635051,12.173751208,-0.5482741828037768,0.0,-0.14893292853905923,0.23621831620082703,-1.4434766605279208,548.0,0.0,228.0,21814.876956399232,0.039559375,-0.5482741828037768,0.0,-0.14941075614571742,0.23610547153044442,-1.4719060518108356,388.0,88.0,179.0,18449.37087754964,15.722232917,-0.3881941294304113,-0.22027545919442598,-0.11764474160757177,0.2294876526975858
qmap154,canonical_sha256_cluster_mean,f0db956c320d40de51858d908aa0fe247112cd2c9c82085581052b79ba123d2c,f0db956c320d40de51858d908aa0fe247112cd2c9c82085581052b79ba123d2c,1,"[""rd73_140""]",M1,-1.1578653344344856,0.31415608379315346,-0.009125888596779985,0.9909156259428917,-1.1578653344344856,416.0,0.0,157.0,15665.91121357558,13.941466541,-0.4162081387707503,0.0,-0.16184406925974093,0.31415608379315346,-1.1724741497937394,416.0,0.0,148.0,17716.47909276825,0.025068833,-0.4162081387707503,0.0,-0.1764528846189949,0.30959999612158684,-1.1669912230312656,258.0,82.0,107.0,11671.155161929804,18.299184584,-0.25812908606455187,-0.2052566778857151,-0.12379233267700436,0.31130217241566016
qmap154,canonical_sha256_cluster_mean,f2f31e619d116aed7be5fcda1e0a22222bbb82cc6791249a4dd8f7fb7ceeefe3,f2f31e619d116aed7be5fcda1e0a22222bbb82cc6791249a4dd8f7fb7ceeefe3,1,"[""wim_266""]",M1,-4.915783201136742,0.007329974799113619,0.0008524047909617138,1.000852768191173,-4.915783201136742,1748.0,0.0,719.0,68749.0546970183,16.7521415,-1.748874583104018,0.0,-0.7880174772227305,0.007329974799113619,-4.920939886242292,1752.0,0.0,720.0,68547.30784745706,0.12195375,-1.7528765844383523,0.0,-0.7891721609939454,0.007292273717090722,-4.9149307963457805,1202.0,283.0,537.0,55969.901317489406,51.413765,-1.2026014009674082,-0.708385851727529,-0.6226801963098715,0.007336225568464403
qmap154,canonical_sha256_cluster_mean,f3c46f00d6661f719aed8ae0269c2cf50e895946566ba9a84f25a54ea134911d,f3c46f00d6661f719aed8ae0269c2cf50e895946566ba9a84f25a54ea134911d,1,"[""f2_232""]",M1,-5.792362886563544,0.003050765041420654,-0.03205336369776113,0.9684549003656477,-5.792362886563544,2144.0,0.0,924.0,89046.4370613079,15.417895667,-2.1450727152030975,0.0,-0.7222616951957477,0.003050765041420654,-5.797100336958243,2148.0,0.0,919.0,89023.87618978412,0.15178575,-2.1490747165374318,0.0,-0.7229971442561127,0.00303634637419843,-5.824416250261305,1492.0,340.0,680.0,70947.94566405745,55.960038833,-1.4927464977066334,-0.8510642741602822,-0.5544878516200494,0.0029545283542280407
qmap154,canonical_sha256_cluster_mean,f42ebeaf660df39d4e1ffb31f0acaa52f76b35b6cae60b9e161b163b3a0ef143,f42ebeaf660df39d4e1ffb31f0acaa52f76b35b6cae60b9e161b163b3a0ef143,1,"[""mod5adder_127""]",M2,-2.5463332959358693,0.07836849389836191,-0.040901661162886516,0.9599235230694445,-2.5495934199974566,980.0,0.0,431.0,41227.38632175701,11.528730334,-0.9804903269118637,0.0,-0.23698547823461796,0.07811341889972387,-2.5463332959358693,984.0,0.0,418.0,39387.107376110376,0.069304083,-0.9844923282461978,0.0,-0.22972335283869627,0.07836849389836191,-2.587234957098756,668.0,163.0,306.0,31508.961301483414,24.808421917,-0.668334222833801,-0.40801022555331173,-0.17877289386066791,0.07522776076056183
qmap154,canonical_sha256_cluster_mean,f4b1830ec59011bb4fe7f2f552e3806d7023f74c8b0fd7e7126a5399b35ceca3,f4b1830ec59011bb4fe7f2f552e3806d7023f74c8b0fd7e7126a5399b35ceca3,1,"[""alu-v1_29""]",M2,-0.1876287022083499,0.8289224271679358,0.0047333326357081595,1.0047445525501726,-0.18811922958204133,80.0,0.0,32.0,3063.3097477521756,6.250636,-0.08004002668668275,0.0,-0.013564596616043941,0.8285159177368961,-0.1876287022083499,80.0,0.0,30.0,2864.5430239856755,0.005925291,-0.08004002668668275,0.0,-0.013074069242352517,0.8289224271679358,-0.18289536957264174,48.0,12.0,21.0,2100.0086380992957,3.974311667,-0.048024016012009646,-0.03003756261742172,-0.01031918466389575,0.8328552931836507
qmap154,canonical_sha256_cluster_mean,f571e6b12d8e59cb4772af85d23a3ab1679b8b21df2bf9532f95989fedda1371,f571e6b12d8e59cb4772af85d23a3ab1679b8b21df2bf9532f95989fedda1371,1,"[""misex1_241""]",M1,-26.924578616631624,2.026768188969607e-12,1.0328771407053239,2.8091364998826713,-26.924578616631624,8476.0,0.0,3723.0,361883.5411073375,27.709037667,-8.480240827454038,0.0,-6.746324199581803,2.026768188969607e-12,-26.92881975438352,8488.0,0.0,3708.0,361087.9517975192,0.609734916,-8.49224683145704,0.0,-6.738559333330701,2.018190588139657e-12,-25.8917014759263,5954.0,1363.0,2708.0,276566.7007324745,53.397860166,-5.956978986156364,-3.411766487295484,-4.827445543096789,5.693468496435623e-12
qmap154,canonical_sha256_cluster_mean,f84dd3828bcf2684305f19cf03ec4cb40c22d74e2b41f5714593f6bd3f483ae9,f84dd3828bcf2684305f19cf03ec4cb40c22d74e2b41f5714593f6bd3f483ae9,1,"[""4_49_16""]",M1,-1.019697399322453,0.3607040729572892,-0.01362265306371202,0.9864697153644669,-1.019697399322453,404.0,0.0,181.0,17029.227268008213,8.073223792,-0.40420213476774786,0.0,-0.07677083109556071,0.3607040729572892,-1.0237979609753585,408.0,0.0,179.0,16810.345987514997,0.029534292,-0.408204136102082,0.0,-0.07686939141413202,0.35922801207528,-1.033320052386165,270.0,66.0,127.0,13319.63163281929,10.255342958,-0.27013509006755426,-0.16520659439581947,-0.05925393446364676,0.35582364418098095
qmap154,canonical_sha256_cluster_mean,f871046094dbfeb7bd70bf21bddd523ced39b7be53e1154e0c738126b6cc84ff,f871046094dbfeb7bd70bf21bddd523ced39b7be53e1154e0c738126b6cc84ff,1,"[""cm85a_209""]",M2,-76.2492748271018,7.679990688283448e-34,9.889131548370031,19714.931038200066,-77.12503663071746,20392.0,0.0,8980.0,881709.0171431705,37.058012083,-20.402202802435433,0.0,-28.950683332695764,3.1990584466244775e-34,-76.2492748271018,20412.0,0.0,8878.0,869166.549343304,1.432576584,-20.422212809107105,0.0,-28.05491152240842,7.679990688283448e-34,-66.36014327873177,14596.0,3217.0,6616.0,671340.4463615423,52.253730875,-14.603302868985267,-8.05256991168714,-15.918277615033691,1.5141048679352685e-29
qmap154,canonical_sha256_cluster_mean,f8c690ddce42ddef13013b6f7beb6a0d0cf6b59b925ef995cfb07da443154ebd,f8c690ddce42ddef13013b6f7beb6a0d0cf6b59b925ef995cfb07da443154ebd,1,"[""4gt13_92""]",M1,-0.32393434926017145,0.7232977258519813,0.0033182024150313905,1.0033237137428794,-0.32393434926017145,132.0,0.0,56.0,5370.758488330233,5.542911709,-0.13206604403302655,0.0,-0.024389485007702744,0.7232977258519813,-0.32805020628645315,136.0,0.0,55.0,5364.743633614141,0.009639792,-0.13606804536736067,0.0,-0.024503340699650315,0.7203268538610678,-0.32061614684514006,86.0,19.0,38.0,4245.267695679983,4.684378042,-0.08604302868818396,-0.04755947414425106,-0.019534823793262886,0.725701760443589
qmap154,canonical_sha256_cluster_mean,fe1d0e3dd99cc2fa7f2e2fcac9431aed035eea231c658fd07b119549b2c9925f,fe1d0e3dd99cc2fa7f2e2fcac9431aed035eea231c658fd07b119549b2c9925f,1,"[""alu-v2_33""]",M2,-0.18927841330536557,0.8275560719967991,0.004566328960148386,1.0045767705273951,-0.19000985557774933,80.0,0.0,34.0,3628.8467812787994,6.2451145,-0.08004002668668275,0.0,-0.015455222611751931,0.8269509838234843,-0.18927841330536557,80.0,0.0,31.0,3358.0753284460984,0.005674625,-0.08004002668668275,0.0,-0.01472378033936818,0.8275560719967991,-0.1847120843452172,50.0,12.0,22.0,2257.256944498329,3.135815292,-0.05002501667917672,-0.03003756261742172,-0.010134898769304113,0.8313436062368811
qmap154,canonical_sha256_cluster_mean,fe47d3bb3c105b7015909980311f733d2136e6caa20a9257201fd62f09832947,fe47d3bb3c105b7015909980311f733d2136e6caa20a9257201fd62f09832947,1,"[""dc1_220""]",M1,-9.606847870015686,6.726652330118368e-05,0.0032995376791564723,1.0033049871455295,-9.606847870015686,3344.0,0.0,1431.0,137135.65975333267,21.038938292,-3.345673115503339,0.0,-1.6209576965558707,6.726652330118368e-05,-9.641560092995846,3352.0,0.0,1447.0,139778.72486819947,0.231520417,-3.353677118172007,0.0,-1.6476659168673622,6.497161387978134e-05,-9.60354833233653,2346.0,546.0,1068.0,110506.17540383672,16.951389625,-2.3471737825869714,-1.3667090990926885,-1.2514493933675588,6.748883829601855e-05
