dataset,circuit,canonical_sha256,qubits,gates_1q,gates_2q,M1__status,M1__valid,M1__N,M1__valid_over_N,M1__fidelity_valid,M1__fidelity_N,M1__log_fidelity,M1__fidelity,M1__fidelity_ood,M1__transfers,M1__idle_exposures,M1__move_batches,M1__move_time_us,M1__algorithm_time_s,M1__input_sha256,M1__gate_ledger_sha256,M1__log_atom_transfer,M1__log_idle_excitation,M1__log_coherence_linear,M1__forecast_weighted_negative_log_fidelity_total,M1__forecast_prediction_hits,M1__forecast_prediction_opportunities,M1__forecast_predicted_reentries,M1__forecast_realized_reentries,M1__initial_placement_s,M1__transition_decision_s,M1__problem_preparation_s,M1__search_kernel_s,M1__result_commit_s,M1__routing_s,M1__return_match_s,M1__forecast_s,M2__status,M2__valid,M2__N,M2__valid_over_N,M2__fidelity_valid,M2__fidelity_N,M2__log_fidelity,M2__fidelity,M2__fidelity_ood,M2__transfers,M2__idle_exposures,M2__move_batches,M2__move_time_us,M2__algorithm_time_s,M2__input_sha256,M2__gate_ledger_sha256,M2__log_atom_transfer,M2__log_idle_excitation,M2__log_coherence_linear,M2__forecast_weighted_negative_log_fidelity_total,M2__forecast_prediction_hits,M2__forecast_prediction_opportunities,M2__forecast_predicted_reentries,M2__forecast_realized_reentries,M2__initial_placement_s,M2__transition_decision_s,M2__problem_preparation_s,M2__search_kernel_s,M2__result_commit_s,M2__routing_s,M2__return_match_s,M2__forecast_s,M3__status,M3__valid,M3__N,M3__valid_over_N,M3__fidelity_valid,M3__fidelity_N,M3__log_fidelity,M3__fidelity,M3__fidelity_ood,M3__transfers,M3__idle_exposures,M3__move_batches,M3__move_time_us,M3__algorithm_time_s,M3__input_sha256,M3__gate_ledger_sha256,M3__log_atom_transfer,M3__log_idle_excitation,M3__log_coherence_linear,M3__forecast_weighted_negative_log_fidelity_total,M3__forecast_prediction_hits,M3__forecast_prediction_opportunities,M3__forecast_predicted_reentries,M3__forecast_realized_reentries,M3__initial_placement_s,M3__transition_decision_s,M3__problem_preparation_s,M3__search_kernel_s,M3__result_commit_s,M3__routing_s,M3__return_match_s,M3__forecast_s,M4__status,M4__valid,M4__N,M4__valid_over_N,M4__fidelity_valid,M4__fidelity_N,M4__log_fidelity,M4__fidelity,M4__fidelity_ood,M4__transfers,M4__idle_exposures,M4__move_batches,M4__move_time_us,M4__algorithm_time_s,M4__input_sha256,M4__gate_ledger_sha256,M4__log_atom_transfer,M4__log_idle_excitation,M4__log_coherence_linear,M4__forecast_weighted_negative_log_fidelity_total,M4__forecast_prediction_hits,M4__forecast_prediction_opportunities,M4__forecast_predicted_reentries,M4__forecast_realized_reentries,M4__initial_placement_s,M4__transition_decision_s,M4__problem_preparation_s,M4__search_kernel_s,M4__result_commit_s,M4__routing_s,M4__return_match_s,M4__forecast_s,M1__seed_status,M1__protocol_warnings,M1__timing_semantics,M2__seed_status,M2__protocol_warnings,M2__timing_semantics,M3__seed_status,M3__protocol_warnings,M3__timing_semantics,M4__seed_status,M4__protocol_warnings,M4__timing_semantics
zac18,bv_n14_transpiled,a9f1ef0f566a3cc1a347e8cb7bf74983b239326618f114a908e46c6e37c67752,14,29,13,success,1,1,1/1,1,1,-0.1683324807506382,0.8450728175261345,False,56.0,0.0,26.0,2768.637261521812,5.0658735,a9f1ef0f566a3cc1a347e8cb7bf74983b239326618f114a908e46c6e37c67752,189177eedf2ad9a6eee59a32dfcc498c29868dd0b620ecb99e3cb4ca7ad6dda8,-0.05602801868067792,-0.0,-0.03844011310282679,,,,,,5.051004171,0.013297083,,0.0,,0.000889778,,,success,1,1,1/1,1,1,-0.16845482185462393,0.8449694367086806,False,56.0,0.0,26.0,2781.709238336421,0.005396,a9f1ef0f566a3cc1a347e8cb7bf74983b239326618f114a908e46c6e37c67752,189177eedf2ad9a6eee59a32dfcc498c29868dd0b620ecb99e3cb4ca7ad6dda8,-0.05602801868067792,-0.0,-0.03856245420681251,,,,,,,,,,,,,,success,3,3,3/3,3,3,-0.16343020071560924,0.8492257722841351,False,52.0,0.0,25.0,2668.1545391722416,1.635241083,a9f1ef0f566a3cc1a347e8cb7bf74983b239326618f114a908e46c6e37c67752,189177eedf2ad9a6eee59a32dfcc498c29868dd0b620ecb99e3cb4ca7ad6dda8,-0.05202601734634379,-0.0,-0.03753983440213196,0.0,,,,,1.479657333,0.131497375,0.019901833,0.057134458,0.022938626,0.002085209,0.000444176,6.9343e-05,success,3,3,3/3,3,3,-0.16340173516008066,0.8492499463115744,False,52.0,0.0,25.0,2665.112822177856,2.462009042,a9f1ef0f566a3cc1a347e8cb7bf74983b239326618f114a908e46c6e37c67752,189177eedf2ad9a6eee59a32dfcc498c29868dd0b620ecb99e3cb4ca7ad6dda8,-0.05202601734634379,-0.0,-0.037511368846603374,0.08581783882309331,,,,,1.467444625,0.969270875,0.019221832,0.893289918,0.024765208,0.002137899,0.000781663,0.437711326,"[{""run_id"":""zac18-bv_n14_transpiled-M1-s0-r0-a21fe3547fb4"",""seed"":0,""status"":""success""}]",[],"{""additive_wall_clock_stages"":[""initial_placement_s"",""problem_preparation_s"",""search_kernel_s"",""result_commit_s"",""routing_s""],""nested_fields_must_not_be_summed"":true,""nested_in_search_kernel"":[""return_match_s"",""forecast_s""],""transition_decision_s"":""reported_stage_not_added_to_full_compile""}","[{""run_id"":""zac18-bv_n14_transpiled-M2-raw-replay-20f6818af721"",""seed"":0,""status"":""success""}]",[],"{""additive_wall_clock_stages"":[""initial_placement_s"",""problem_preparation_s"",""search_kernel_s"",""result_commit_s"",""routing_s""],""nested_fields_must_not_be_summed"":true,""nested_in_search_kernel"":[""return_match_s"",""forecast_s""],""transition_decision_s"":""reported_stage_not_added_to_full_compile""}","[{""run_id"":""zac18-bv_n14_transpiled-M3-s0-r0-02d737689866"",""seed"":0,""status"":""success""},{""run_id"":""zac18-bv_n14_transpiled-M3-s1-r0-6912e211e047"",""seed"":1,""status"":""success""},{""run_id"":""zac18-bv_n14_transpiled-M3-s2-r0-7c9f87847f72"",""seed"":2,""status"":""success""}]",[],"{""additive_wall_clock_stages"":[""initial_placement_s"",""problem_preparation_s"",""search_kernel_s"",""result_commit_s"",""routing_s""],""nested_fields_must_not_be_summed"":true,""nested_in_search_kernel"":[""return_match_s"",""forecast_s""],""transition_decision_s"":""reported_stage_not_added_to_full_compile""}","[{""run_id"":""zac18-bv_n14_transpiled-M4-s0-r0-0fb9e21eb1c7"",""seed"":0,""status"":""success""},{""run_id"":""zac18-bv_n14_transpiled-M4-s1-r0-c3f26072e539"",""seed"":1,""status"":""success""},{""run_id"":""zac18-bv_n14_transpiled-M4-s2-r0-05230a8de80c"",""seed"":2,""status"":""success""}]",[],"{""additive_wall_clock_stages"":[""initial_placement_s"",""problem_preparation_s"",""search_kernel_s"",""result_commit_s"",""routing_s""],""nested_fields_must_not_be_summed"":true,""nested_in_search_kernel"":[""return_match_s"",""forecast_s""],""transition_decision_s"":""reported_stage_not_added_to_full_compile""}"
zac18,bv_n19_transpiled,ff087c43a47c1c89a5515728dba98c1a8254212cb63163c9c21d361c76c1a6ad,19,39,18,success,1,1,1/1,1,1,-0.25173001792049726,0.7774546085489721,False,76.0,0.0,37.0,3945.1610014409425,5.224954666,ff087c43a47c1c89a5515728dba98c1a8254212cb63163c9c21d361c76c1a6ad,f421a284b6da1bf61ac5066dad4e4ef834638d5de3c5670b476b8a92555b350b,-0.07603802535234862,-0.0,-0.0737644843932738,,,,,,5.204380989,0.018381625,,0.0,,0.001404285,,,success,1,1,1/1,1,1,-0.2500411941753283,0.7787687016761891,False,76.0,0.0,36.0,3812.3435303917854,0.006245334,ff087c43a47c1c89a5515728dba98c1a8254212cb63163c9c21d361c76c1a6ad,f421a284b6da1bf61ac5066dad4e4ef834638d5de3c5670b476b8a92555b350b,-0.07603802535234862,-0.0,-0.07207566064810482,,,,,,,,,,,,,,success,3,3,3/3,3,3,-0.24527567438084824,0.782488796391518,False,72.0,0.0,35.0,3749.1349104128603,1.694981208,ff087c43a47c1c89a5515728dba98c1a8254212cb63163c9c21d361c76c1a6ad,f421a284b6da1bf61ac5066dad4e4ef834638d5de3c5670b476b8a92555b350b,-0.07203602401801447,-0.0,-0.07131214218795891,0.0,,,,,1.492506417,0.177244333,0.044440832,0.065176877,0.03547525,0.003030539,0.000622163,9.604e-05,success,3,3,3/3,3,3,-0.24524900214731077,0.7825096673937727,False,72.0,0.0,35.0,3747.0370947516567,3.129863875,ff087c43a47c1c89a5515728dba98c1a8254212cb63163c9c21d361c76c1a6ad,f421a284b6da1bf61ac5066dad4e4ef834638d5de3c5670b476b8a92555b350b,-0.07203602401801447,-0.0,-0.07128546995442145,0.2069114687780513,,,,,1.488279708,1.612362959,0.04289338,1.499625,0.037292542,0.003237009,0.001144284,0.783933845,"[{""run_id"":""zac18-bv_n19_transpiled-M1-s0-r0-557c8dbf6adb"",""seed"":0,""status"":""success""}]",[],"{""additive_wall_clock_stages"":[""initial_placement_s"",""problem_preparation_s"",""search_kernel_s"",""result_commit_s"",""routing_s""],""nested_fields_must_not_be_summed"":true,""nested_in_search_kernel"":[""return_match_s"",""forecast_s""],""transition_decision_s"":""reported_stage_not_added_to_full_compile""}","[{""run_id"":""zac18-bv_n19_transpiled-M2-raw-replay-ce7d8771692a"",""seed"":0,""status"":""success""}]",[],"{""additive_wall_clock_stages"":[""initial_placement_s"",""problem_preparation_s"",""search_kernel_s"",""result_commit_s"",""routing_s""],""nested_fields_must_not_be_summed"":true,""nested_in_search_kernel"":[""return_match_s"",""forecast_s""],""transition_decision_s"":""reported_stage_not_added_to_full_compile""}","[{""run_id"":""zac18-bv_n19_transpiled-M3-s0-r0-982d26fc4352"",""seed"":0,""status"":""success""},{""run_id"":""zac18-bv_n19_transpiled-M3-s1-r0-9c54b2c4eece"",""seed"":1,""status"":""success""},{""run_id"":""zac18-bv_n19_transpiled-M3-s2-r0-ad06d13193a6"",""seed"":2,""status"":""success""}]",[],"{""additive_wall_clock_stages"":[""initial_placement_s"",""problem_preparation_s"",""search_kernel_s"",""result_commit_s"",""routing_s""],""nested_fields_must_not_be_summed"":true,""nested_in_search_kernel"":[""return_match_s"",""forecast_s""],""transition_decision_s"":""reported_stage_not_added_to_full_compile""}","[{""run_id"":""zac18-bv_n19_transpiled-M4-s0-r0-e9d61c7ca48c"",""seed"":0,""status"":""success""},{""run_id"":""zac18-bv_n19_transpiled-M4-s1-r0-885ca6f072c6"",""seed"":1,""status"":""success""},{""run_id"":""zac18-bv_n19_transpiled-M4-s2-r0-5e9fa189bbcf"",""seed"":2,""status"":""success""}]",[],"{""additive_wall_clock_stages"":[""initial_placement_s"",""problem_preparation_s"",""search_kernel_s"",""result_commit_s"",""routing_s""],""nested_fields_must_not_be_summed"":true,""nested_in_search_kernel"":[""return_match_s"",""forecast_s""],""transition_decision_s"":""reported_stage_not_added_to_full_compile""}"
zac18,bv_n30_transpiled,58a8fb4a501fe149a264a128891f77ec760f078cd053bfd81168637de4c8f191,30,39,18,success,1,1,1/1,1,1,-0.298091777808285,0.7422332160838934,False,76.0,0.0,37.0,4065.852772306838,3.400071042,58a8fb4a501fe149a264a128891f77ec760f078cd053bfd81168637de4c8f191,baa4e7ee423f5e9b5e876399b3bfd5b2f4c2e35f58c294132897068e8a5658f6,-0.07603802535234862,-0.0,-0.12012624428106154,,,,,,3.376625061,0.020813,,0.0,,0.001183033,,,success,1,1,1/1,1,1,-0.29928582362630657,0.7413474845235002,False,76.0,0.0,36.0,4125.315297348518,0.006020833,58a8fb4a501fe149a264a128891f77ec760f078cd053bfd81168637de4c8f191,baa4e7ee423f5e9b5e876399b3bfd5b2f4c2e35f58c294132897068e8a5658f6,-0.07603802535234862,-0.0,-0.12132029009908311,,,,,,,,,,,,,,success,3,3,3/3,3,3,-0.2898743300224668,0.7483576077531813,False,72.0,0.0,35.0,3853.9080872106674,1.428948584,58a8fb4a501fe149a264a128891f77ec760f078cd053bfd81168637de4c8f191,baa4e7ee423f5e9b5e876399b3bfd5b2f4c2e35f58c294132897068e8a5658f6,-0.07203602401801447,-0.0,-0.11591079782957751,0.0,,,,,1.203299333,0.200435541,0.03157883,0.080019,0.038250292,0.003299952,0.000616408,9.6238e-05,success,3,3,3/3,3,3,-0.2898743300224668,0.7483576077531813,False,72.0,0.0,35.0,3853.9080872106674,3.57709925,58a8fb4a501fe149a264a128891f77ec760f078cd053bfd81168637de4c8f191,baa4e7ee423f5e9b5e876399b3bfd5b2f4c2e35f58c294132897068e8a5658f6,-0.07203602401801447,-0.0,-0.11591079782957751,0.27524829252071653,,,,,1.227312958,2.3248675,0.029663209,2.205530457,0.040374127,0.003264427,0.00112838,0.951902756,"[{""run_id"":""zac18-bv_n30_transpiled-M1-s0-r0-fa330cf93781"",""seed"":0,""status"":""success""}]",[],"{""additive_wall_clock_stages"":[""initial_placement_s"",""problem_preparation_s"",""search_kernel_s"",""result_commit_s"",""routing_s""],""nested_fields_must_not_be_summed"":true,""nested_in_search_kernel"":[""return_match_s"",""forecast_s""],""transition_decision_s"":""reported_stage_not_added_to_full_compile""}","[{""run_id"":""zac18-bv_n30_transpiled-M2-raw-replay-faf9c929dd66"",""seed"":0,""status"":""success""}]",[],"{""additive_wall_clock_stages"":[""initial_placement_s"",""problem_preparation_s"",""search_kernel_s"",""result_commit_s"",""routing_s""],""nested_fields_must_not_be_summed"":true,""nested_in_search_kernel"":[""return_match_s"",""forecast_s""],""transition_decision_s"":""reported_stage_not_added_to_full_compile""}","[{""run_id"":""zac18-bv_n30_transpiled-M3-s0-r0-87240d657b3a"",""seed"":0,""status"":""success""},{""run_id"":""zac18-bv_n30_transpiled-M3-s1-r0-563c3e4269a6"",""seed"":1,""status"":""success""},{""run_id"":""zac18-bv_n30_transpiled-M3-s2-r0-a3023544da16"",""seed"":2,""status"":""success""}]",[],"{""additive_wall_clock_stages"":[""initial_placement_s"",""problem_preparation_s"",""search_kernel_s"",""result_commit_s"",""routing_s""],""nested_fields_must_not_be_summed"":true,""nested_in_search_kernel"":[""return_match_s"",""forecast_s""],""transition_decision_s"":""reported_stage_not_added_to_full_compile""}","[{""run_id"":""zac18-bv_n30_transpiled-M4-s0-r0-3b4d6e5a716a"",""seed"":0,""status"":""success""},{""run_id"":""zac18-bv_n30_transpiled-M4-s1-r0-77557a1ad578"",""seed"":1,""status"":""success""},{""run_id"":""zac18-bv_n30_transpiled-M4-s2-r0-b6ef31c713fa"",""seed"":2,""status"":""success""}]",[],"{""additive_wall_clock_stages"":[""initial_placement_s"",""problem_preparation_s"",""search_kernel_s"",""result_commit_s"",""routing_s""],""nested_fields_must_not_be_summed"":true,""nested_in_search_kernel"":[""return_match_s"",""forecast_s""],""transition_decision_s"":""reported_stage_not_added_to_full_compile""}"
zac18,bv_n70_transpiled,b0b7114a0df2cf06b93931990669c2490dfc66245eaaed7ea956f3a4fb02967a,70,75,36,success,1,1,1/1,1,1,-0.9640488037022951,0.38134576195499925,False,160.0,0.0,73.0,9053.145654620213,3.052827208,b0b7114a0df2cf06b93931990669c2490dfc66245eaaed7ea956f3a4fb02967a,d5ebd5a9418f89845ac438a33f6383df2a0bd49a043965c14e807b1d77d7d3fa,-0.1600800533733655,-0.0,-0.6010138690061858,,,,,,2.994438887,0.054044542,,0.0,,0.0025599,,,success,1,1,1/1,1,1,-0.9461604051699807,0.38822880670334686,False,168.0,0.0,76.0,8452.663978587909,0.012428708,b0b7114a0df2cf06b93931990669c2490dfc66245eaaed7ea956f3a4fb02967a,d5ebd5a9418f89845ac438a33f6383df2a0bd49a043965c14e807b1d77d7d3fa,-0.16808405604203377,-0.0,-0.5751214678052031,,,,,,,,,,,,,,success,3,3,3/3,3,3,-0.9648044462584978,0.3810577097146105,False,146.0,0.0,72.0,9311.75097816704,1.740202833,b0b7114a0df2cf06b93931990669c2490dfc66245eaaed7ea956f3a4fb02967a,d5ebd5a9418f89845ac438a33f6383df2a0bd49a043965c14e807b1d77d7d3fa,-0.146073048703196,-0.0,-0.615776516232558,0.0,,,,,1.1676935,0.538799416,0.110897877,0.268638755,0.11100325,0.009141922,0.00125063,0.00016312,success,3,3,3/3,3,3,-0.9740874087803668,0.3775367331081053,False,154.0,6.0,75.0,9333.590220801212,13.0481745,b0b7114a0df2cf06b93931990669c2490dfc66245eaaed7ea956f3a4fb02967a,d5ebd5a9418f89845ac438a33f6383df2a0bd49a043965c14e807b1d77d7d3fa,-0.15407705137186428,-0.01501878130871086,-0.6020366947770479,1.093332574416443,,,,,1.155440459,11.856871875,0.085384004,11.600142957,0.117139456,0.010097742,0.003035632,6.107630989,"[{""run_id"":""zac18-bv_n70_transpiled-M1-s0-r0-0305c83a7290"",""seed"":0,""status"":""success""}]",[],"{""additive_wall_clock_stages"":[""initial_placement_s"",""problem_preparation_s"",""search_kernel_s"",""result_commit_s"",""routing_s""],""nested_fields_must_not_be_summed"":true,""nested_in_search_kernel"":[""return_match_s"",""forecast_s""],""transition_decision_s"":""reported_stage_not_added_to_full_compile""}","[{""run_id"":""zac18-bv_n70_transpiled-M2-raw-replay-5b87443ac088"",""seed"":0,""status"":""success""}]",[],"{""additive_wall_clock_stages"":[""initial_placement_s"",""problem_preparation_s"",""search_kernel_s"",""result_commit_s"",""routing_s""],""nested_fields_must_not_be_summed"":true,""nested_in_search_kernel"":[""return_match_s"",""forecast_s""],""transition_decision_s"":""reported_stage_not_added_to_full_compile""}","[{""run_id"":""zac18-bv_n70_transpiled-M3-s0-r0-61b25540530f"",""seed"":0,""status"":""success""},{""run_id"":""zac18-bv_n70_transpiled-M3-s1-r0-00fb34902783"",""seed"":1,""status"":""success""},{""run_id"":""zac18-bv_n70_transpiled-M3-s2-r0-d8835f5b68c3"",""seed"":2,""status"":""success""}]",[],"{""additive_wall_clock_stages"":[""initial_placement_s"",""problem_preparation_s"",""search_kernel_s"",""result_commit_s"",""routing_s""],""nested_fields_must_not_be_summed"":true,""nested_in_search_kernel"":[""return_match_s"",""forecast_s""],""transition_decision_s"":""reported_stage_not_added_to_full_compile""}","[{""run_id"":""zac18-bv_n70_transpiled-M4-s0-r0-cadd0038d3a0"",""seed"":0,""status"":""success""},{""run_id"":""zac18-bv_n70_transpiled-M4-s1-r0-2e0b9bb8a0de"",""seed"":1,""status"":""success""},{""run_id"":""zac18-bv_n70_transpiled-M4-s2-r0-27cfe8e7e62f"",""seed"":2,""status"":""success""}]",[],"{""additive_wall_clock_stages"":[""initial_placement_s"",""problem_preparation_s"",""search_kernel_s"",""result_commit_s"",""routing_s""],""nested_fields_must_not_be_summed"":true,""nested_in_search_kernel"":[""return_match_s"",""forecast_s""],""transition_decision_s"":""reported_stage_not_added_to_full_compile""}"
zac18,cat_n22_transpiled,db18092cb4f75992883d38c951468535ffe87a4953127995ec4c404b63a4671a,22,43,21,success,1,1,1/1,1,1,-0.28907146487412205,0.748958679252337,False,88.0,0.0,43.0,4597.827401074167,6.419371708,db18092cb4f75992883d38c951468535ffe87a4953127995ec4c404b63a4671a,63643a5bfaf44d19c5aab14a001fb60f52e162cc723b7d7c40be8ac1745e288f,-0.08804402935535102,-0.0,-0.08286212183725532,,,,,,6.395097256,0.021856458,,0.0,,0.001521587,,,success,1,1,1/1,1,1,-0.30282444334536485,0.7387287737394874,False,88.0,0.0,42.0,4491.71336731659,0.007379667,db18092cb4f75992883d38c951468535ffe87a4953127995ec4c404b63a4671a,63643a5bfaf44d19c5aab14a001fb60f52e162cc723b7d7c40be8ac1745e288f,-0.08804402935535102,-0.0,-0.09661510030849814,,,,,,,,,,,,,,success,3,3,3/3,3,3,-0.28373115182212305,0.7529690518541693,False,84.0,0.0,41.0,4504.191853758304,2.088886375,db18092cb4f75992883d38c951468535ffe87a4953127995ec4c404b63a4671a,63643a5bfaf44d19c5aab14a001fb60f52e162cc723b7d7c40be8ac1745e288f,-0.08404202802101689,-0.0,-0.08152381011959049,0.0,,,,,1.778609209,0.283607667,0.054797795,0.150819541,0.044031667,0.003984451,0.000750457,0.000581006,success,3,3,3/3,3,3,-0.28198557107220723,0.754284567972137,False,84.0,0.0,41.0,4385.610496188305,3.969236,db18092cb4f75992883d38c951468535ffe87a4953127995ec4c404b63a4671a,63643a5bfaf44d19c5aab14a001fb60f52e162cc723b7d7c40be8ac1745e288f,-0.08404202802101689,-0.0,-0.07977822936967463,0.22671448332936553,,,,,1.732154208,2.2108125,0.051226832,2.079438583,0.045256664,0.003707409,0.001319393,1.016969257,"[{""run_id"":""zac18-cat_n22_transpiled-M1-s0-r0-0f242d600522"",""seed"":0,""status"":""success""}]",[],"{""additive_wall_clock_stages"":[""initial_placement_s"",""problem_preparation_s"",""search_kernel_s"",""result_commit_s"",""routing_s""],""nested_fields_must_not_be_summed"":true,""nested_in_search_kernel"":[""return_match_s"",""forecast_s""],""transition_decision_s"":""reported_stage_not_added_to_full_compile""}","[{""run_id"":""zac18-cat_n22_transpiled-M2-raw-replay-89d89d8b4c3c"",""seed"":0,""status"":""success""}]",[],"{""additive_wall_clock_stages"":[""initial_placement_s"",""problem_preparation_s"",""search_kernel_s"",""result_commit_s"",""routing_s""],""nested_fields_must_not_be_summed"":true,""nested_in_search_kernel"":[""return_match_s"",""forecast_s""],""transition_decision_s"":""reported_stage_not_added_to_full_compile""}","[{""run_id"":""zac18-cat_n22_transpiled-M3-s0-r0-756f7f12fd7f"",""seed"":0,""status"":""success""},{""run_id"":""zac18-cat_n22_transpiled-M3-s1-r0-3dc9682bf052"",""seed"":1,""status"":""success""},{""run_id"":""zac18-cat_n22_transpiled-M3-s2-r0-ab0dd5db41d5"",""seed"":2,""status"":""success""}]",[],"{""additive_wall_clock_stages"":[""initial_placement_s"",""problem_preparation_s"",""search_kernel_s"",""result_commit_s"",""routing_s""],""nested_fields_must_not_be_summed"":true,""nested_in_search_kernel"":[""return_match_s"",""forecast_s""],""transition_decision_s"":""reported_stage_not_added_to_full_compile""}","[{""run_id"":""zac18-cat_n22_transpiled-M4-s0-r0-15bcfd59aa74"",""seed"":0,""status"":""success""},{""run_id"":""zac18-cat_n22_transpiled-M4-s1-r0-373b9a353d7c"",""seed"":1,""status"":""success""},{""run_id"":""zac18-cat_n22_transpiled-M4-s2-r0-3b3464855926"",""seed"":2,""status"":""success""}]",[],"{""additive_wall_clock_stages"":[""initial_placement_s"",""problem_preparation_s"",""search_kernel_s"",""result_commit_s"",""routing_s""],""nested_fields_must_not_be_summed"":true,""nested_in_search_kernel"":[""return_match_s"",""forecast_s""],""transition_decision_s"":""reported_stage_not_added_to_full_compile""}"
zac18,cat_n35_transpiled,7a6c0868d5e5299bb9152d872b95e55e6b2103d870f99ac53dcbcd1ab6718f7b,35,69,34,success,1,1,1/1,1,1,-0.5628382950739362,0.5695901026084134,False,140.0,0.0,69.0,8173.5688708148555,6.795634292,7a6c0868d5e5299bb9152d872b95e55e6b2103d870f99ac53dcbcd1ab6718f7b,2e096271cf9b2ee08e43f8bd2ad0c84f37d023fa47a609bccca854dd4ba71f72,-0.14007004670169482,-0.0,-0.23163872075059816,,,,,,6.750441074,0.041039625,,0.0,,0.002372503,,,success,1,1,1/1,1,1,-0.5912803169723632,0.5536180242396278,False,144.0,0.0,69.0,7499.4401077433085,0.01095925,7a6c0868d5e5299bb9152d872b95e55e6b2103d870f99ac53dcbcd1ab6718f7b,2e096271cf9b2ee08e43f8bd2ad0c84f37d023fa47a609bccca854dd4ba71f72,-0.14407204803602894,-0.0,-0.256078741314691,,,,,,,,,,,,,,success,3,3,3/3,3,3,-0.5495058720822131,0.5772349678352852,False,140.0,0.0,69.0,7605.840267039587,2.377119458,7a6c0868d5e5299bb9152d872b95e55e6b2103d870f99ac53dcbcd1ab6718f7b,2e096271cf9b2ee08e43f8bd2ad0c84f37d023fa47a609bccca854dd4ba71f72,-0.14007004670169482,-0.0,-0.21830629775887506,0.0,,,,,1.79693675,0.548528,0.079133913,0.326220129,0.088322578,0.006655455,0.001259364,0.000849003,success,3,3,3/3,3,3,-0.5589357278997203,0.5718173093308323,False,136.0,0.0,67.0,8176.08791803975,6.500439583,7a6c0868d5e5299bb9152d872b95e55e6b2103d870f99ac53dcbcd1ab6718f7b,2e096271cf9b2ee08e43f8bd2ad0c84f37d023fa47a609bccca854dd4ba71f72,-0.13606804536736067,-0.0,-0.2317381549107165,0.5777970936928292,,,,,1.803754375,4.652328916,0.071637208,4.441070168,0.089961414,0.006915808,0.002232332,2.155914154,"[{""run_id"":""zac18-cat_n35_transpiled-M1-s0-r0-0b1ca166e26e"",""seed"":0,""status"":""success""}]",[],"{""additive_wall_clock_stages"":[""initial_placement_s"",""problem_preparation_s"",""search_kernel_s"",""result_commit_s"",""routing_s""],""nested_fields_must_not_be_summed"":true,""nested_in_search_kernel"":[""return_match_s"",""forecast_s""],""transition_decision_s"":""reported_stage_not_added_to_full_compile""}","[{""run_id"":""zac18-cat_n35_transpiled-M2-raw-replay-4c8e542e1262"",""seed"":0,""status"":""success""}]",[],"{""additive_wall_clock_stages"":[""initial_placement_s"",""problem_preparation_s"",""search_kernel_s"",""result_commit_s"",""routing_s""],""nested_fields_must_not_be_summed"":true,""nested_in_search_kernel"":[""return_match_s"",""forecast_s""],""transition_decision_s"":""reported_stage_not_added_to_full_compile""}","[{""run_id"":""zac18-cat_n35_transpiled-M3-s0-r0-18fbf9dc7922"",""seed"":0,""status"":""success""},{""run_id"":""zac18-cat_n35_transpiled-M3-s1-r0-60941975725c"",""seed"":1,""status"":""success""},{""run_id"":""zac18-cat_n35_transpiled-M3-s2-r0-f25eedaa6d3e"",""seed"":2,""status"":""success""}]",[],"{""additive_wall_clock_stages"":[""initial_placement_s"",""problem_preparation_s"",""search_kernel_s"",""result_commit_s"",""routing_s""],""nested_fields_must_not_be_summed"":true,""nested_in_search_kernel"":[""return_match_s"",""forecast_s""],""transition_decision_s"":""reported_stage_not_added_to_full_compile""}","[{""run_id"":""zac18-cat_n35_transpiled-M4-s0-r0-3ff7e24063a6"",""seed"":0,""status"":""success""},{""run_id"":""zac18-cat_n35_transpiled-M4-s1-r0-e877846fe3f1"",""seed"":1,""status"":""success""},{""run_id"":""zac18-cat_n35_transpiled-M4-s2-r0-04f9ed36cb58"",""seed"":2,""status"":""success""}]",[],"{""additive_wall_clock_stages"":[""initial_placement_s"",""problem_preparation_s"",""search_kernel_s"",""result_commit_s"",""routing_s""],""nested_fields_must_not_be_summed"":true,""nested_in_search_kernel"":[""return_match_s"",""forecast_s""],""transition_decision_s"":""reported_stage_not_added_to_full_compile""}"
zac18,ghz_n23,0c57c9a79d2a187a90c2266ec22ad092f7f0ef573557f51b42f136c4db7f5afd,23,45,22,success,1,1,1/1,1,1,-0.3053938385585491,0.7368331239440451,False,92.0,0.0,44.0,4736.660876789556,6.454519041,0c57c9a79d2a187a90c2266ec22ad092f7f0ef573557f51b42f136c4db7f5afd,fb4383f3d6100380933fd8b7e0d470927394454bdd93d7dd068c48a91642c73f,-0.09204603068968516,-0.0,-0.08956986234580003,,,,,,6.429627895,0.022427583,,0.0,,0.001575708,,,success,1,1,1/1,1,1,-0.32220931801901,0.7245465138151905,False,92.0,0.0,44.0,4736.660876789558,0.00741425,0c57c9a79d2a187a90c2266ec22ad092f7f0ef573557f51b42f136c4db7f5afd,fb4383f3d6100380933fd8b7e0d470927394454bdd93d7dd068c48a91642c73f,-0.09204603068968516,-0.0,-0.10638534180626084,,,,,,,,,,,,,,success,3,3,3/3,3,3,-0.3017852255048043,0.7394968729025424,False,88.0,0.0,43.0,4759.607981794707,2.071526583,0c57c9a79d2a187a90c2266ec22ad092f7f0ef573557f51b42f136c4db7f5afd,fb4383f3d6100380933fd8b7e0d470927394454bdd93d7dd068c48a91642c73f,-0.08804402935535102,-0.0,-0.08996325062638931,0.0,,,,,1.748361417,0.297202541,0.056241875,0.160571208,0.046571333,0.003920794,0.000783863,0.000594081,success,3,3,3/3,3,3,-0.29990218795649426,0.7408906851696411,False,88.0,0.0,43.0,4637.275591391364,4.113965458,0c57c9a79d2a187a90c2266ec22ad092f7f0ef573557f51b42f136c4db7f5afd,fb4383f3d6100380933fd8b7e0d470927394454bdd93d7dd068c48a91642c73f,-0.08804402935535102,-0.0,-0.08808021307807926,0.2497546858276697,,,,,1.744100708,2.3354315,0.05552963,2.169513749,0.049351374,0.003879786,0.001395331,1.069727499,"[{""run_id"":""zac18-ghz_n23-M1-s0-r0-51731f86a99f"",""seed"":0,""status"":""success""}]",[],"{""additive_wall_clock_stages"":[""initial_placement_s"",""problem_preparation_s"",""search_kernel_s"",""result_commit_s"",""routing_s""],""nested_fields_must_not_be_summed"":true,""nested_in_search_kernel"":[""return_match_s"",""forecast_s""],""transition_decision_s"":""reported_stage_not_added_to_full_compile""}","[{""run_id"":""zac18-ghz_n23-M2-raw-replay-1c4dc39c5edc"",""seed"":0,""status"":""success""}]",[],"{""additive_wall_clock_stages"":[""initial_placement_s"",""problem_preparation_s"",""search_kernel_s"",""result_commit_s"",""routing_s""],""nested_fields_must_not_be_summed"":true,""nested_in_search_kernel"":[""return_match_s"",""forecast_s""],""transition_decision_s"":""reported_stage_not_added_to_full_compile""}","[{""run_id"":""zac18-ghz_n23-M3-s0-r0-93ecf7a93807"",""seed"":0,""status"":""success""},{""run_id"":""zac18-ghz_n23-M3-s1-r0-8b81b87aa8f0"",""seed"":1,""status"":""success""},{""run_id"":""zac18-ghz_n23-M3-s2-r0-4ffd247ccd9e"",""seed"":2,""status"":""success""}]",[],"{""additive_wall_clock_stages"":[""initial_placement_s"",""problem_preparation_s"",""search_kernel_s"",""result_commit_s"",""routing_s""],""nested_fields_must_not_be_summed"":true,""nested_in_search_kernel"":[""return_match_s"",""forecast_s""],""transition_decision_s"":""reported_stage_not_added_to_full_compile""}","[{""run_id"":""zac18-ghz_n23-M4-s0-r0-210b8bc0855e"",""seed"":0,""status"":""success""},{""run_id"":""zac18-ghz_n23-M4-s1-r0-437d78d03577"",""seed"":1,""status"":""success""},{""run_id"":""zac18-ghz_n23-M4-s2-r0-8450dcccb435"",""seed"":2,""status"":""success""}]",[],"{""additive_wall_clock_stages"":[""initial_placement_s"",""problem_preparation_s"",""search_kernel_s"",""result_commit_s"",""routing_s""],""nested_fields_must_not_be_summed"":true,""nested_in_search_kernel"":[""return_match_s"",""forecast_s""],""transition_decision_s"":""reported_stage_not_added_to_full_compile""}"
zac18,ghz_n40_transpiled,1cded85e597f91b012b3e0ba0ccaf6041a86ed2304877b02eb30beef19006f8d,40,79,39,success,1,1,1/1,1,1,-0.689789651890475,0.501681585741194,False,160.0,0.0,78.0,9616.665665710747,6.9964025,1cded85e597f91b012b3e0ba0ccaf6041a86ed2304877b02eb30beef19006f8d,e30b8665ab1ba127264447296af29acdd69445ee9620332c72582f4c79b961a2,-0.1600800533733655,-0.0,-0.310516911687725,,,,,,6.943250179,0.049444042,,0.0,,0.00242877,,,success,1,1,1/1,1,1,-0.7251453791966567,0.48425416335648536,False,168.0,0.0,79.0,8661.075866740908,0.012845083,1cded85e597f91b012b3e0ba0ccaf6041a86ed2304877b02eb30beef19006f8d,e30b8665ab1ba127264447296af29acdd69445ee9620332c72582f4c79b961a2,-0.16808405604203377,-0.0,-0.3378686363252383,,,,,,,,,,,,,,success,3,3,3/3,3,3,-0.6648745451716946,0.5143380498509751,False,164.0,0.0,79.0,8489.770479463474,2.503988333,1cded85e597f91b012b3e0ba0ccaf6041a86ed2304877b02eb30beef19006f8d,e30b8665ab1ba127264447296af29acdd69445ee9620332c72582f4c79b961a2,-0.16408205470769963,-0.0,-0.2815998036346104,0.0,,,,,1.81694325,0.649361541,0.092239789,0.403991375,0.104398456,0.007801533,0.001420888,0.000948536,success,3,3,3/3,3,3,-0.6973352816070872,0.4979103284087543,False,156.0,1.0,77.0,9951.673640154344,7.798510875,1cded85e597f91b012b3e0ba0ccaf6041a86ed2304877b02eb30beef19006f8d,e30b8665ab1ba127264447296af29acdd69445ee9620332c72582f4c79b961a2,-0.15607805203903136,-0.002503130218118477,-0.3195614125205528,0.7476625131565563,,,,,1.815374834,5.95012125,0.086570831,5.70734221,0.107599749,0.008000374,0.002655951,2.759880881,"[{""run_id"":""zac18-ghz_n40_transpiled-M1-s0-r0-68ec9165c0fd"",""seed"":0,""status"":""success""}]",[],"{""additive_wall_clock_stages"":[""initial_placement_s"",""problem_preparation_s"",""search_kernel_s"",""result_commit_s"",""routing_s""],""nested_fields_must_not_be_summed"":true,""nested_in_search_kernel"":[""return_match_s"",""forecast_s""],""transition_decision_s"":""reported_stage_not_added_to_full_compile""}","[{""run_id"":""zac18-ghz_n40_transpiled-M2-raw-replay-6356e9a76b73"",""seed"":0,""status"":""success""}]",[],"{""additive_wall_clock_stages"":[""initial_placement_s"",""problem_preparation_s"",""search_kernel_s"",""result_commit_s"",""routing_s""],""nested_fields_must_not_be_summed"":true,""nested_in_search_kernel"":[""return_match_s"",""forecast_s""],""transition_decision_s"":""reported_stage_not_added_to_full_compile""}","[{""run_id"":""zac18-ghz_n40_transpiled-M3-s0-r0-e30e804f13c8"",""seed"":0,""status"":""success""},{""run_id"":""zac18-ghz_n40_transpiled-M3-s1-r0-6e57a678d201"",""seed"":1,""status"":""success""},{""run_id"":""zac18-ghz_n40_transpiled-M3-s2-r0-92678328b0d6"",""seed"":2,""status"":""success""}]",[],"{""additive_wall_clock_stages"":[""initial_placement_s"",""problem_preparation_s"",""search_kernel_s"",""result_commit_s"",""routing_s""],""nested_fields_must_not_be_summed"":true,""nested_in_search_kernel"":[""return_match_s"",""forecast_s""],""transition_decision_s"":""reported_stage_not_added_to_full_compile""}","[{""run_id"":""zac18-ghz_n40_transpiled-M4-s0-r0-62385ea5f9d5"",""seed"":0,""status"":""success""},{""run_id"":""zac18-ghz_n40_transpiled-M4-s1-r0-f1232afb7054"",""seed"":1,""status"":""success""},{""run_id"":""zac18-ghz_n40_transpiled-M4-s2-r0-c4cb73d50aaf"",""seed"":2,""status"":""success""}]",[],"{""additive_wall_clock_stages"":[""initial_placement_s"",""problem_preparation_s"",""search_kernel_s"",""result_commit_s"",""routing_s""],""nested_fields_must_not_be_summed"":true,""nested_in_search_kernel"":[""return_match_s"",""forecast_s""],""transition_decision_s"":""reported_stage_not_added_to_full_compile""}"
zac18,ghz_n78_transpiled,173203497ff0bf9e285e83d9eaba591c4bedfc0b78370ddde335d2dfe90c4943,78,155,77,success,1,1,1/1,1,1,-1.92416818318923,0.1459971492441792,False,332.0,0.0,154.0,17905.88712235583,7.057706042,173203497ff0bf9e285e83d9eaba591c4bedfc0b78370ddde335d2dfe90c4943,6d808d76b30125bdf49a4466dbcd80a10db7cf41f955872f085c7148369b025d,-0.3321661107497334,-0.0,-1.159529375631278,,,,,,6.941997766,0.10827475,,0.0,,0.004874468,,,success,1,1,1/1,1,1,-2.0932711333463327,0.1232831997275635,False,332.0,0.0,157.0,17414.410732800065,0.024515959,173203497ff0bf9e285e83d9eaba591c4bedfc0b78370ddde335d2dfe90c4943,6d808d76b30125bdf49a4466dbcd80a10db7cf41f955872f085c7148369b025d,-0.3321661107497334,-0.0,-1.3286323257883803,,,,,,,,,,,,,,success,3,3,3/3,3,3,-1.86409300974389,0.1550367629684844,False,332.0,0.0,155.0,16767.204130043363,3.271765625,173203497ff0bf9e285e83d9eaba591c4bedfc0b78370ddde335d2dfe90c4943,6d808d76b30125bdf49a4466dbcd80a10db7cf41f955872f085c7148369b025d,-0.3321661107497334,-0.0,-1.0994542021859377,0.0,,,,,1.890368833,1.325947459,0.250328752,0.656935335,0.363786085,0.019278049,0.002746142,0.000446604,success,3,3,3/3,3,3,-1.9252362554515645,0.14584129698424558,False,316.0,0.0,153.0,18382.315326242075,25.438271417,173203497ff0bf9e285e83d9eaba591c4bedfc0b78370ddde335d2dfe90c4943,6d808d76b30125bdf49a4466dbcd80a10db7cf41f955872f085c7148369b025d,-0.31615810541239686,-0.0,-1.1766054532309487,2.24116253977482,,,,,1.900668125,23.489394791,0.261228665,22.864707337,0.304867249,0.018706799,0.005691575,13.276928815,"[{""run_id"":""zac18-ghz_n78_transpiled-M1-s0-r0-8f06e2a8cbe0"",""seed"":0,""status"":""success""}]",[],"{""additive_wall_clock_stages"":[""initial_placement_s"",""problem_preparation_s"",""search_kernel_s"",""result_commit_s"",""routing_s""],""nested_fields_must_not_be_summed"":true,""nested_in_search_kernel"":[""return_match_s"",""forecast_s""],""transition_decision_s"":""reported_stage_not_added_to_full_compile""}","[{""run_id"":""zac18-ghz_n78_transpiled-M2-raw-replay-a129b77f8f58"",""seed"":0,""status"":""success""}]",[],"{""additive_wall_clock_stages"":[""initial_placement_s"",""problem_preparation_s"",""search_kernel_s"",""result_commit_s"",""routing_s""],""nested_fields_must_not_be_summed"":true,""nested_in_search_kernel"":[""return_match_s"",""forecast_s""],""transition_decision_s"":""reported_stage_not_added_to_full_compile""}","[{""run_id"":""zac18-ghz_n78_transpiled-M3-s0-r0-bb8cea2b711e"",""seed"":0,""status"":""success""},{""run_id"":""zac18-ghz_n78_transpiled-M3-s1-r0-16d5a1c03398"",""seed"":1,""status"":""success""},{""run_id"":""zac18-ghz_n78_transpiled-M3-s2-r0-7a6b8237b761"",""seed"":2,""status"":""success""}]",[],"{""additive_wall_clock_stages"":[""initial_placement_s"",""problem_preparation_s"",""search_kernel_s"",""result_commit_s"",""routing_s""],""nested_fields_must_not_be_summed"":true,""nested_in_search_kernel"":[""return_match_s"",""forecast_s""],""transition_decision_s"":""reported_stage_not_added_to_full_compile""}","[{""run_id"":""zac18-ghz_n78_transpiled-M4-s0-r0-8e5e1ac9cd1a"",""seed"":0,""status"":""success""},{""run_id"":""zac18-ghz_n78_transpiled-M4-s1-r0-266738781038"",""seed"":1,""status"":""success""},{""run_id"":""zac18-ghz_n78_transpiled-M4-s2-r0-51ece55e1191"",""seed"":2,""status"":""success""}]",[],"{""additive_wall_clock_stages"":[""initial_placement_s"",""problem_preparation_s"",""search_kernel_s"",""result_commit_s"",""routing_s""],""nested_fields_must_not_be_summed"":true,""nested_in_search_kernel"":[""return_match_s"",""forecast_s""],""transition_decision_s"":""reported_stage_not_added_to_full_compile""}"
zac18,ising_n42,24ea0070b6bfe3a37d44ff0cff0d0f5527dd49518a58af57b394bd775bcaab65,42,144,82,success,1,1,1/1,1,1,-0.9881257368487788,0.37227377657870325,False,248.0,0.0,22.0,3115.630741536924,7.015470083,24ea0070b6bfe3a37d44ff0cff0d0f5527dd49518a58af57b394bd775bcaab65,1ede1181792632af92082131f87f2e394c210431ddb0c1f77768c1d779518f18,-0.24812408272871653,-0.0,-0.28576674329314394,,,,,,6.976902962,0.033717708,,0.0,,0.004405975,,,success,1,1,1/1,1,1,-0.9537143192525456,0.38530720829738546,False,252.0,0.0,9.0,1588.335052109081,0.482522083,24ea0070b6bfe3a37d44ff0cff0d0f5527dd49518a58af57b394bd775bcaab65,1ede1181792632af92082131f87f2e394c210431ddb0c1f77768c1d779518f18,-0.25212608406305065,-0.0,-0.2473533243625765,,,,,,,,,,,,,,success,3,3,3/3,3,3,-0.8941777338567799,0.40894372100715587,False,142.0,0.0,32.0,3516.5860706179974,4.637087875,24ea0070b6bfe3a37d44ff0cff0d0f5527dd49518a58af57b394bd775bcaab65,1ede1181792632af92082131f87f2e394c210431ddb0c1f77768c1d779518f18,-0.1420710473688619,-0.0,-0.29787177566099965,0.0,,,,,1.799858541,2.785603834,0.065275584,2.5998535,0.065071417,0.030946732,4.8299e-05,0.000677497,success,3,3,3/3,3,3,-0.8753618368828655,0.4167112109104556,False,140.0,0.0,26.0,2909.3396442350077,22.977443708,24ea0070b6bfe3a37d44ff0cff0d0f5527dd49518a58af57b394bd775bcaab65,1ede1181792632af92082131f87f2e394c210431ddb0c1f77768c1d779518f18,-0.14007004670169482,-0.0,-0.28105687935425233,0.05838087995183766,,,,,1.791873,21.192654209,0.061808583,21.023640125,0.053933208,0.013724804,0.000433824,0.448110098,"[{""run_id"":""zac18-ising_n42-M1-s0-r0-6011e19423d5"",""seed"":0,""status"":""success""}]",[],"{""additive_wall_clock_stages"":[""initial_placement_s"",""problem_preparation_s"",""search_kernel_s"",""result_commit_s"",""routing_s""],""nested_fields_must_not_be_summed"":true,""nested_in_search_kernel"":[""return_match_s"",""forecast_s""],""transition_decision_s"":""reported_stage_not_added_to_full_compile""}","[{""run_id"":""zac18-ising_n42-M2-raw-replay-949faa3ac24c"",""seed"":0,""status"":""success""}]",[],"{""additive_wall_clock_stages"":[""initial_placement_s"",""problem_preparation_s"",""search_kernel_s"",""result_commit_s"",""routing_s""],""nested_fields_must_not_be_summed"":true,""nested_in_search_kernel"":[""return_match_s"",""forecast_s""],""transition_decision_s"":""reported_stage_not_added_to_full_compile""}","[{""run_id"":""zac18-ising_n42-M3-s0-r0-2b42ba101639"",""seed"":0,""status"":""success""},{""run_id"":""zac18-ising_n42-M3-s1-r0-08431d441d9b"",""seed"":1,""status"":""success""},{""run_id"":""zac18-ising_n42-M3-s2-r0-4a9de7ee8c1d"",""seed"":2,""status"":""success""}]",[],"{""additive_wall_clock_stages"":[""initial_placement_s"",""problem_preparation_s"",""search_kernel_s"",""result_commit_s"",""routing_s""],""nested_fields_must_not_be_summed"":true,""nested_in_search_kernel"":[""return_match_s"",""forecast_s""],""transition_decision_s"":""reported_stage_not_added_to_full_compile""}","[{""run_id"":""zac18-ising_n42-M4-s0-r0-ac2356c549ec"",""seed"":0,""status"":""success""},{""run_id"":""zac18-ising_n42-M4-s1-r0-d8c17c0345f9"",""seed"":1,""status"":""success""},{""run_id"":""zac18-ising_n42-M4-s2-r0-ca6171b22e15"",""seed"":2,""status"":""success""}]",[],"{""additive_wall_clock_stages"":[""initial_placement_s"",""problem_preparation_s"",""search_kernel_s"",""result_commit_s"",""routing_s""],""nested_fields_must_not_be_summed"":true,""nested_in_search_kernel"":[""return_match_s"",""forecast_s""],""transition_decision_s"":""reported_stage_not_added_to_full_compile""}"
zac18,ising_n98_transpiled,69c9ca8c5d772ffa553ccdd9fa59e2f844a8149741d3dc4180a51f3970bffc6c,98,340,194,success,1,1,1/1,1,1,-3.0058594915705275,0.049496194479219977,False,584.0,0.0,23.0,3233.372953759612,7.162497625,69c9ca8c5d772ffa553ccdd9fa59e2f844a8149741d3dc4180a51f3970bffc6c,3532fed888d5ef0247f27e537847d1535de4abf737bc2b415c2d027fbe64a57b,-0.584292194812784,-0.0,-1.3471188799294744,,,,,,7.019713879,0.126220416,,0.0,,0.015773773,,,success,1,1,1/1,1,1,-2.925561387972291,0.05363457365495845,False,584.0,0.0,12.0,1855.1067823772555,0.461788125,69c9ca8c5d772ffa553ccdd9fa59e2f844a8149741d3dc4180a51f3970bffc6c,3532fed888d5ef0247f27e537847d1535de4abf737bc2b415c2d027fbe64a57b,-0.584292194812784,-0.0,-1.2668207763312378,,,,,,,,,,,,,,success,3,3,3/3,3,3,-2.933258093689139,0.05322334869409505,False,306.0,0.0,59.0,6300.0894515504915,3.684832625,69c9ca8c5d772ffa553ccdd9fa59e2f844a8149741d3dc4180a51f3970bffc6c,3532fed888d5ef0247f27e537847d1535de4abf737bc2b415c2d027fbe64a57b,-0.3061531020765615,-0.0,-1.5526565747843084,0.0,,,,,2.042948583,1.515852208,0.23231125,0.897092126,0.277734958,0.084969997,4.1502e-05,0.000660004,success,3,3,3/3,3,3,-2.89509118178934,0.055293983060508846,False,304.0,2.0,55.0,5819.870945784367,77.406521916,69c9ca8c5d772ffa553ccdd9fa59e2f844a8149741d3dc4180a51f3970bffc6c,3532fed888d5ef0247f27e537847d1535de4abf737bc2b415c2d027fbe64a57b,-0.30415210140939447,-0.005006260436236954,-1.5114844031154393,0.24829288484867984,,,,,1.915475959,75.4415675,0.223398876,74.872680375,0.259025584,0.079366207,0.000669216,5.86383855,"[{""run_id"":""zac18-ising_n98_transpiled-M1-s0-r0-05f76a57ab1c"",""seed"":0,""status"":""success""}]",[],"{""additive_wall_clock_stages"":[""initial_placement_s"",""problem_preparation_s"",""search_kernel_s"",""result_commit_s"",""routing_s""],""nested_fields_must_not_be_summed"":true,""nested_in_search_kernel"":[""return_match_s"",""forecast_s""],""transition_decision_s"":""reported_stage_not_added_to_full_compile""}","[{""run_id"":""zac18-ising_n98_transpiled-M2-raw-replay-3d0dabc707f1"",""seed"":0,""status"":""success""}]",[],"{""additive_wall_clock_stages"":[""initial_placement_s"",""problem_preparation_s"",""search_kernel_s"",""result_commit_s"",""routing_s""],""nested_fields_must_not_be_summed"":true,""nested_in_search_kernel"":[""return_match_s"",""forecast_s""],""transition_decision_s"":""reported_stage_not_added_to_full_compile""}","[{""run_id"":""zac18-ising_n98_transpiled-M3-s0-r0-02bce98456f5"",""seed"":0,""status"":""success""},{""run_id"":""zac18-ising_n98_transpiled-M3-s1-r0-2b4c9ef5eb5e"",""seed"":1,""status"":""success""},{""run_id"":""zac18-ising_n98_transpiled-M3-s2-r0-546a22ae4438"",""seed"":2,""status"":""success""}]",[],"{""additive_wall_clock_stages"":[""initial_placement_s"",""problem_preparation_s"",""search_kernel_s"",""result_commit_s"",""routing_s""],""nested_fields_must_not_be_summed"":true,""nested_in_search_kernel"":[""return_match_s"",""forecast_s""],""transition_decision_s"":""reported_stage_not_added_to_full_compile""}","[{""run_id"":""zac18-ising_n98_transpiled-M4-s0-r0-a435dfeb67ae"",""seed"":0,""status"":""success""},{""run_id"":""zac18-ising_n98_transpiled-M4-s1-r0-fa4b9baf8a75"",""seed"":1,""status"":""success""},{""run_id"":""zac18-ising_n98_transpiled-M4-s2-r0-612ed14c32f2"",""seed"":2,""status"":""success""}]",[],"{""additive_wall_clock_stages"":[""initial_placement_s"",""problem_preparation_s"",""search_kernel_s"",""result_commit_s"",""routing_s""],""nested_fields_must_not_be_summed"":true,""nested_in_search_kernel"":[""return_match_s"",""forecast_s""],""transition_decision_s"":""reported_stage_not_added_to_full_compile""}"
zac18,knn_n31_transpiled,3f76b58905dfef056646e279e9cb9d21db7c5fa9d04170dcbecd457f91d19faa,31,152,105,success,1,1,1/1,1,1,-1.5311247410835542,0.2162922576669984,False,476.0,0.0,157.0,16400.736721031986,8.560572916,3f76b58905dfef056646e279e9cb9d21db7c5fa9d04170dcbecd457f91d19faa,dcca4f3b7673f5b1297442da1b2b6e6e7ea2fc9da079d54dad7390b65f4e22f4,-0.47623815878576237,-0.0,-0.48296284945733886,,,,,,8.449127913,0.102068458,,0.0,,0.006858826,,,success,1,1,1/1,1,1,-1.529497495402812,0.21664450482767328,False,480.0,0.0,149.0,15477.797136000247,0.068062125,3f76b58905dfef056646e279e9cb9d21db7c5fa9d04170dcbecd457f91d19faa,dcca4f3b7673f5b1297442da1b2b6e6e7ea2fc9da079d54dad7390b65f4e22f4,-0.4802401601200965,-0.0,-0.4773336024422624,,,,,,,,,,,,,,success,3,3,3/3,3,3,-1.56929260798191,0.20819240392396338,False,452.0,14.0,169.0,18938.22866480581,3.742467708,3f76b58905dfef056646e279e9cb9d21db7c5fa9d04170dcbecd457f91d19faa,dcca4f3b7673f5b1297442da1b2b6e6e7ea2fc9da079d54dad7390b65f4e22f4,-0.45222615077975753,-0.035043823053658676,-0.5024747383589453,0.0,,,,,2.022657542,1.667119625,0.196494164,1.176261046,0.233074833,0.02112484,0.01733189,0.00049876,success,3,3,3/3,3,3,-1.5491415844405823,0.2124302490126658,False,368.0,74.0,132.0,15129.890892017966,24.633634875,3f76b58905dfef056646e279e9cb9d21db7c5fa9d04170dcbecd457f91d19faa,dcca4f3b7673f5b1297442da1b2b6e6e7ea2fc9da079d54dad7390b65f4e22f4,-0.36818412275874063,-0.1852316361407673,-0.4266180071309333,1.2700697665587821,,,,,2.052313167,22.585594041,0.18452233,22.116337667,0.235395627,0.017927885,0.098399467,3.845490471,"[{""run_id"":""zac18-knn_n31_transpiled-M1-s0-r0-3918ef06dd6d"",""seed"":0,""status"":""success""}]",[],"{""additive_wall_clock_stages"":[""initial_placement_s"",""problem_preparation_s"",""search_kernel_s"",""result_commit_s"",""routing_s""],""nested_fields_must_not_be_summed"":true,""nested_in_search_kernel"":[""return_match_s"",""forecast_s""],""transition_decision_s"":""reported_stage_not_added_to_full_compile""}","[{""run_id"":""zac18-knn_n31_transpiled-M2-raw-replay-37893cc3650d"",""seed"":0,""status"":""success""}]",[],"{""additive_wall_clock_stages"":[""initial_placement_s"",""problem_preparation_s"",""search_kernel_s"",""result_commit_s"",""routing_s""],""nested_fields_must_not_be_summed"":true,""nested_in_search_kernel"":[""return_match_s"",""forecast_s""],""transition_decision_s"":""reported_stage_not_added_to_full_compile""}","[{""run_id"":""zac18-knn_n31_transpiled-M3-s0-r0-8beda13c960e"",""seed"":0,""status"":""success""},{""run_id"":""zac18-knn_n31_transpiled-M3-s1-r0-52ad03c885a1"",""seed"":1,""status"":""success""},{""run_id"":""zac18-knn_n31_transpiled-M3-s2-r0-5ad9216d9470"",""seed"":2,""status"":""success""}]",[],"{""additive_wall_clock_stages"":[""initial_placement_s"",""problem_preparation_s"",""search_kernel_s"",""result_commit_s"",""routing_s""],""nested_fields_must_not_be_summed"":true,""nested_in_search_kernel"":[""return_match_s"",""forecast_s""],""transition_decision_s"":""reported_stage_not_added_to_full_compile""}","[{""run_id"":""zac18-knn_n31_transpiled-M4-s0-r0-ba8171758704"",""seed"":0,""status"":""success""},{""run_id"":""zac18-knn_n31_transpiled-M4-s1-r0-57cd838a4e63"",""seed"":1,""status"":""success""},{""run_id"":""zac18-knn_n31_transpiled-M4-s2-r0-44e6c6cb5464"",""seed"":2,""status"":""success""}]",[],"{""additive_wall_clock_stages"":[""initial_placement_s"",""problem_preparation_s"",""search_kernel_s"",""result_commit_s"",""routing_s""],""nested_fields_must_not_be_summed"":true,""nested_in_search_kernel"":[""return_match_s"",""forecast_s""],""transition_decision_s"":""reported_stage_not_added_to_full_compile""}"
zac18,multiply_n13_transpiled,8a6d2f76bca6bb915cf3ac1f9aac19a83963cb57ca850c44065a081f61c03370,13,53,40,success,1,1,1/1,1,1,-0.4512714140964261,0.6368179773441586,False,156.0,0.0,67.0,7328.826981694516,10.038398,8a6d2f76bca6bb915cf3ac1f9aac19a83963cb57ca850c44065a081f61c03370,f24ad6ca676e3f272a6647c496aec6ec8253530677e933bdabd23b8e9c2bbdd3,-0.15607805203903136,-0.0,-0.07878930363851769,,,,,,10.00530982,0.029688708,,0.0,,0.002443552,,,success,1,1,1/1,1,1,-0.46141181166170175,0.6303930207395078,False,168.0,0.0,54.0,6493.361689891683,0.00913725,8a6d2f76bca6bb915cf3ac1f9aac19a83963cb57ca850c44065a081f61c03370,f24ad6ca676e3f272a6647c496aec6ec8253530677e933bdabd23b8e9c2bbdd3,-0.16808405604203377,-0.0,-0.0769236972007909,,,,,,,,,,,,,,success,3,3,3/3,3,3,-0.43094513830608994,0.6498945641133895,False,134.0,5.0,58.0,6369.928155686893,2.784712542,8a6d2f76bca6bb915cf3ac1f9aac19a83963cb57ca850c44065a081f61c03370,f24ad6ca676e3f272a6647c496aec6ec8253530677e933bdabd23b8e9c2bbdd3,-0.1340670447001936,-0.012515651090592385,-0.06795838409642688,0.0,,,,,2.369730583,0.390039083,0.060460836,0.261727499,0.052823916,0.005357981,0.001004786,0.00015312,success,3,3,3/3,3,3,-0.4322476390039374,0.6490486270265224,False,110.0,19.0,45.0,5222.977336197841,11.295493417,8a6d2f76bca6bb915cf3ac1f9aac19a83963cb57ca850c44065a081f61c03370,f24ad6ca676e3f272a6647c496aec6ec8253530677e933bdabd23b8e9c2bbdd3,-0.11005503669418878,-0.04755947414425106,-0.058229069746620524,0.3281363705846782,,,,,2.362063375,8.906598125,0.061748458,8.761828041,0.05016792,0.00445962,0.001654644,1.52479355,"[{""run_id"":""zac18-multiply_n13_transpiled-M1-s0-r0-46c39a44e15a"",""seed"":0,""status"":""success""}]",[],"{""additive_wall_clock_stages"":[""initial_placement_s"",""problem_preparation_s"",""search_kernel_s"",""result_commit_s"",""routing_s""],""nested_fields_must_not_be_summed"":true,""nested_in_search_kernel"":[""return_match_s"",""forecast_s""],""transition_decision_s"":""reported_stage_not_added_to_full_compile""}","[{""run_id"":""zac18-multiply_n13_transpiled-M2-raw-replay-9fcc9a6fbfd1"",""seed"":0,""status"":""success""}]",[],"{""additive_wall_clock_stages"":[""initial_placement_s"",""problem_preparation_s"",""search_kernel_s"",""result_commit_s"",""routing_s""],""nested_fields_must_not_be_summed"":true,""nested_in_search_kernel"":[""return_match_s"",""forecast_s""],""transition_decision_s"":""reported_stage_not_added_to_full_compile""}","[{""run_id"":""zac18-multiply_n13_transpiled-M3-s0-r0-4556bf02522e"",""seed"":0,""status"":""success""},{""run_id"":""zac18-multiply_n13_transpiled-M3-s1-r0-44ed3d466953"",""seed"":1,""status"":""success""},{""run_id"":""zac18-multiply_n13_transpiled-M3-s2-r0-6f0d4d806fca"",""seed"":2,""status"":""success""}]",[],"{""additive_wall_clock_stages"":[""initial_placement_s"",""problem_preparation_s"",""search_kernel_s"",""result_commit_s"",""routing_s""],""nested_fields_must_not_be_summed"":true,""nested_in_search_kernel"":[""return_match_s"",""forecast_s""],""transition_decision_s"":""reported_stage_not_added_to_full_compile""}","[{""run_id"":""zac18-multiply_n13_transpiled-M4-s0-r0-0fab41351122"",""seed"":0,""status"":""success""},{""run_id"":""zac18-multiply_n13_transpiled-M4-s1-r0-c26ca924cfff"",""seed"":1,""status"":""success""},{""run_id"":""zac18-multiply_n13_transpiled-M4-s2-r0-fbeec90917bc"",""seed"":2,""status"":""success""}]",[],"{""additive_wall_clock_stages"":[""initial_placement_s"",""problem_preparation_s"",""search_kernel_s"",""result_commit_s"",""routing_s""],""nested_fields_must_not_be_summed"":true,""nested_in_search_kernel"":[""return_match_s"",""forecast_s""],""transition_decision_s"":""reported_stage_not_added_to_full_compile""}"
zac18,qft_n18_transpiled,2e218cbc6320c2d4600d37ddf2c65f8befcb1d6f62550cd0367b82b62e99979d,18,324,306,success,1,1,1/1,1,1,-2.6834681156087963,0.06832578106574735,False,648.0,0.0,177.0,20318.17476446989,50.655991125,2e218cbc6320c2d4600d37ddf2c65f8befcb1d6f62550cd0367b82b62e99979d,ea50ca664552cb0b109ee3c5304786e566c1536a5a38f5d229c24aeaf023cb39,-0.6483242161621303,-0.0,-0.4040915185254687,,,,,,50.500946999,0.144763333,,0.0,,0.008333921,,,success,1,1,1/1,1,1,-2.7482629341977427,0.06403900461197844,False,684.0,0.0,148.0,20288.537609290932,0.036169666,2e218cbc6320c2d4600d37ddf2c65f8befcb1d6f62550cd0367b82b62e99979d,ea50ca664552cb0b109ee3c5304786e566c1536a5a38f5d229c24aeaf023cb39,-0.6843422281711375,-0.0,-0.43286832510540785,,,,,,,,,,,,,,success,3,3,3/3,3,3,-2.5584841696629157,0.07742201017211578,False,422.0,9.0,190.0,31814.689579945385,10.277930458,2e218cbc6320c2d4600d37ddf2c65f8befcb1d6f62550cd0367b82b62e99979d,ea50ca664552cb0b109ee3c5304786e566c1536a5a38f5d229c24aeaf023cb39,-0.4222111407722515,-0.022528171963066293,-0.49269747934223607,0.0,,,,,8.739130708,1.478749959,0.348196458,0.843394581,0.256271621,0.030652761,0.000968252,0.000471802,success,3,3,3/3,3,3,-2.4147805892748817,0.08938694922566473,False,402.0,7.0,143.0,20623.61469965825,96.448551083,2e218cbc6320c2d4600d37ddf2c65f8befcb1d6f62550cd0367b82b62e99979d,ea50ca664552cb0b109ee3c5304786e566c1536a5a38f5d229c24aeaf023cb39,-0.40220113410058084,-0.017521911526829338,-0.3630009036243715,1.2512660971751544,,,,,8.786166209,87.606548833,0.331349085,86.983052046,0.240718583,0.023389816,0.003742898,36.163173261,"[{""run_id"":""zac18-qft_n18_transpiled-M1-s0-r0-35865fe9c956"",""seed"":0,""status"":""success""}]",[],"{""additive_wall_clock_stages"":[""initial_placement_s"",""problem_preparation_s"",""search_kernel_s"",""result_commit_s"",""routing_s""],""nested_fields_must_not_be_summed"":true,""nested_in_search_kernel"":[""return_match_s"",""forecast_s""],""transition_decision_s"":""reported_stage_not_added_to_full_compile""}","[{""run_id"":""zac18-qft_n18_transpiled-M2-raw-replay-fedc66bcf735"",""seed"":0,""status"":""success""}]",[],"{""additive_wall_clock_stages"":[""initial_placement_s"",""problem_preparation_s"",""search_kernel_s"",""result_commit_s"",""routing_s""],""nested_fields_must_not_be_summed"":true,""nested_in_search_kernel"":[""return_match_s"",""forecast_s""],""transition_decision_s"":""reported_stage_not_added_to_full_compile""}","[{""run_id"":""zac18-qft_n18_transpiled-M3-s0-r0-627f0f1dc9f1"",""seed"":0,""status"":""success""},{""run_id"":""zac18-qft_n18_transpiled-M3-s1-r0-63b838736ae6"",""seed"":1,""status"":""success""},{""run_id"":""zac18-qft_n18_transpiled-M3-s2-r0-2e417e1940c4"",""seed"":2,""status"":""success""}]",[],"{""additive_wall_clock_stages"":[""initial_placement_s"",""problem_preparation_s"",""search_kernel_s"",""result_commit_s"",""routing_s""],""nested_fields_must_not_be_summed"":true,""nested_in_search_kernel"":[""return_match_s"",""forecast_s""],""transition_decision_s"":""reported_stage_not_added_to_full_compile""}","[{""run_id"":""zac18-qft_n18_transpiled-M4-s0-r0-b2fcb951a9a1"",""seed"":0,""status"":""success""},{""run_id"":""zac18-qft_n18_transpiled-M4-s1-r0-bd70d8ac1295"",""seed"":1,""status"":""success""},{""run_id"":""zac18-qft_n18_transpiled-M4-s2-r0-5560e4e77662"",""seed"":2,""status"":""success""}]",[],"{""additive_wall_clock_stages"":[""initial_placement_s"",""problem_preparation_s"",""search_kernel_s"",""result_commit_s"",""routing_s""],""nested_fields_must_not_be_summed"":true,""nested_in_search_kernel"":[""return_match_s"",""forecast_s""],""transition_decision_s"":""reported_stage_not_added_to_full_compile""}"
zac18,qft_n29_transpiled,48d487f623d47c5260515f2e6365544ad923bb136bcca45db7434ff32b49c46e,29,709,680,success,1,1,1/1,1,1,-6.6468254428559845,0.00129813657994704,False,1472.0,0.0,381.0,46359.83813261894,71.3858325,48d487f623d47c5260515f2e6365544ad923bb136bcca45db7434ff32b49c46e,1c20efb84f62c0f6623c3440b69bb181c69b94f316065c420367c826d3288345,-1.4727364910349625,-0.0,-1.5528286004284946,,,,,,71.072633982,0.28907175,,0.0,,0.019761801,,,success,1,1,1/1,1,1,-6.600993650128068,0.0013590169790240652,False,1484.0,0.0,284.0,40515.88185677209,0.069042875,48d487f623d47c5260515f2e6365544ad923bb136bcca45db7434ff32b49c46e,1c20efb84f62c0f6623c3440b69bb181c69b94f316065c420367c826d3288345,-1.484742495037965,-0.0,-1.4949908036975759,,,,,,,,,,,,,,partial,2,3,2/3,2,3,-6.205889155225561,0.002017514127784089,False,880.0,18.5,398.0,60517.1615682752,15.5207084585,48d487f623d47c5260515f2e6365544ad923bb136bcca45db7434ff32b49c46e,1c20efb84f62c0f6623c3440b69bb181c69b94f316065c420367c826d3288345,-0.8804402935535103,-0.04630790903519182,-1.6578806012443326,0.0,,,,,11.951880875499999,3.4298940205,0.8085013510000001,1.892135919,0.6576621825,0.09280049800000001,0.001588622,0.000972379,success,3,3,3/3,3,3,-5.611003907535768,0.0036573958268649965,False,844.0,18.0,219.0,35607.41179912787,189.829545416,48d487f623d47c5260515f2e6365544ad923bb136bcca45db7434ff32b49c46e,1c20efb84f62c0f6623c3440b69bb181c69b94f316065c420367c826d3288345,-0.844422281544503,-0.045056343926132586,-1.096262929338271,2.9935073839770054,,,,,11.932507917,177.780421875,0.732690784,176.425892832,0.587142251,0.060403109,0.006265141,95.263619469,"[{""run_id"":""zac18-qft_n29_transpiled-M1-s0-r0-22319a505248"",""seed"":0,""status"":""success""}]",[],"{""additive_wall_clock_stages"":[""initial_placement_s"",""problem_preparation_s"",""search_kernel_s"",""result_commit_s"",""routing_s""],""nested_fields_must_not_be_summed"":true,""nested_in_search_kernel"":[""return_match_s"",""forecast_s""],""transition_decision_s"":""reported_stage_not_added_to_full_compile""}","[{""run_id"":""zac18-qft_n29_transpiled-M2-raw-replay-94db95b42ba5"",""seed"":0,""status"":""success""}]",[],"{""additive_wall_clock_stages"":[""initial_placement_s"",""problem_preparation_s"",""search_kernel_s"",""result_commit_s"",""routing_s""],""nested_fields_must_not_be_summed"":true,""nested_in_search_kernel"":[""return_match_s"",""forecast_s""],""transition_decision_s"":""reported_stage_not_added_to_full_compile""}","[{""run_id"":""zac18-qft_n29_transpiled-M3-s0-r0-56639fa17e89"",""seed"":0,""status"":""success""},{""run_id"":""zac18-qft_n29_transpiled-M3-s1-r0-ffedc00ae237"",""seed"":1,""status"":""timeout""},{""run_id"":""zac18-qft_n29_transpiled-M3-s2-r0-40728c60acd8"",""seed"":2,""status"":""success""}]",[],"{""additive_wall_clock_stages"":[""initial_placement_s"",""problem_preparation_s"",""search_kernel_s"",""result_commit_s"",""routing_s""],""nested_fields_must_not_be_summed"":true,""nested_in_search_kernel"":[""return_match_s"",""forecast_s""],""transition_decision_s"":""reported_stage_not_added_to_full_compile""}","[{""run_id"":""zac18-qft_n29_transpiled-M4-s0-r0-fd40daa532a6"",""seed"":0,""status"":""success""},{""run_id"":""zac18-qft_n29_transpiled-M4-s1-r0-5b36e93ec065"",""seed"":1,""status"":""success""},{""run_id"":""zac18-qft_n29_transpiled-M4-s2-r0-3cfbc6d5ddc1"",""seed"":2,""status"":""success""}]",[],"{""additive_wall_clock_stages"":[""initial_placement_s"",""problem_preparation_s"",""search_kernel_s"",""result_commit_s"",""routing_s""],""nested_fields_must_not_be_summed"":true,""nested_in_search_kernel"":[""return_match_s"",""forecast_s""],""transition_decision_s"":""reported_stage_not_added_to_full_compile""}"
zac18,seca_n11_transpiled,1c0c891f63a8f0f185b77b9ef66ee242bf6387b1e252edb4f19a63461206d9d3,11,105,80,success,1,1,1/1,1,1,-0.8426289975210782,0.43057704813787323,False,300.0,0.0,109.0,11279.92184091798,10.285368291,1c0c891f63a8f0f185b77b9ef66ee242bf6387b1e252edb4f19a63461206d9d3,715f7c8d0999e66d3e4ced36912dd606fb3268598b3b4f93b192221dd443fa08,-0.3001501000750603,-0.0,-0.10997082561726582,,,,,,10.223461866,0.056418792,,0.0,,0.004089832,,,success,1,1,1/1,1,1,-0.8450131546206348,0.429551707583817,False,304.0,0.0,80.0,10145.655889909369,0.015409875,1c0c891f63a8f0f185b77b9ef66ee242bf6387b1e252edb4f19a63461206d9d3,715f7c8d0999e66d3e4ced36912dd606fb3268598b3b4f93b192221dd443fa08,-0.30415210140939447,-0.0,-0.10835298138248813,,,,,,,,,,,,,,success,3,3,3/3,3,3,-0.8149102962380084,0.4426790355551814,False,290.0,2.0,80.0,7950.83565064839,5.576334458,1c0c891f63a8f0f185b77b9ef66ee242bf6387b1e252edb4f19a63461206d9d3,715f7c8d0999e66d3e4ced36912dd606fb3268598b3b4f93b192221dd443fa08,-0.29014509673922495,-0.005006260436236954,-0.08725086723379435,0.0,,,,,2.393721084,3.148259083,0.101503252,2.917550625,0.091378539,0.00936532,0.003796371,0.00156302,success,3,3,3/3,3,3,-0.8625150008845914,0.4220991664837909,False,206.0,57.0,71.0,8128.616290234231,37.621730666,1c0c891f63a8f0f185b77b9ef66ee242bf6387b1e252edb4f19a63461206d9d3,715f7c8d0999e66d3e4ced36912dd606fb3268598b3b4f93b192221dd443fa08,-0.20610306871820808,-0.1426784224327532,-0.08122543790487806,0.6378003816595051,,,,,2.396882042,35.178071125,0.102003129,34.950716954,0.092523,0.008208275,0.005104163,4.17883752,"[{""run_id"":""zac18-seca_n11_transpiled-M1-s0-r0-e925a318ce48"",""seed"":0,""status"":""success""}]",[],"{""additive_wall_clock_stages"":[""initial_placement_s"",""problem_preparation_s"",""search_kernel_s"",""result_commit_s"",""routing_s""],""nested_fields_must_not_be_summed"":true,""nested_in_search_kernel"":[""return_match_s"",""forecast_s""],""transition_decision_s"":""reported_stage_not_added_to_full_compile""}","[{""run_id"":""zac18-seca_n11_transpiled-M2-raw-replay-403d7a3105f3"",""seed"":0,""status"":""success""}]",[],"{""additive_wall_clock_stages"":[""initial_placement_s"",""problem_preparation_s"",""search_kernel_s"",""result_commit_s"",""routing_s""],""nested_fields_must_not_be_summed"":true,""nested_in_search_kernel"":[""return_match_s"",""forecast_s""],""transition_decision_s"":""reported_stage_not_added_to_full_compile""}","[{""run_id"":""zac18-seca_n11_transpiled-M3-s0-r0-9b04955be4a6"",""seed"":0,""status"":""success""},{""run_id"":""zac18-seca_n11_transpiled-M3-s1-r0-5d2df9372e30"",""seed"":1,""status"":""success""},{""run_id"":""zac18-seca_n11_transpiled-M3-s2-r0-d15085cfe3c2"",""seed"":2,""status"":""success""}]",[],"{""additive_wall_clock_stages"":[""initial_placement_s"",""problem_preparation_s"",""search_kernel_s"",""result_commit_s"",""routing_s""],""nested_fields_must_not_be_summed"":true,""nested_in_search_kernel"":[""return_match_s"",""forecast_s""],""transition_decision_s"":""reported_stage_not_added_to_full_compile""}","[{""run_id"":""zac18-seca_n11_transpiled-M4-s0-r0-c78167c9e253"",""seed"":0,""status"":""success""},{""run_id"":""zac18-seca_n11_transpiled-M4-s1-r0-dd6259ec780f"",""seed"":1,""status"":""success""},{""run_id"":""zac18-seca_n11_transpiled-M4-s2-r0-c82d9ad6f312"",""seed"":2,""status"":""success""}]",[],"{""additive_wall_clock_stages"":[""initial_placement_s"",""problem_preparation_s"",""search_kernel_s"",""result_commit_s"",""routing_s""],""nested_fields_must_not_be_summed"":true,""nested_in_search_kernel"":[""return_match_s"",""forecast_s""],""transition_decision_s"":""reported_stage_not_added_to_full_compile""}"
zac18,swap_test_n25_transpiled,b1c5bd70a94288185fa82fe0b7255b6824cc2bbcf26a896a1d770cd7041d56c3,25,122,84,success,1,1,1/1,1,1,-1.1680604659093918,0.3109694926742771,False,384.0,0.0,133.0,14114.859496635707,8.573803583,b1c5bd70a94288185fa82fe0b7255b6824cc2bbcf26a896a1d770cd7041d56c3,f23f44738b523719bc526386bae4bd68902dd7823ad629787da3a6f03ea93a5d,-0.38419212809607717,-0.0,-0.3262093335373515,,,,,,8.490298033,0.07577075,,0.0,,0.005679369,,,success,1,1,1/1,1,1,-1.142049130390318,0.31916434193060306,False,380.0,0.0,121.0,12259.246676641184,0.027998708,b1c5bd70a94288185fa82fe0b7255b6824cc2bbcf26a896a1d770cd7041d56c3,f23f44738b523719bc526386bae4bd68902dd7823ad629787da3a6f03ea93a5d,-0.3801901267617431,-0.0,-0.30419999935261177,,,,,,,,,,,,,,success,3,3,3/3,3,3,-1.1344217240254912,0.32160804577747276,False,358.0,7.0,130.0,13703.24298989611,3.150721167,b1c5bd70a94288185fa82fe0b7255b6824cc2bbcf26a896a1d770cd7041d56c3,f23f44738b523719bc526386bae4bd68902dd7823ad629787da3a6f03ea93a5d,-0.3581791194229053,-0.017521911526829338,-0.306643390642598,0.0,,,,,2.020782375,1.085645958,0.14569129,0.723912078,0.167938754,0.016052246,0.015539681,0.000366017,success,3,3,3/3,3,3,-1.1548962882874618,0.31509021375457047,False,282.0,58.0,107.0,11727.545413869935,14.010301667,b1c5bd70a94288185fa82fe0b7255b6824cc2bbcf26a896a1d770cd7041d56c3,f23f44738b523719bc526386bae4bd68902dd7823ad629787da3a6f03ea93a5d,-0.2821410940705567,-0.14518155265087165,-0.26991463729007037,0.9047776301393067,,,,,2.044094791,11.897914,0.147619418,11.532942666,0.161830498,0.013152838,0.052038429,2.693638728,"[{""run_id"":""zac18-swap_test_n25_transpiled-M1-s0-r0-34a29b465407"",""seed"":0,""status"":""success""}]",[],"{""additive_wall_clock_stages"":[""initial_placement_s"",""problem_preparation_s"",""search_kernel_s"",""result_commit_s"",""routing_s""],""nested_fields_must_not_be_summed"":true,""nested_in_search_kernel"":[""return_match_s"",""forecast_s""],""transition_decision_s"":""reported_stage_not_added_to_full_compile""}","[{""run_id"":""zac18-swap_test_n25_transpiled-M2-raw-replay-b4dab52e80ea"",""seed"":0,""status"":""success""}]",[],"{""additive_wall_clock_stages"":[""initial_placement_s"",""problem_preparation_s"",""search_kernel_s"",""result_commit_s"",""routing_s""],""nested_fields_must_not_be_summed"":true,""nested_in_search_kernel"":[""return_match_s"",""forecast_s""],""transition_decision_s"":""reported_stage_not_added_to_full_compile""}","[{""run_id"":""zac18-swap_test_n25_transpiled-M3-s0-r0-b5f3dedd7b17"",""seed"":0,""status"":""success""},{""run_id"":""zac18-swap_test_n25_transpiled-M3-s1-r0-ce68bf74767b"",""seed"":1,""status"":""success""},{""run_id"":""zac18-swap_test_n25_transpiled-M3-s2-r0-c29a4b9385f7"",""seed"":2,""status"":""success""}]",[],"{""additive_wall_clock_stages"":[""initial_placement_s"",""problem_preparation_s"",""search_kernel_s"",""result_commit_s"",""routing_s""],""nested_fields_must_not_be_summed"":true,""nested_in_search_kernel"":[""return_match_s"",""forecast_s""],""transition_decision_s"":""reported_stage_not_added_to_full_compile""}","[{""run_id"":""zac18-swap_test_n25_transpiled-M4-s0-r0-91b9aafb6fd7"",""seed"":0,""status"":""success""},{""run_id"":""zac18-swap_test_n25_transpiled-M4-s1-r0-52776a8d4d17"",""seed"":1,""status"":""success""},{""run_id"":""zac18-swap_test_n25_transpiled-M4-s2-r0-966299d0b185"",""seed"":2,""status"":""success""}]",[],"{""additive_wall_clock_stages"":[""initial_placement_s"",""problem_preparation_s"",""search_kernel_s"",""result_commit_s"",""routing_s""],""nested_fields_must_not_be_summed"":true,""nested_in_search_kernel"":[""return_match_s"",""forecast_s""],""transition_decision_s"":""reported_stage_not_added_to_full_compile""}"
zac18,wstate_n27_transpiled,d2cb39ae9b321e8f9cffdc461f673280c0304eb8cfe4803fa00b765f7c2e324d,27,105,52,success,1,1,1/1,1,1,-0.7435117204628506,0.475441363307556,False,216.0,0.0,72.0,7918.0221751245645,6.567518583,d2cb39ae9b321e8f9cffdc461f673280c0304eb8cfe4803fa00b765f7c2e324d,76c8a343ffa170566293d04ad7024de324d987583f6f5333398e01eb72fe585f,-0.21610807205404342,-0.0,-0.23524674763929512,,,,,,6.523715019,0.039895125,,0.0,,0.002811432,,,success,1,1,1/1,1,1,-0.863773066399513,0.42156847197278763,False,308.0,0.0,85.0,9470.240679040502,0.012041708,d2cb39ae9b321e8f9cffdc461f673280c0304eb8cfe4803fa00b765f7c2e324d,76c8a343ffa170566293d04ad7024de324d987583f6f5333398e01eb72fe585f,-0.30815410274372856,-0.0,-0.26346206288627233,,,,,,,,,,,,,,success,3,3,3/3,3,3,-0.7047538806804998,0.49423019888866876,False,168.0,4.0,59.0,8124.390996059082,2.584019458,d2cb39ae9b321e8f9cffdc461f673280c0304eb8cfe4803fa00b765f7c2e324d,76c8a343ffa170566293d04ad7024de324d987583f6f5333398e01eb72fe585f,-0.16808405604203377,-0.010012520872473908,-0.23450040299648012,0.0,,,,,1.760712708,0.788952834,0.076698543,0.579969836,0.083779998,0.008310795,0.000642939,0.000736905,success,3,3,3/3,3,3,-0.6979306872700858,0.4976139580186141,False,158.0,3.0,66.0,8262.121160973533,9.373836542,d2cb39ae9b321e8f9cffdc461f673280c0304eb8cfe4803fa00b765f7c2e324d,76c8a343ffa170566293d04ad7024de324d987583f6f5333398e01eb72fe585f,-0.15807905270619843,-0.00750939065435543,-0.2401853431400198,0.7052444334160098,,,,,1.740829375,7.600822792,0.073887334,7.39601275,0.082189121,0.007654428,0.000983492,3.673037711,"[{""run_id"":""zac18-wstate_n27_transpiled-M1-s0-r0-d365826d6e97"",""seed"":0,""status"":""success""}]",[],"{""additive_wall_clock_stages"":[""initial_placement_s"",""problem_preparation_s"",""search_kernel_s"",""result_commit_s"",""routing_s""],""nested_fields_must_not_be_summed"":true,""nested_in_search_kernel"":[""return_match_s"",""forecast_s""],""transition_decision_s"":""reported_stage_not_added_to_full_compile""}","[{""run_id"":""zac18-wstate_n27_transpiled-M2-raw-replay-6bf82303ed65"",""seed"":0,""status"":""success""}]",[],"{""additive_wall_clock_stages"":[""initial_placement_s"",""problem_preparation_s"",""search_kernel_s"",""result_commit_s"",""routing_s""],""nested_fields_must_not_be_summed"":true,""nested_in_search_kernel"":[""return_match_s"",""forecast_s""],""transition_decision_s"":""reported_stage_not_added_to_full_compile""}","[{""run_id"":""zac18-wstate_n27_transpiled-M3-s0-r0-4a8485df26fc"",""seed"":0,""status"":""success""},{""run_id"":""zac18-wstate_n27_transpiled-M3-s1-r0-8b5f5c357055"",""seed"":1,""status"":""success""},{""run_id"":""zac18-wstate_n27_transpiled-M3-s2-r0-1df09cb4905d"",""seed"":2,""status"":""success""}]",[],"{""additive_wall_clock_stages"":[""initial_placement_s"",""problem_preparation_s"",""search_kernel_s"",""result_commit_s"",""routing_s""],""nested_fields_must_not_be_summed"":true,""nested_in_search_kernel"":[""return_match_s"",""forecast_s""],""transition_decision_s"":""reported_stage_not_added_to_full_compile""}","[{""run_id"":""zac18-wstate_n27_transpiled-M4-s0-r0-1b8fe091212b"",""seed"":0,""status"":""success""},{""run_id"":""zac18-wstate_n27_transpiled-M4-s1-r0-1c0ede94935a"",""seed"":1,""status"":""success""},{""run_id"":""zac18-wstate_n27_transpiled-M4-s2-r0-b161d8a01f1e"",""seed"":2,""status"":""success""}]",[],"{""additive_wall_clock_stages"":[""initial_placement_s"",""problem_preparation_s"",""search_kernel_s"",""result_commit_s"",""routing_s""],""nested_fields_must_not_be_summed"":true,""nested_in_search_kernel"":[""return_match_s"",""forecast_s""],""transition_decision_s"":""reported_stage_not_added_to_full_compile""}"
