dataset,circuit,status,valid,N,valid_over_N,full_compile_s,initial_placement_s,problem_preparation_s,search_kernel_s,result_commit_s,routing_s,transition_decision_s,return_match_s,forecast_s,return_match_and_forecast_nested_in_search_kernel
zac18,bv_n14_transpiled,success,3,3,3/3,2.462009042,1.467444625,0.019221832,0.893289918,0.024765208,0.002137899,0.969270875,0.000781663,0.437711326,True
zac18,bv_n19_transpiled,success,3,3,3/3,3.129863875,1.488279708,0.04289338,1.499625,0.037292542,0.003237009,1.612362959,0.001144284,0.783933845,True
zac18,bv_n30_transpiled,success,3,3,3/3,3.57709925,1.227312958,0.029663209,2.205530457,0.040374127,0.003264427,2.3248675,0.00112838,0.951902756,True
zac18,bv_n70_transpiled,success,3,3,3/3,13.0481745,1.155440459,0.085384004,11.600142957,0.117139456,0.010097742,11.856871875,0.003035632,6.107630989,True
zac18,cat_n22_transpiled,success,3,3,3/3,3.969236,1.732154208,0.051226832,2.079438583,0.045256664,0.003707409,2.2108125,0.001319393,1.016969257,True
zac18,cat_n35_transpiled,success,3,3,3/3,6.500439583,1.803754375,0.071637208,4.441070168,0.089961414,0.006915808,4.652328916,0.002232332,2.155914154,True
zac18,ghz_n23,success,3,3,3/3,4.113965458,1.744100708,0.05552963,2.169513749,0.049351374,0.003879786,2.3354315,0.001395331,1.069727499,True
zac18,ghz_n40_transpiled,success,3,3,3/3,7.798510875,1.815374834,0.086570831,5.70734221,0.107599749,0.008000374,5.95012125,0.002655951,2.759880881,True
zac18,ghz_n78_transpiled,success,3,3,3/3,25.438271417,1.900668125,0.261228665,22.864707337,0.304867249,0.018706799,23.489394791,0.005691575,13.276928815,True
zac18,ising_n42,success,3,3,3/3,22.977443708,1.791873,0.061808583,21.023640125,0.053933208,0.013724804,21.192654209,0.000433824,0.448110098,True
zac18,ising_n98_transpiled,success,3,3,3/3,77.406521916,1.915475959,0.223398876,74.872680375,0.259025584,0.079366207,75.4415675,0.000669216,5.86383855,True
zac18,knn_n31_transpiled,success,3,3,3/3,24.633634875,2.052313167,0.18452233,22.116337667,0.235395627,0.017927885,22.585594041,0.098399467,3.845490471,True
zac18,multiply_n13_transpiled,success,3,3,3/3,11.295493417,2.362063375,0.061748458,8.761828041,0.05016792,0.00445962,8.906598125,0.001654644,1.52479355,True
zac18,qft_n18_transpiled,success,3,3,3/3,96.448551083,8.786166209,0.331349085,86.983052046,0.240718583,0.023389816,87.606548833,0.003742898,36.163173261,True
zac18,qft_n29_transpiled,success,3,3,3/3,189.829545416,11.932507917,0.732690784,176.425892832,0.587142251,0.060403109,177.780421875,0.006265141,95.263619469,True
zac18,seca_n11_transpiled,success,3,3,3/3,37.621730666,2.396882042,0.102003129,34.950716954,0.092523,0.008208275,35.178071125,0.005104163,4.17883752,True
zac18,swap_test_n25_transpiled,success,3,3,3/3,14.010301667,2.044094791,0.147619418,11.532942666,0.161830498,0.013152838,11.897914,0.052038429,2.693638728,True
zac18,wstate_n27_transpiled,success,3,3,3/3,9.373836542,1.740829375,0.073887334,7.39601275,0.082189121,0.007654428,7.600822792,0.000983492,3.673037711,True
qmap154,0410184_169,success,3,3,3/3,25.781795834,2.219505958,0.156885585,23.143240833,0.169815334,0.013415813,23.519329167,0.013298723,4.402913525,True
qmap154,3_17_13,success,3,3,3/3,2.062239834,1.381309708,0.017551624,0.579254541,0.023490666,0.001509428,0.651264959,0.000468806,0.195027133,True
qmap154,4_49_16,success,3,3,3/3,10.255342958,2.141164417,0.137591959,7.731646715,0.165899494,0.010583162,8.072169125,0.004046264,2.385727297,True
qmap154,4gt10-v1_81,success,3,3,3/3,7.675905167,2.320615708,0.098451712,5.116284582,0.109259128,0.007192612,5.357720792,0.002983254,1.638616927,True
qmap154,4gt11_82,success,3,3,3/3,2.696460959,1.841076667,0.032742585,0.747310706,0.022351376,0.001704216,0.833381833,0.000783664,0.261007636,True
qmap154,4gt11_83,success,3,3,3/3,2.325659333,1.700420625,0.029831084,0.520155292,0.019189834,0.001302481,0.602490291,0.000432257,0.181151093,True
qmap154,4gt11_84,success,3,3,3/3,1.707404541,1.37598725,0.010098374,0.25722575,0.012184084,0.000918627,0.309706,0.000236393,0.08105298,True
qmap154,4gt12-v0_86,success,3,3,3/3,14.189549708,2.603369875,0.157968209,11.163407627,0.184380081,0.011980057,11.539446125,0.004629174,3.117157753,True
qmap154,4gt12-v0_87,success,3,3,3/3,13.772890708,2.625877833,0.15230558,10.73067588,0.180601837,0.01183629,11.084809292,0.004511269,2.99922051,True
qmap154,4gt12-v0_88,success,3,3,3/3,9.521524542,2.39908425,0.122541626,6.782956665,0.140197376,0.009572744,7.081943292,0.003140799,2.250915709,True
qmap154,4gt12-v1_89,success,3,3,3/3,11.335089459,2.317181416,0.142492836,8.60109687,0.168818171,0.010917902,8.950342,0.003891924,2.675750229,True
qmap154,4gt13-v1_93,success,3,3,3/3,3.630387458,1.715249125,0.034577457,1.771692502,0.046069421,0.003206491,1.895361209,0.001076274,0.672248265,True
qmap154,4gt13_90,success,3,3,3/3,5.830561167,2.319090625,0.060221333,3.29624629,0.081319957,0.005779266,3.473570375,0.002379821,1.173836958,True
qmap154,4gt13_91,success,3,3,3/3,5.619805375,2.2960495,0.059628372,3.117371126,0.07836904,0.0054245,3.291253459,0.002065933,1.129471931,True
qmap154,4gt13_92,success,3,3,3/3,4.684378042,1.724653792,0.033893206,2.817506876,0.044138,0.003166914,2.929135833,0.001313313,0.691487575,True
qmap154,4gt4-v0_72,success,3,3,3/3,15.169481416,2.632572875,0.158156129,12.100386042,0.183271123,0.011963606,12.479428459,0.004270123,3.205205391,True
qmap154,4gt4-v0_73,success,3,3,3/3,20.18161325,2.649231667,0.234743329,16.871875629,0.311703079,0.020195484,17.473988417,0.007902452,5.200993038,True
qmap154,4gt4-v0_78,success,3,3,3/3,11.134044667,2.621265416,0.14547475,8.176629624,0.178090503,0.011951208,8.522132375,0.004559253,2.823476203,True
qmap154,4gt4-v0_79,success,3,3,3/3,11.075852917,2.478732042,0.140872837,8.246853039,0.168835916,0.011132002,8.594792791,0.004626333,2.744369507,True
qmap154,4gt4-v0_80,success,3,3,3/3,8.515230083,2.379416166,0.114742828,5.815957581,0.130622632,0.00880146,6.098472125,0.003073304,2.082616458,True
qmap154,4gt4-v1_74,success,3,3,3/3,12.567379041,2.908955834,0.170583332,9.173811045,0.206333584,0.013212919,9.591798333,0.005180522,3.23513934,True
qmap154,4gt5_75,success,3,3,3/3,5.565886125,2.169002667,0.045780541,3.221772832,0.058704668,0.00443244,3.36611025,0.001980535,0.899576178,True
qmap154,4gt5_76,success,3,3,3/3,5.567851916,2.16621775,0.054245501,3.231222166,0.070126335,0.004765987,3.39048725,0.002353793,1.096167483,True
qmap154,4gt5_77,success,3,3,3/3,6.114472541,2.014114,0.071596007,3.857097249,0.091910835,0.006368637,4.056752583,0.002433955,1.4574252,True
qmap154,4mod5-bdd_287,success,3,3,3/3,3.68134625,2.076462167,0.040666209,1.445760956,0.050337001,0.003267765,1.569520041,0.000949915,0.575850442,True
qmap154,4mod5-v0_18,success,3,3,3/3,3.530388583,1.979132417,0.037444622,1.409768378,0.04912533,0.003222227,1.528231583,0.001019254,0.528739898,True
qmap154,4mod5-v0_19,success,3,3,3/3,2.47848425,1.686040417,0.020792499,0.683051294,0.025072162,0.00178051,0.758997333,0.000538862,0.249746689,True
qmap154,4mod5-v0_20,success,3,3,3/3,1.938875875,1.557214541,0.010552958,0.304553502,0.013439,0.001177311,0.359150667,0.000261035,0.083151904,True
qmap154,4mod5-v1_22,success,3,3,3/3,1.995278625,1.541557667,0.011517791,0.36947621,0.015001707,0.001281023,0.434932042,0.000328456,0.103678108,True
qmap154,4mod5-v1_23,success,3,3,3/3,3.705832625,1.990301583,0.038705503,1.570655875,0.048143085,0.003245592,1.689506708,0.00092008,0.584312765,True
qmap154,4mod5-v1_24,success,3,3,3/3,3.396911875,1.704138833,0.019118998,1.591094001,0.024256332,0.001801968,1.666384834,0.00089077,0.298185608,True
qmap154,4mod7-v0_94,success,3,3,3/3,8.218328125,2.182765583,0.098175209,5.753698419,0.113184039,0.007787228,6.000075875,0.003099471,1.711972019,True
qmap154,4mod7-v1_96,success,3,3,3/3,7.238017417,2.1629425,0.0835605,4.795704288,0.111033959,0.007630825,5.024422833,0.002530092,1.784626213,True
qmap154,9symml_195,success,3,3,3/3,55.888255667,4.876986459,2.399055913,38.779132198,4.903669174,2.708081007,46.664366042,0.331505032,1.004656067,True
qmap154,C17_204,success,3,3,3/3,22.831481667,3.257280625,0.297467596,18.767751675,0.366109166,0.022870541,19.490044875,0.008902692,6.24980727,True
qmap154,adr4_197,success,3,3,3/3,31.741815375,4.560626667,2.794429607,20.297475939,3.509173082,0.239976883,26.770851375,0.03414055,1.566931204,True
qmap154,aj-e11_165,success,3,3,3/3,7.119988458,2.351068125,0.082429794,4.625142209,0.108129793,0.007168055,4.848438,0.002246981,1.484337301,True
qmap154,alu-bdd_288,success,3,3,3/3,4.485050083,2.307912417,0.062768876,1.992155039,0.060369749,0.004299164,2.150154208,0.001776208,0.745083712,True
qmap154,alu-v0_26,success,3,3,3/3,4.547005625,2.001998542,0.059970539,2.342862248,0.061026668,0.004213333,2.497176917,0.00168189,0.868263815,True
qmap154,alu-v0_27,success,3,3,3/3,3.028276583,1.862425791,0.019141584,1.069376375,0.024428833,0.001789808,1.158218708,0.000746091,0.289174044,True
qmap154,alu-v1_28,success,3,3,3/3,2.888394542,1.849526167,0.020095792,0.938424208,0.025714918,0.002131701,1.01594125,0.000895258,0.291240293,True
qmap154,alu-v1_29,success,3,3,3/3,3.974311667,1.837473792,0.018322209,2.041129333,0.022713542,0.001793623,2.113818125,0.000735468,0.240115553,True
qmap154,alu-v2_30,success,3,3,3/3,24.302415833,2.91492275,0.292304716,20.538943284,0.40851217,0.024362803,21.300545667,0.009336365,6.350448102,True
qmap154,alu-v2_31,success,3,3,3/3,19.183807292,2.173964083,0.24085792,16.321761835,0.325497698,0.021745682,16.946277875,0.009003968,5.346062452,True
qmap154,alu-v2_32,success,3,3,3/3,8.149438833,2.311576875,0.105860505,5.542765665,0.117415042,0.007934809,5.800923916,0.0030298,1.917262724,True
qmap154,alu-v2_33,success,3,3,3/3,3.135815292,1.877752917,0.01898575,1.151173913,0.023899002,0.001877546,1.225587667,0.000788018,0.299285589,True
qmap154,alu-v3_34,success,3,3,3/3,3.40487925,1.882979666,0.029716001,1.396182749,0.037890541,0.002721071,1.496144833,0.001152242,0.487306914,True
qmap154,alu-v3_35,success,3,3,3/3,3.11009625,1.862941166,0.02052775,1.144065501,0.026361543,0.001936197,1.222607958,0.000826546,0.317400916,True
qmap154,alu-v4_36,success,3,3,3/3,6.700686,2.208225542,0.080023547,4.235942453,0.079746583,0.005151033,4.435210083,0.002731843,1.236878341,True
qmap154,alu-v4_37,success,3,3,3/3,3.17884075,1.947668625,0.020356376,1.127919249,0.025696251,0.00188303,1.2069485,0.000788047,0.314403675,True
qmap154,clip_206,success,3,3,3/3,62.563263334,6.685790625,2.662569488,43.398929357,4.704622788,2.558382988,51.496658,0.400773835,1.141582611,True
qmap154,cm152a_212,success,3,3,3/3,75.319409208,2.788646083,1.04083046,70.145524295,1.257842248,0.064379454,72.451585916,0.026696379,18.686624978,True
qmap154,cm42a_207,success,3,3,3/3,16.401784209,3.3469665,1.420169973,9.714343206,1.737756502,0.112672091,12.9756845,0.014292555,0.77153267,True
qmap154,cm82a_208,success,3,3,3/3,33.723411667,3.135235208,0.422257174,29.411079835,0.570673086,0.031996965,30.462401291,0.013255013,8.78901074,True
qmap154,cm85a_209,success,3,3,3/3,52.253730875,5.16149475,6.421160395,27.768937118,10.913379535,0.869436264,45.608841083,0.099616954,1.248171906,True
qmap154,cnt3-5_179,success,3,3,3/3,15.16435575,2.617600583,0.10889596,12.25915504,0.1061995,0.009780645,12.506462834,0.008887481,3.09356641,True
qmap154,cnt3-5_180,success,3,3,3/3,40.464596208,2.85801375,0.276134168,36.897332049,0.350650203,0.023916006,37.584929916,0.010182424,8.403932376,True
qmap154,co14_215,success,3,3,3/3,44.012731084,5.968690625,1.614579041,31.692755182,2.271688763,1.309191704,35.960192333,0.106898746,0.657333051,True
qmap154,con1_216,success,3,3,3/3,54.602802958,3.830562625,0.660685539,49.09722834,0.822864287,0.047190905,50.661753166,0.019285713,14.116627594,True
qmap154,cycle10_2_110,success,3,3,3/3,52.201650667,5.3846515,5.105254887,34.064497925,6.553635994,0.462819576,45.988278625,0.05592012,2.573627118,True
qmap154,dc1_220,success,3,3,3/3,16.951389625,4.054529583,1.484141174,9.218251095,1.861327398,0.115421534,12.673465542,0.015389527,0.766503294,True
qmap154,dc2_222,success,3,3,3/3,57.134854917,5.755408208,6.95657439,31.855041006,11.147601122,0.757658482,50.20525675,0.082878893,1.144551126,True
qmap154,dist_223,success,3,3,3/3,67.939677667,6.330837625,2.923087122,48.185538988,5.100993346,2.993414879,56.868052,0.297529065,1.194679335,True
qmap154,ex-1_166,success,3,3,3/3,1.718362708,1.350788416,0.010060291,0.293751918,0.012065458,0.000864506,0.346619,0.000237086,0.076327848,True
qmap154,ex1_226,success,3,3,3/3,1.76354375,1.493951125,0.005607832,0.203466085,0.006722749,0.000689268,0.246215209,0.000249495,0.045174634,True
qmap154,ex2_227,success,3,3,3/3,28.880950333,3.116153625,0.363069709,24.7539973,0.489020034,0.045990229,25.669523417,0.013525932,8.250799069,True
qmap154,ex3_229,success,3,3,3/3,19.854654333,2.340591875,0.220228412,16.88273996,0.313640502,0.018955469,17.458333875,0.007123367,4.758790522,True
qmap154,f2_232,success,3,3,3/3,55.960038833,3.230280375,0.744115376,50.645092005,1.039760626,0.080310106,52.509064708,0.0228684,16.610512024,True
qmap154,graycode6_47,success,3,3,3/3,1.763764625,1.517180291,0.005888874,0.182573667,0.006933875,0.00074029,0.228678709,0.000242048,0.042798517,True
qmap154,ground_state_estimation_10,success,3,3,3/3,0.887995,0.8137015,0.002387291,0.019991249,0.002262416,0.000164986,0.054841458,7.753e-06,7.791e-06,True
qmap154,ham15_107,success,3,3,3/3,61.21016825,5.662986,7.476338584,35.248085914,11.569647365,0.674404383,54.503643334,0.088246635,1.174578647,True
qmap154,ham3_102,success,3,3,3/3,1.7717355,1.374347917,0.0095735,0.323644085,0.011724248,0.00085783,0.37569575,0.000235957,0.083349692,True
qmap154,ham7_104,success,3,3,3/3,15.175325959,2.788559625,0.208008833,11.851711999,0.257036376,0.016463041,12.356548667,0.006688593,3.859443338,True
qmap154,hwb4_49,success,3,3,3/3,9.774428667,2.330329292,0.146364627,7.038359582,0.177003253,0.010929346,7.401756417,0.004422114,2.500366864,True
qmap154,hwb5_53,success,3,3,3/3,9.7995055,2.959473584,0.796682957,4.694286458,1.048298306,0.089428425,6.666652792,0.011372157,0.519052667,True
qmap154,hwb6_56,success,3,3,3/3,35.301427208,3.368673583,4.213261713,19.451336901,7.289517931,0.445435047,31.12141275,0.059854398,0.73205239,True
qmap154,hwb7_59,success,3,3,3/3,33.803035917,3.898156167,1.477900678,21.767764088,3.311338409,1.632796764,26.914935167,0.109728925,0.581888243,True
qmap154,hwb8_113,success,3,3,3/3,94.308538167,4.357177042,4.491574525,66.18864887,9.45274812,5.34132719,81.37184925,0.41780405,1.752863283,True
qmap154,hwb9_119,success,3,3,3/3,277.086848208,4.786367666,13.34648918,199.109972896,28.659687839,16.557722092,244.56258675,1.019698265,4.60153736,True
qmap154,inc_237,success,3,3,3/3,70.307999,5.432234333,9.840254374,38.742691043,14.740072938,0.86069417,63.589892625,0.085162476,1.270763497,True
qmap154,ising_model_10,success,3,3,3/3,27.967612542,1.608112083,0.080887748,26.201390668,0.056825999,0.006317139,26.372489666,0.001458838,6.261188184,True
qmap154,ising_model_13,success,3,3,3/3,25.322352875,1.632612834,0.105980044,23.4033,0.073730085,0.009179592,23.624775834,0.001076617,11.618673324,True
qmap154,ising_model_16,success,3,3,3/3,137.873242042,1.6975,0.129854459,135.858709249,0.094469125,0.028779507,136.134755708,0.003084588,48.795223686,True
qmap154,life_238,success,3,3,3/3,36.442228041,5.279521417,1.470831268,23.49969883,3.05261265,1.542482615,28.412618959,0.109144727,0.567664447,True
qmap154,majority_239,success,3,3,3/3,32.431877875,2.969962667,0.407072211,28.334052752,0.544908043,0.033548117,29.3559885,0.01440109,8.928461555,True
qmap154,max46_240,success,3,3,3/3,47.54983025,5.072956458,1.990489895,32.76927333,3.815496782,2.028671026,39.06484975,0.244234464,0.863606185,True
qmap154,miller_11,success,3,3,3/3,2.505828,1.42696875,0.041905961,0.913311041,0.03385129,0.002102375,1.023845,0.000610671,0.306104754,True
qmap154,mini-alu_167,success,3,3,3/3,13.506933667,2.331462459,0.171853583,10.6828615,0.211138751,0.014639139,11.106901292,0.005047125,3.552733337,True
qmap154,mini_alu_305,success,3,3,3/3,17.744182334,2.860591625,0.100669295,14.639983167,0.118011579,0.008857965,14.887632584,0.00329973,3.429555758,True
qmap154,misex1_241,success,3,3,3/3,53.397860166,4.7700855,5.631597851,35.367790376,6.831274788,0.327486753,48.096601209,0.040285041,2.029725312,True
qmap154,mlp4_245,success,3,3,3/3,34.808625542,6.059131333,1.337192587,22.016223791,2.631856615,1.354569674,26.508678958,0.085616664,0.516785792,True
qmap154,mod10_171,success,3,3,3/3,12.09843325,2.314220833,0.14864008,9.379375541,0.177483915,0.011480808,9.742562458,0.004041331,2.695568285,True
qmap154,mod10_176,success,3,3,3/3,9.832251875,2.287483208,0.107634378,7.239192086,0.125771543,0.008272409,7.507265708,0.00388076,2.026802887,True
qmap154,mod5adder_127,success,3,3,3/3,24.808421917,2.746005292,0.324123336,21.186146758,0.416178747,0.026095152,21.991704416,0.009676991,6.970745235,True
qmap154,mod5d1_63,success,3,3,3/3,2.962425959,1.520357458,0.013595708,1.34490175,0.029898833,0.001373529,1.4205815,0.000640563,0.174062338,True
qmap154,mod5d2_64,success,3,3,3/3,3.38357075,2.029620833,0.031696627,1.216395458,0.056507334,0.002841473,1.337853625,0.000919938,0.538117395,True
qmap154,mod5mils_65,success,3,3,3/3,2.481888958,1.673819667,0.033305459,0.69516296,0.024379291,0.001744509,0.785166916,0.000531811,0.259433149,True
qmap154,mod8-10_177,success,3,3,3/3,19.115998709,2.746246583,0.246695203,15.641170121,0.350506425,0.020508051,16.299831792,0.007501686,5.165014156,True
qmap154,mod8-10_178,success,3,3,3/3,17.106489125,2.4749495,0.204879458,14.055494507,0.270185667,0.017195225,14.575384084,0.006648308,4.136085554,True
qmap154,one-two-three-v0_97,success,3,3,3/3,13.208322167,2.328893084,0.167295875,10.42344766,0.204162792,0.013374329,10.832690167,0.005781614,3.246322352,True
qmap154,one-two-three-v0_98,success,3,3,3/3,7.0249635,2.304831375,0.092410043,4.451218338,0.102632627,0.006981611,4.680700833,0.002684191,1.553944418,True
qmap154,one-two-three-v1_99,success,3,3,3/3,6.829196625,2.132808042,0.076592667,4.434350998,0.100299042,0.006283998,4.65037475,0.002438708,1.378716934,True
qmap154,one-two-three-v2_100,success,3,3,3/3,5.342229083,1.897744709,0.038131791,3.361518624,0.048831671,0.003401995,3.480670167,0.001690691,0.703940525,True
qmap154,one-two-three-v3_101,success,3,3,3/3,5.536319958,2.027363958,0.036245419,3.365127165,0.048024666,0.003694296,3.481994333,0.00175024,0.693175241,True
qmap154,plus63mod4096_163,success,3,3,3/3,182.991375417,6.116321625,7.779470392,134.58616004,16.872164165,10.010537624,161.055807083,0.728652166,3.026640718,True
qmap154,plus63mod8192_164,success,3,3,3/3,262.741529334,6.683325208,11.383725194,192.469099853,24.947031515,15.297534943,232.304899875,0.958342836,4.112308766,True
qmap154,pm1_249,success,3,3,3/3,16.425056375,3.299336625,1.363658258,9.764158714,1.654069255,0.110901594,12.908162625,0.013328907,0.750195724,True
qmap154,qe_qft_4,success,3,3,3/3,2.800615791,1.698718959,0.035019124,0.976993747,0.024037916,0.001737356,1.072418417,0.000398574,0.192687276,True
qmap154,qe_qft_5,success,3,3,3/3,2.277351209,1.5495615,0.038417962,0.640984585,0.024083959,0.001559973,0.724026916,0.000373012,0.179865836,True
qmap154,qft_10,success,3,3,3/3,0.000122333,2.7895e-05,0.0,0.0,0.0,0.0,0.0,0.0,0.0,True
qmap154,qft_16,success,3,3,3/3,0.000137459,3.4094e-05,0.0,0.0,0.0,0.0,0.0,0.0,0.0,True
qmap154,radd_250,success,3,3,3/3,26.754564875,4.750928916,2.390520457,16.022495169,3.044078294,0.218659163,21.596824708,0.02897122,1.324393972,True
qmap154,rd32-v0_66,success,3,3,3/3,2.150609125,1.623782834,0.01451904,0.442636042,0.017411667,0.00127387,0.50568175,0.000345347,0.152572744,True
qmap154,rd32-v1_68,success,3,3,3/3,2.140546042,1.61805925,0.014263082,0.439212499,0.017219211,0.00129509,0.505320625,0.000342665,0.151412985,True
qmap154,rd32_270,success,3,3,3/3,3.930416042,2.151061834,0.042810792,1.617011003,0.054923458,0.003570318,1.747778791,0.001105851,0.692997309,True
qmap154,rd53_130,success,3,3,3/3,53.206228583,3.373579042,0.614921754,48.241955288,0.844380741,0.049133062,49.768901792,0.021179943,13.63353478,True
qmap154,rd53_131,success,3,3,3/3,23.089204375,2.882746208,0.267323038,19.463135462,0.358998619,0.022763968,20.143848958,0.011070616,5.750964816,True
qmap154,rd53_133,success,3,3,3/3,25.565573083,3.027556167,0.337251921,21.574345077,0.466732047,0.042669535,22.440232083,0.012681313,7.405216765,True
qmap154,rd53_135,success,3,3,3/3,15.722232917,2.806721125,0.182840046,12.53094458,0.221221296,0.015119314,12.98582925,0.005579688,3.941991169,True
qmap154,rd53_138,success,3,3,3/3,9.8970835,2.67139625,0.071302086,7.007511831,0.082481543,0.006303787,7.194903792,0.002097896,1.76704663,True
qmap154,rd53_251,success,3,3,3/3,58.072594542,3.584872875,0.815090426,52.380028417,1.102148961,0.061193466,54.411031209,0.022919569,16.276252416,True
qmap154,rd53_311,success,3,3,3/3,25.294811333,3.214235584,0.180564875,21.610442661,0.208829539,0.015119553,22.032834542,0.006302438,4.925085422,True
qmap154,rd73_140,success,3,3,3/3,18.299184584,3.017669209,0.135816626,14.91101654,0.1470045,0.010634899,15.23090425,0.003665334,3.481068064,True
qmap154,rd73_252,success,3,3,3/3,46.323917167,4.627905625,4.481234667,31.082120161,5.447274608,0.347719431,41.22650625,0.044229324,2.11422881,True
qmap154,rd84_142,success,3,3,3/3,75.094224042,3.188645125,0.186298791,71.403644122,0.221069585,0.016839504,71.859043875,0.009127172,8.992478164,True
qmap154,rd84_253,success,3,3,3/3,80.407217458,5.29287125,8.96454186,49.417207382,14.819711709,1.044068575,73.500755084,0.121121954,1.664354316,True
qmap154,root_255,success,3,3,3/3,32.928770083,6.032872167,1.22281447,21.311086638,2.123382177,1.193032026,24.90478725,0.080199492,0.483804797,True
qmap154,sao2_257,success,3,3,3/3,85.042804167,5.489614833,2.929964994,66.304355594,4.946851424,2.827148914,74.770272459,0.353501172,1.239687075,True
qmap154,sf_274,success,3,3,3/3,34.522146,2.486768459,0.477983695,30.777045515,0.630066367,0.035727739,31.945859292,0.012909062,9.013075985,True
qmap154,sf_276,success,3,3,3/3,34.57773425,2.482702291,0.484840246,30.746446542,0.659641965,0.036365986,31.975214625,0.013332671,9.016070151,True
qmap154,sqn_258,success,3,3,3/3,70.874524417,4.634365208,9.42623333,41.691477129,13.902672097,0.765092373,64.827696166,0.083616677,1.222600028,True
qmap154,sqrt8_260,success,3,3,3/3,28.107859917,4.405268417,2.540315556,17.415341461,3.165027524,0.186342001,23.38597625,0.026627724,1.267957067,True
qmap154,squar5_261,success,3,3,3/3,18.46251775,4.329483084,1.483613237,10.485200333,1.910526915,0.119918108,13.918375208,0.015789739,0.843198981,True
qmap154,square_root_7,success,3,3,3/3,66.385860042,3.366528375,6.623052725,44.457101813,10.399205294,0.580763817,62.177762958,0.074546501,1.094740226,True
qmap154,sym10_262,success,3,3,3/3,101.186937333,5.353194791,4.711353682,72.654974776,8.881520007,4.814172983,87.504623417,0.459619927,1.811963187,True
qmap154,sym6_145,success,3,3,3/3,36.961650875,3.392749875,3.646236553,24.509804099,4.805568403,0.233570337,33.13872075,0.038690106,1.52733727,True
qmap154,sym6_316,success,3,3,3/3,20.780446875,3.054410291,0.185488791,17.20579554,0.208117964,0.014023542,17.655351667,0.005823204,4.362363666,True
qmap154,sym9_146,success,3,3,3/3,28.598268917,3.121812875,0.187606082,24.965261463,0.228544709,0.0152421,25.42901575,0.00544702,4.770503042,True
qmap154,sym9_148,success,3,3,3/3,32.287679041,4.618403125,1.45736167,20.35717094,2.948136444,1.542567968,25.107514917,0.098097839,0.531581121,True
qmap154,sym9_193,success,3,3,3/3,56.154904583,4.868361333,2.422952432,38.964347788,4.986136351,2.671266794,47.018642459,0.348488759,0.996285881,True
qmap154,sys6-v0_111,success,3,3,3/3,20.485748125,2.958474417,0.128563958,17.198012584,0.126849292,0.010466576,17.48923475,0.004177478,3.92734863,True
qmap154,urf1_149,success,3,3,3/3,202.102819667,4.252131958,9.507677579,140.436437718,24.125500643,13.194634199,176.065419208,0.69612537,3.04774514,True
qmap154,urf1_278,success,3,3,3/3,90.034521916,4.386019916,4.238114851,64.772138044,8.105199455,4.721325636,78.133101166,0.382639512,1.857599497,True
qmap154,urf2_152,success,3,3,3/3,98.915044333,3.88040525,4.667362609,67.902344839,11.25078707,5.559220552,85.26750475,0.335446084,1.686052252,True
qmap154,urf2_277,success,3,3,3/3,35.023161209,3.837914791,1.438127736,23.557451285,2.972702854,1.687375307,28.441677666,0.119957992,0.66411221,True
qmap154,urf3_155,success,3,3,3/3,482.405595833,4.898173458,23.24605657,339.269148962,59.297006298,31.627114773,428.048820625,1.60490282,7.438446511,True
qmap154,urf3_279,success,3,3,3/3,202.657949791,4.773086459,9.394129667,148.69949787,18.620559671,12.124199629,179.078710208,0.767432525,3.644623917,True
qmap154,urf4_187,timeout,0,3,0/3,,,,,,,,,,True
qmap154,urf5_158,success,3,3,3/3,174.587370417,4.270669583,8.011730454,121.060094174,20.71559979,11.540947437,151.695053333,0.626594993,2.669370872,True
qmap154,urf5_280,success,3,3,3/3,78.170237042,4.359871417,3.692856012,55.110889597,7.17489814,3.96124506,67.296301916,0.321377542,1.547534106,True
qmap154,urf6_160,success,3,3,3/3,219.812426125,6.89091225,9.495523985,158.184089654,22.974063766,12.013818979,193.360370167,0.735426541,3.039854796,True
qmap154,wim_266,success,3,3,3/3,51.413765,3.333695333,0.615258658,46.473598201,0.843975091,0.047846794,47.948218166,0.019146549,13.805654602,True
qmap154,xor5_254,success,3,3,3/3,1.76144,1.490110667,0.005582458,0.206911877,0.006855916,0.000763893,0.250422292,0.000247657,0.046574509,True
qmap154,z4_268,success,3,3,3/3,29.255891666,4.183539959,2.408352181,18.936616625,3.204351461,0.184422016,24.7002095,0.030870935,1.379974724,True
