dataset,circuit,strict_paired,baseline_method,baseline_log_fidelity,baseline_fidelity,M4_log_fidelity,M4_fidelity,M4_minus_Bstar_delta_logF,M4_over_Bstar_ratio,M4_valid_over_N
zac18,bv_n14_transpiled,True,M1,-0.1683324807506382,0.8450728175261345,-0.16340173516008066,0.8492499463115744,0.004930745590557534,1.004942921720838,3/3
zac18,bv_n19_transpiled,True,M2,-0.2500411941753283,0.7787687016761891,-0.24524900214731077,0.7825096673937727,0.004792192028017506,1.0048036929444286,3/3
zac18,bv_n30_transpiled,True,M1,-0.298091777808285,0.7422332160838934,-0.2898743300224668,0.7483576077531813,0.008217447785818177,1.00825130368269,3/3
zac18,bv_n70_transpiled,True,M2,-0.9461604051699807,0.38822880670334686,-0.9740874087803668,0.3775367331081053,-0.027927003610386136,0.9724593502320614,3/3
zac18,cat_n22_transpiled,True,M1,-0.28907146487412205,0.748958679252337,-0.28198557107220723,0.754284567972137,0.007085893801914822,1.0071110581495855,3/3
zac18,cat_n35_transpiled,True,M1,-0.5628382950739362,0.5695901026084134,-0.5589357278997203,0.5718173093308323,0.0039025671742158874,1.003910192105199,3/3
zac18,ghz_n23,True,M1,-0.3053938385585491,0.7368331239440451,-0.29990218795649426,0.7408906851696411,0.005491650602054865,1.0055067573562344,3/3
zac18,ghz_n40_transpiled,True,M1,-0.689789651890475,0.501681585741194,-0.6973352816070872,0.4979103284087543,-0.007545629716612212,0.9924827670785086,3/3
zac18,ghz_n78_transpiled,True,M1,-1.92416818318923,0.1459971492441792,-1.9252362554515645,0.14584129698424558,-0.0010680722623344074,0.9989324979238263,3/3
zac18,ising_n42,True,M2,-0.9537143192525456,0.38530720829738546,-0.8753618368828655,0.4167112109104556,0.07835248236968007,1.0815038025160228,3/3
zac18,ising_n98_transpiled,True,M2,-2.925561387972291,0.05363457365495845,-2.89509118178934,0.055293983060508846,0.030470206182950932,1.0309391739780704,3/3
zac18,knn_n31_transpiled,True,M2,-1.529497495402812,0.21664450482767328,-1.5491415844405823,0.2124302490126658,-0.019644089037770263,0.9805475988492778,3/3
zac18,multiply_n13_transpiled,True,M1,-0.4512714140964261,0.6368179773441586,-0.4322476390039374,0.6490486270265224,0.019023775092488704,1.0192058800434178,3/3
zac18,qft_n18_transpiled,True,M1,-2.6834681156087963,0.06832578106574735,-2.4147805892748817,0.08938694922566473,0.2686875263339146,1.3082462846586562,3/3
zac18,qft_n29_transpiled,False,M2,-6.600993650128068,0.0013590169790240652,-5.611003907535768,0.0036573958268649965,,,3/3
zac18,seca_n11_transpiled,True,M1,-0.8426289975210782,0.43057704813787323,-0.8625150008845914,0.4220991664837909,-0.019886003363513205,0.9803104190277983,3/3
zac18,swap_test_n25_transpiled,True,M2,-1.142049130390318,0.31916434193060306,-1.1548962882874618,0.31509021375457047,-0.012847157897143857,0.9872350145652597,3/3
zac18,wstate_n27_transpiled,True,M1,-0.7435117204628506,0.475441363307556,-0.6979306872700858,0.4976139580186141,0.04558103319276485,1.0466358134193616,3/3
qmap154,0410184_169,True,M2,-1.2227475934294427,0.29442010782334455,-1.2087729371994698,0.2985634108058511,0.01397465622997296,1.0140727581860425,3/3
qmap154,3_17_13,True,M1,-0.17034184183776974,0.8433764659529815,-0.17242426712876793,0.8416220248507202,-0.0020824252909981966,0.9979197414522601,3/3
qmap154,4_49_16,True,M1,-1.019697399322453,0.3607040729572892,-1.033320052386165,0.35582364418098095,-0.01362265306371202,0.9864697153644669,3/3
qmap154,4gt10-v1_81,True,M2,-0.6928633620415361,0.5001419293993478,-0.7095903606414289,0.4918456355303221,-0.016726998599892795,0.9834121208773894,3/3
qmap154,4gt11_82,True,M2,-0.15490465070448334,0.8564968399606243,-0.15203471938214563,0.8589584577164673,0.0028699313223377043,1.0028740535177645,3/3
qmap154,4gt11_83,True,M1,-0.13471198464705628,0.8739675915268008,-0.13363295757629307,0.8749111351800528,0.001079027070763211,1.0010796094299146,3/3
qmap154,4gt11_84,True,M1,-0.09777551096426074,0.9068524593392224,-0.09375396131137584,0.9105067545721256,0.004021549652884898,1.0040296469345917,3/3
qmap154,4gt12-v0_86,True,M1,-1.191131602099132,0.30387720135344487,-1.2078628094646042,0.2988352653390513,-0.016731207365472178,0.9834079819350146,3/3
qmap154,4gt12-v0_87,True,M1,-1.1755668030576623,0.3086439897431713,-1.1922113774799135,0.30354925931637433,-0.0166445744222512,0.9834931811533528,3/3
qmap154,4gt12-v0_88,True,M1,-0.9076244419071995,0.4034815803891876,-0.9228753365457945,0.3973748105337814,-0.01525089463859497,0.9848648113018796,3/3
qmap154,4gt12-v1_89,True,M1,-1.0795317472434995,0.3397545794216961,-1.079289750364866,0.33983680891865714,0.00024199687863357688,1.0002420261622404,3/3
qmap154,4gt13-v1_93,True,M1,-0.31535269560997403,0.7295315263223074,-0.3208487781177351,0.7255329591545231,-0.005496082507761069,0.9945189933217256,3/3
qmap154,4gt13_90,True,M1,-0.507262232397826,0.6021418486770534,-0.5150267861612942,0.5974845900852876,-0.007764553763468185,0.9922655125166966,3/3
qmap154,4gt13_91,True,M1,-0.48824290718419255,0.6137037818783082,-0.49550715182366045,0.6092618406774977,-0.007264244639467898,0.9927620762133557,3/3
qmap154,4gt13_92,True,M1,-0.32393434926017145,0.7232977258519813,-0.32061614684514006,0.725701760443589,0.0033182024150313905,1.0033237137428794,3/3
qmap154,4gt4-v0_72,True,M1,-1.1959164521424395,0.30242666757416814,-1.2123611722612742,0.29749401487642096,-0.016444720118834688,0.9836897561405114,3/3
qmap154,4gt4-v0_73,True,M1,-1.8895701116203982,0.15113676681281427,-1.926855666993057,0.14560531103544028,-0.03728555537265876,0.9634009917373394,3/3
qmap154,4gt4-v0_78,True,M1,-1.124954956677465,0.3246670911134975,-1.1406868044178404,0.3195994441113112,-0.015731847740375393,0.9843912514052287,3/3
qmap154,4gt4-v0_79,True,M1,-1.0905217419842788,0.33604112119973767,-1.1039912788254134,0.3315451502354098,-0.01346953684113461,0.9866207714452436,3/3
qmap154,4gt4-v0_80,True,M2,-0.8431414559969747,0.43035645180808557,-0.854221921165048,0.4256142237001521,-0.011080465168073372,0.9889806970756227,3/3
qmap154,4gt4-v1_74,True,M1,-1.2772678071149082,0.27879799069030436,-1.295718900023959,0.2737010299108275,-0.018451092909050892,0.9817180863934608,3/3
qmap154,4gt5_75,True,M1,-0.40506554924446025,0.6669330924653196,-0.41042138768954173,0.6633706550038613,-0.005355838445081473,0.9946584784865155,3/3
qmap154,4gt5_76,True,M1,-0.4676786360093316,0.6264548113306613,-0.47258005371391043,0.6233918072905074,-0.004901417704578803,0.9951105746420117,3/3
qmap154,4gt5_77,True,M1,-0.6093838162416683,0.5436857762266762,-0.6145115650308501,0.5409050277288421,-0.005127748789181874,0.9948853756720779,3/3
qmap154,4mod5-bdd_287,True,M1,-0.33402425996439006,0.7160364109986639,-0.3364825085279968,0.7142783772471228,-0.0024582485636067686,0.997544770455054,3/3
qmap154,4mod5-v0_18,True,M1,-0.3145816810321812,0.7300942226597257,-0.32217930024842,0.7245682634126596,-0.0075976192162388045,0.9924311697373318,3/3
qmap154,4mod5-v0_19,True,M1,-0.170547369897112,0.843203146236282,-0.17255500906463783,0.8415119967507206,-0.002007639167525832,0.9979943747919942,3/3
qmap154,4mod5-v0_20,True,M2,-0.10749308743085022,0.8980827304883225,-0.10384146028837617,0.9013681887466415,0.003651627142474051,1.0036583024556462,3/3
qmap154,4mod5-v1_22,True,M2,-0.11796679073972008,0.8887255660431952,-0.11424601309145868,0.8920384757429038,0.0037207776482613975,1.003727708334597,3/3
qmap154,4mod5-v1_23,True,M1,-0.34302242896852375,0.7096222952855918,-0.33929556000112004,0.7122718988923818,0.003726868967403707,1.0037338223790218,3/3
qmap154,4mod5-v1_24,True,M1,-0.1744469263631836,0.8399214307312504,-0.1767963355011509,0.8379504278993637,-0.002349409137967301,0.9976533485636023,3/3
qmap154,4mod7-v0_94,True,M1,-0.7334460177646025,0.48025118120940175,-0.7500803187600423,0.47232861436881496,-0.016634300995439832,0.9835032850504696,3/3
qmap154,4mod7-v1_96,True,M2,-0.7388257465277657,0.4776744972610995,-0.7405012510858636,0.4768748215808535,-0.001675504558097951,0.9983258983160475,3/3
qmap154,9symml_195,False,,,,,,,,3/3
qmap154,C17_204,True,M1,-2.227538377237805,0.10779345062340649,-2.2519252501806615,0.1051964998962027,-0.024386872942856463,0.9759080842835558,3/3
qmap154,adr4_197,True,M2,-18.353536732217023,1.0694494803608008e-08,-18.02734216461339,1.4819200519097689e-08,0.32619456760363263,1.3856849520463677,3/3
qmap154,aj-e11_165,True,M1,-0.7218716567770166,0.485842074840411,-0.7265987196756171,0.48355088835157856,-0.004727062898600476,0.9952840920795404,3/3
qmap154,alu-bdd_288,True,M1,-0.422891534581944,0.6551496903431628,-0.42295324997486905,0.6551092587702366,-6.171539292504358e-05,0.9999382865114307,3/3
qmap154,alu-v0_26,True,M1,-0.4025390375777094,0.6686202371022227,-0.40752625909477885,0.6652939811509462,-0.004987221517069429,0.9950251940239013,3/3
qmap154,alu-v0_27,True,M2,-0.18764124771350812,0.8289120279825818,-0.1852929283963691,0.8308608654608615,0.002348319317139025,1.0023510787785561,3/3
qmap154,alu-v1_28,True,M2,-0.1939751959858568,0.8236783345442589,-0.19308514439090502,0.8244117771120919,0.0008900515949517851,1.000890447808414,3/3
qmap154,alu-v1_29,True,M2,-0.1876287022083499,0.8289224271679358,-0.18289536957264174,0.8328552931836507,0.0047333326357081595,1.0047445525501726,3/3
qmap154,alu-v2_30,True,M2,-2.36544210357375,0.09390777422713913,-2.406376690324541,0.09014131347512333,-0.04093458675079109,0.9598919175434221,3/3
qmap154,alu-v2_31,True,M2,-2.084146932950308,0.12441320771749874,-2.113823010568032,0.12077535724979412,-0.029676077617723617,0.9707599334954455,3/3
qmap154,alu-v2_32,True,M1,-0.764069766854028,0.4657670014178625,-0.7700047186081488,0.4630108835391455,-0.005934951754120732,0.9940826252818964,3/3
qmap154,alu-v2_33,True,M2,-0.18927841330536557,0.8275560719967991,-0.1847120843452172,0.8313436062368811,0.004566328960148386,1.0045767705273951,3/3
qmap154,alu-v3_34,True,M1,-0.2578340538836516,0.7727234519237015,-0.26002617690967733,0.7710314023200199,-0.0021921230260257274,0.9978102779209441,3/3
qmap154,alu-v3_35,True,M2,-0.1972327764922202,0.8209995016839294,-0.1952017077560733,0.8226687026613304,0.002031068736146918,1.0020331327534029,3/3
qmap154,alu-v4_36,True,M2,-0.5250477090644752,0.591527142487021,-0.5291554741321909,0.5891022717638499,-0.004107765067715707,0.9959006602588414,3/3
qmap154,alu-v4_37,True,M2,-0.19722252548289768,0.8210079178006117,-0.1952017077560733,0.8226687026613304,0.0020208177268243865,1.0020228609550657,3/3
qmap154,clip_206,False,,,,,,,,3/3
qmap154,cm152a_212,True,M1,-6.309126918227293,0.0018196212240130219,-6.267193297874192,0.0018975469652627263,0.04193362035310155,1.0428252540810914,3/3
qmap154,cm42a_207,True,M1,-9.344997483238087,8.740155504028818e-05,-9.248032160922827,9.630097053914908e-05,0.09696532231525978,1.1018221643168553,3/3
qmap154,cm82a_208,True,M1,-3.12461020746409,0.04395406325046809,-3.156780681775211,0.04256254312848372,-0.032170474311120856,0.9683414906591244,3/3
qmap154,cm85a_209,True,M2,-76.2492748271018,7.679990688283448e-34,-66.36014327873177,1.5141048679352685e-29,9.889131548370031,19714.931038200066,3/3
qmap154,cnt3-5_179,True,M2,-0.9413076982877855,0.390117345862929,-0.9249729706655057,0.3965421372002078,0.016334727622279832,1.0164688686760834,3/3
qmap154,cnt3-5_180,True,M1,-2.525853743502063,0.07998999269046161,-2.514788594809059,0.080880008853195,0.011065148693004012,1.01112659387503,3/3
qmap154,co14_215,False,,,,,,,,3/3
qmap154,con1_216,True,M1,-4.650991974925948,0.009552121763997648,-4.679054107089913,0.009287794992851255,-0.02806213216396447,0.9723279520846716,3/3
qmap154,cycle10_2_110,True,M2,-32.847011960652104,5.429051463555087e-15,-31.79534303814532,1.5540248825766017e-14,1.051668922506785,2.86242429825667,3/3
qmap154,dc1_220,True,M1,-9.606847870015686,6.726652330118368e-05,-9.60354833233653,6.748883829601855e-05,0.0032995376791564723,1.0033049871455295,3/3
qmap154,dc2_222,False,,,,-54.57516883619573,1.9874917083958927e-24,,,3/3
qmap154,dist_223,False,,,,,,,,3/3
qmap154,ex-1_166,True,M1,-0.0939468243806971,0.9103311683773916,-0.09419752016689383,0.9101029807934639,-0.00025069578619672794,0.999749335635366,3/3
qmap154,ex1_226,True,M1,-0.055260671302234214,0.946238458591237,-0.05090542252444232,0.9503685497403696,0.0043552487777918925,1.004364746657287,3/3
qmap154,ex2_227,True,M1,-3.005721752192257,0.04950301252382014,-3.031637852203044,0.04823656902115099,-0.025916100010787257,0.9744168397416267,3/3
qmap154,ex3_229,True,M1,-1.860104590125521,0.15565634939947603,-1.891761247677514,0.15080596813829564,-0.031656657551992984,0.9688391685922662,3/3
qmap154,f2_232,True,M1,-5.792362886563544,0.003050765041420654,-5.824416250261305,0.0029545283542280407,-0.03205336369776113,0.9684549003656477,3/3
qmap154,graycode6_47,True,M1,-0.05806844428428051,0.9435853622018051,-0.05371313828517811,0.9477039274861996,0.004355305999102402,1.0043648041283557,3/3
qmap154,ground_state_estimation_10,True,M1,-0.034013351494323545,0.9665585995497005,-0.029263190387517374,0.9711608306325407,0.004750161106806171,1.0047614610071074,3/3
qmap154,ham15_107,True,M2,-53.77654918558452,4.417142731734287e-24,-50.627555111657244,1.029750906054468e-22,3.148994073927277,23.312602027921354,3/3
qmap154,ham3_102,True,M1,-0.09311066648888763,0.9110926672902858,-0.093252844259662,0.910963139374095,-0.00014217777077436822,0.9998578323360059,3/3
qmap154,ham7_104,True,M2,-1.6000242171469847,0.20189162869620608,-1.6159935315824123,0.19869316440877638,-0.015969314435427595,0.984157519021046,3/3
qmap154,hwb4_49,True,M1,-1.0848932775440452,0.33793784952754075,-1.1085864614614598,0.3300251347670082,-0.023693183917414595,0.9765852958714301,3/3
qmap154,hwb5_53,True,M1,-6.3868344488741755,0.0016835772247393347,-6.488704272765176,0.0015205179086786572,-0.10186982389100052,0.9031471121938445,3/3
qmap154,hwb6_56,True,M1,-33.14243697014333,4.0403827386176245e-15,-33.32976464110123,3.350172221134547e-15,-0.18732767095789882,0.8291719962848803,3/3
qmap154,hwb7_59,False,,,,,,,,3/3
qmap154,hwb8_113,False,,,,,,,,3/3
qmap154,hwb9_119,False,,,,,,,,3/3
qmap154,inc_237,True,M1,-70.42874193098781,2.5893217059754297e-31,-62.91790414829618,4.732617610881116e-28,7.510837782691631,1827.7441539842498,3/3
qmap154,ising_model_10,True,M2,-0.7857119959465172,0.4557950619916643,-0.7134372938505473,0.489957172944887,0.07227470209596987,1.0749505946903994,3/3
qmap154,ising_model_13,True,M1,-1.0695579424992159,0.3431601804260797,-0.9785525591460988,0.375854732812889,0.09100538335311703,1.0952749014941496,3/3
qmap154,ising_model_16,True,M1,-1.3787292701602665,0.2518984446390086,-1.277188510000477,0.27882009944304387,0.10154076015978952,1.10687503387572,3/3
qmap154,life_238,False,,,,,,,,3/3
qmap154,majority_239,True,M2,-2.903630921154011,0.05482379734590389,-2.9390144509757516,0.05291785618858417,-0.035383529821740645,0.9652351487932435,3/3
qmap154,max46_240,False,,,,,,,,3/3
qmap154,miller_11,True,M1,-0.23394122910057624,0.7914083263079896,-0.23872221893084747,0.7876336417027736,-0.004780989830271226,0.9952304209094877,3/3
qmap154,mini-alu_167,True,M1,-1.3352049438220963,0.26310424833993823,-1.3452080310361587,0.26048551315187507,-0.0100030872140624,0.9900467772581169,3/3
qmap154,mini_alu_305,True,M1,-0.8684385803692174,0.41960621939538234,-0.8787155414586654,0.415316025443257,-0.010276961089447978,0.9897756664371964,3/3
qmap154,misex1_241,True,M1,-26.924578616631624,2.026768188969607e-12,-25.8917014759263,5.693468496435623e-12,1.0328771407053239,2.8091364998826713,3/3
qmap154,mlp4_245,False,,,,,,,,3/3
qmap154,mod10_171,True,M1,-1.1289397064560092,0.32337594814333637,-1.1477385281169916,0.3173536448214352,-0.018798821660982457,0.9813767741340127,3/3
qmap154,mod10_176,True,M2,-0.820630113386257,0.4401542200415281,-0.8356318018160775,0.4336004453250428,-0.015001688429820526,0.9851102763120915,3/3
qmap154,mod5adder_127,True,M2,-2.5463332959358693,0.07836849389836191,-2.587234957098756,0.07522776076056183,-0.040901661162886516,0.9599235230694445,3/3
qmap154,mod5d1_63,True,M2,-0.14585782426564778,0.8642805741751188,-0.13674443709822914,0.8721930978510162,0.009113387167418635,1.0091550405184673,3/3
qmap154,mod5d2_64,True,M1,-0.2631091265264395,0.7686580117553311,-0.27048342115087465,0.7630105497281455,-0.007374294624435174,0.9926528287732421,3/3
qmap154,mod5mils_65,True,M1,-0.17056358807652214,0.84318947112727,-0.1722668221832888,0.8417545444165311,-0.001703234106766649,0.9982982155732796,3/3
qmap154,mod8-10_177,True,M2,-2.0561838157251153,0.1279412869850028,-2.0838642724298504,0.12444837939013145,-0.027680456704735068,0.9726991366338157,3/3
qmap154,mod8-10_178,True,M1,-1.62663040803199,0.19659089040346633,-1.6443594139810154,0.19313624355282896,-0.017729005949025378,0.9824272282222876,3/3
qmap154,one-two-three-v0_97,True,M1,-1.3517853274753868,0.2587778447905249,-1.3695122357859086,0.2542309340669295,-0.017726908310521816,0.9824292890016298,3/3
qmap154,one-two-three-v0_98,True,M1,-0.6795145219110669,0.5068630035265466,-0.6917951004634999,0.5006764972844197,-0.01228057855243303,0.9877945200200373,3/3
qmap154,one-two-three-v1_99,True,M2,-0.6207588073688484,0.5375363962233751,-0.6384487364940528,0.5281110283087319,-0.017689929125204396,0.9824656191080938,3/3
qmap154,one-two-three-v2_100,True,M2,-0.34326414971697333,0.7094507855828208,-0.3431814239233905,0.7095094778897164,8.272579358281629e-05,1.0000827292154557,3/3
qmap154,one-two-three-v3_101,True,M2,-0.3471079630879837,0.7067290234910306,-0.3439994837768589,0.7089292940151233,0.00310847931112479,1.0031133156428527,3/3
qmap154,plus63mod4096_163,False,,,,,,,,3/3
qmap154,plus63mod8192_164,False,,,,,,,,3/3
qmap154,pm1_249,True,M1,-9.344997483238087,8.740155504028818e-05,-9.248032160922827,9.630097053914908e-05,0.09696532231525978,1.1018221643168553,3/3
qmap154,qe_qft_4,True,M2,-0.2047293988783395,0.8148677907179451,-0.19225202677532144,0.8250988952714766,0.012477372103018053,1.0125555392789758,3/3
qmap154,qe_qft_5,True,M1,-0.2072503495884163,0.8128161363286656,-0.19809918692285353,0.820288487211781,0.009151162665562762,1.0091931625728627,3/3
qmap154,qft_10,False,,,,0.0,1.0,,,3/3
qmap154,qft_16,False,,,,0.0,1.0,,,3/3
qmap154,radd_250,True,M2,-17.26264553985141,3.183671861512226e-08,-16.92853388945302,4.4466315500556245e-08,0.33411165039838764,1.3966990768776968,3/3
qmap154,rd32-v0_66,True,M1,-0.12654221380639363,0.8811369526136851,-0.1288114042235193,0.8791397519559385,-0.0022691904171256716,0.9977333822491244,3/3
qmap154,rd32-v1_68,True,M1,-0.1269464667807012,0.8807808223680241,-0.12921559668283367,0.8787844821010494,-0.0022691299021324607,0.9977334426269552,3/3
qmap154,rd32_270,True,M1,-0.37862589513934025,0.6848017524158954,-0.38138453310085485,0.6829152356103855,-0.0027586379615145984,0.9972451635836876,3/3
qmap154,rd53_130,True,M1,-4.8991001230133975,0.007453287095605055,-4.948557765339691,0.007093632237355454,-0.049457642326293794,0.9517454710067887,3/3
qmap154,rd53_131,True,M1,-2.173888741364781,0.11373447188566607,-2.2095501479990007,0.10975000867330749,-0.035661406634219794,0.9649669695889208,3/3
qmap154,rd53_133,True,M1,-2.7377746683683317,0.06471419732667412,-2.7722820963341808,0.06251916705750804,-0.03450742796584905,0.966081163641949,3/3
qmap154,rd53_135,True,M1,-1.4429988329212626,0.23621831620082703,-1.4719060518108356,0.2294876526975858,-0.028907218889572928,0.9715065977461333,3/3
qmap154,rd53_138,True,M1,-0.6531841239417788,0.5203861619163942,-0.6499249552436968,0.5220849550291556,0.003259168698082071,1.0032644855630009,3/3
qmap154,rd53_251,True,M1,-6.224727127862335,0.0019798639913699637,-6.272228399582201,0.0018880166365187693,-0.04750127171986662,0.9536092604080137,3/3
qmap154,rd53_311,True,M2,-1.4675656147302945,0.23048589425001717,-1.4794568281465788,0.22776136835561964,-0.011891213416284296,0.9881792076549285,3/3
qmap154,rd73_140,True,M1,-1.1578653344344856,0.31415608379315346,-1.1669912230312656,0.31130217241566016,-0.009125888596779985,0.9909156259428917,3/3
qmap154,rd73_252,True,M1,-27.342132464045225,1.3349430768551419e-12,-27.022487181834656,1.8377351819540632e-12,0.3196452822105691,1.3766393592477357,3/3
qmap154,rd84_142,True,M2,-1.8483933036058264,0.15749000176228498,-1.8264773271198391,0.16097964877368956,0.02191597648598731,1.0221578955638837,3/3
qmap154,rd84_253,False,,,,-80.96571003630388,6.87129996302644e-36,,,3/3
qmap154,root_255,False,,,,,,,,3/3
qmap154,sao2_257,False,,,,,,,,3/3
qmap154,sf_274,True,M2,-3.5579417168150664,0.02849742015120758,-3.6346135388690244,0.02639413272305033,-0.07667182205395795,0.9261937601018903,3/3
qmap154,sf_276,True,M2,-3.563735381017709,0.028332793025848086,-3.6366080864510937,0.02634154083539311,-0.07287270543338487,0.929719170692478,3/3
qmap154,sqn_258,True,M1,-56.52739619130158,2.8213941255446305e-25,-54.48912460505736,2.1660768471897373e-24,2.038271586244214,7.677328125050968,3/3
qmap154,sqrt8_260,True,M1,-15.793046965945798,1.3840980291703435e-07,-15.588628303590324,1.698027608819522e-07,0.204418662355474,1.2268116658162964,3/3
qmap154,squar5_261,True,M1,-10.386290077183777,3.085258319188213e-05,-10.29777153893224,3.3708128802624e-05,0.08851853825153633,1.0925545064730013,3/3
qmap154,square_root_7,True,M2,-40.72511624609834,2.0573431714460183e-18,-39.12818769405228,1.0158837129486198e-17,1.5969285520460588,4.937842782128558,3/3
qmap154,sym10_262,False,,,,,,,,3/3
qmap154,sym6_145,True,M1,-18.81857818759953,6.717309144022302e-09,-18.919073958602965,6.075060076681818e-09,-0.10049577100343399,0.9043889370623924,3/3
qmap154,sym6_316,True,M2,-1.4967026241515085,0.22386711849617555,-1.4718612647368479,0.22949793100823246,0.02484135941466059,1.0251524768348377,3/3
qmap154,sym9_146,True,M1,-1.7140184820912978,0.18014044504276833,-1.7044457192020148,0.18187316704649908,0.009572762889282993,1.009618728338988,3/3
qmap154,sym9_148,False,,,,,,,,3/3
qmap154,sym9_193,False,,,,,,,,3/3
qmap154,sys6-v0_111,True,M2,-1.091041900033039,0.33586637215833154,-1.089775896756073,0.33629184935704226,0.0012660032769660212,1.0012668049974058,3/3
qmap154,urf1_149,False,,,,,,,,3/3
qmap154,urf1_278,False,,,,,,,,3/3
qmap154,urf2_152,False,,,,,,,,3/3
qmap154,urf2_277,False,,,,,,,,3/3
qmap154,urf3_155,False,,,,,,,,3/3
qmap154,urf3_279,False,,,,,,,,3/3
qmap154,urf4_187,False,,,,,,,,0/3
qmap154,urf5_158,False,,,,,,,,3/3
qmap154,urf5_280,False,,,,,,,,3/3
qmap154,urf6_160,False,,,,,,,,3/3
qmap154,wim_266,True,M1,-4.915783201136742,0.007329974799113619,-4.9149307963457805,0.007336225568464403,0.0008524047909617138,1.000852768191173,3/3
qmap154,xor5_254,True,M1,-0.055260671302234214,0.946238458591237,-0.05090542252444232,0.9503685497403696,0.0043552487777918925,1.004364746657287,3/3
qmap154,z4_268,False,,,,-15.754495166214438,1.438499396886584e-07,,,3/3
