dataset,circuit,method,algorithm_time_median_s,algorithm_time_iqr_s,transition_time_median_s,transition_time_iqr_s,valid,N,valid_over_N,strict_complete,status_counts,duplicate_repetitions,unexpected_repetitions
qmap154,4gt11_84,M1,3.824582875,0.02847108349999994,0.00823775,0.00020806249999999818,3,3,3/3,True,"{""success"":3}",0,0
qmap154,4gt11_84,M2,0.003555042,7.600049999999985e-05,0.002794,8.149999999999998e-05,3,3,3/3,True,"{""success"":3}",0,0
qmap154,4gt11_84,M3,1.448829167,0.027494603999999923,0.108502209,0.0025578330000000093,3,3,3/3,True,"{""success"":3}",0,0
qmap154,4gt11_84,M4,1.645756167,0.019705561999999954,0.291018209,0.001866916499999982,3,3,3/3,True,"{""success"":3}",0,0
qmap154,4gt5_76,M1,7.932494417,0.05767441649999938,0.044329584,0.00033306250000000176,3,3,3/3,True,"{""success"":3}",0,0
qmap154,4gt5_76,M2,0.01442475,0.00018927100000000127,0.01348,0.00024000000000000063,3,3,3/3,True,"{""success"":3}",0,0
qmap154,4gt5_76,M3,2.684305792,0.02514691700000027,0.557228792,0.015362187499999957,3,3,3/3,True,"{""success"":3}",0,0
qmap154,4gt5_76,M4,5.28028775,0.08316531250000025,3.177714416,0.052104895499999415,3,3,3/3,True,"{""success"":3}",0,0
qmap154,adr4_197,M1,25.437215167,0.19484368750000414,1.871529292,0.02164510400000008,3,3,3/3,True,"{""success"":3}",0,0
qmap154,adr4_197,M2,0.40343625,0.00435870850000003,0.39664,0.004236500000000032,3,3,3/3,True,"{""success"":3}",0,0
qmap154,adr4_197,M3,23.777742625,0.08764212550000039,18.877582208,0.04526233350000197,3,3,3/3,True,"{""success"":3}",0,0
qmap154,adr4_197,M4,29.134263375,0.23707791650000232,24.31760175,0.23081235399999755,3,3,3/3,True,"{""success"":3}",0,0
qmap154,clip_206,M1,67.199381875,0.5722183750000056,30.0520015,0.13828706249999811,3,3,3/3,True,"{""success"":3}",0,0
qmap154,clip_206,M2,3.950495625,0.05312025000000009,3.889941,0.05218500000000015,3,3,3/3,True,"{""success"":3}",0,0
qmap154,clip_206,M3,59.558938875,0.44215683350000035,48.464457458,0.3104020834999943,3,3,3/3,True,"{""success"":3}",0,0
qmap154,clip_206,M4,57.902065375,0.46971133350000116,47.696193791,0.5137710829999946,3,3,3/3,True,"{""success"":3}",0,0
qmap154,hwb8_113,M1,,,,,0,3,0/3,False,"{""verifier_fail"":3}",0,0
qmap154,hwb8_113,M2,8.368902833,0.04620802049999995,8.247164,0.04549199999999942,3,3,3/3,True,"{""success"":3}",0,0
qmap154,hwb8_113,M3,100.049477959,0.2708267289999924,85.922216084,0.156482520499992,3,3,3/3,True,"{""success"":3}",0,0
qmap154,hwb8_113,M4,87.294928083,0.037487208499982216,74.959343542,0.03335110400000474,3,3,3/3,True,"{""success"":3}",0,0
qmap154,squar5_261,M1,23.249421542,0.0999076460000019,0.937769292,0.0043885830000000015,3,3,3/3,True,"{""success"":3}",0,0
qmap154,squar5_261,M2,0.235916834,0.004036499999999998,0.2318,0.0039949999999999986,3,3,3/3,True,"{""success"":3}",0,0
qmap154,squar5_261,M3,13.515905375,0.03834493749999979,9.043294875,0.029460312499999475,3,3,3/3,True,"{""success"":3}",0,0
qmap154,squar5_261,M4,17.898233834,0.12298537499999895,13.431867333,0.0934442079999993,3,3,3/3,True,"{""success"":3}",0,0
zac18,ghz_n23,M1,6.507478916,0.0678203540000002,0.022808416,0.0004950209999999983,3,3,3/3,True,"{""success"":3}",0,0
zac18,ghz_n23,M2,0.007651208,0.0002456874999999994,0.006879,0.00026549999999999924,3,3,3/3,True,"{""success"":3}",0,0
zac18,ghz_n23,M3,1.990228625,0.019514020999999993,0.273032084,0.003467479500000037,3,3,3/3,True,"{""success"":3}",0,0
zac18,ghz_n23,M4,3.906866459,0.055958854,2.1962085,0.03347102049999995,3,3,3/3,True,"{""success"":3}",0,0
zac18,ghz_n40_transpiled,M1,6.791397541,0.11281443749999998,0.046843291,0.00017287499999999595,3,3,3/3,True,"{""success"":3}",0,0
zac18,ghz_n40_transpiled,M2,0.013000167,0.00015814599999999963,0.012028,0.00018550000000000164,3,3,3/3,True,"{""success"":3}",0,0
zac18,ghz_n40_transpiled,M3,2.416626875,0.05011589549999984,0.612527292,0.01428958349999998,3,3,3/3,True,"{""success"":3}",0,0
zac18,ghz_n40_transpiled,M4,7.492850292,0.014194062999999701,5.699199042,0.021722333000000482,3,3,3/3,True,"{""success"":3}",0,0
zac18,ghz_n78_transpiled,M1,7.212233583,0.07278439549999938,0.10791125,0.007989999499999983,3,3,3/3,True,"{""success"":3}",0,0
zac18,ghz_n78_transpiled,M2,0.025378416,0.0005053960000000017,0.024205,0.0004394999999999989,3,3,3/3,True,"{""success"":3}",0,0
zac18,ghz_n78_transpiled,M3,3.068434792,0.048974458,1.230373625,0.03604731249999982,3,3,3/3,True,"{""success"":3}",0,0
zac18,ghz_n78_transpiled,M4,23.962826917,0.054979479,22.074549417,0.05652906249999745,3,3,3/3,True,"{""success"":3}",0,0
zac18,ising_n42,M1,6.922644042,0.055624020499999816,0.032016,0.00010866650000000005,3,3,3/3,True,"{""success"":3}",0,0
zac18,ising_n42,M2,0.464393958,0.011893957999999927,0.463267,0.01182500000000003,3,3,3/3,True,"{""success"":3}",0,0
zac18,ising_n42,M3,4.218404417,0.042412687999999754,2.407219125,0.024320853999999947,3,3,3/3,True,"{""success"":3}",0,0
zac18,ising_n42,M4,22.254541708,0.042754416499995784,20.460177625,0.03643127049999961,3,3,3/3,True,"{""success"":3}",0,0
zac18,ising_n98_transpiled,M1,7.229122667,0.008504353500000228,0.126584959,0.0021701880000000173,3,3,3/3,True,"{""success"":3}",0,0
zac18,ising_n98_transpiled,M2,0.432895958,0.009374332999999957,0.431394,0.009477999999999986,3,3,3/3,True,"{""success"":3}",0,0
zac18,ising_n98_transpiled,M3,3.393776,0.045954353999999586,1.429756459,0.023646041999999756,3,3,3/3,True,"{""success"":3}",0,0
zac18,ising_n98_transpiled,M4,73.448425542,0.5688630835000197,71.551508459,0.5441976875000023,3,3,3/3,True,"{""success"":3}",0,0
zac18,seca_n11_transpiled,M1,10.297436875,0.01922804199999817,0.05652925,0.0010810420000000043,3,3,3/3,True,"{""success"":3}",0,0
zac18,seca_n11_transpiled,M2,0.015093542,0.00037529149999999956,0.014131,0.00027800000000000047,3,3,3/3,True,"{""success"":3}",0,0
zac18,seca_n11_transpiled,M3,5.3544255,0.06681535400000005,2.947446166,0.04826622899999977,3,3,3/3,True,"{""success"":3}",0,0
zac18,seca_n11_transpiled,M4,32.321437625,0.24210225000000207,29.950696625,0.2151420625,3,3,3/3,True,"{""success"":3}",0,0
