setting,config_sha256,dataset,circuit,seed,status,fidelity,transfers,idle_exposures,move_batches,move_time_us,algorithm_time_s,search_kernel_s,alpha,rho,max_horizon,paired_fidelity_ratio_vs_default,paired_algorithm_time_ratio_vs_default
paper_sensitivity_budget_1152,d9fef7c3d772493af020478ba904057e12c4f5e839d07b84f6f29e5cd0c143d9,qmap154,4gt11_84,0,success,0.9105067545721256,26.0,5,11,1146.0869877163889,1.714104875,0.236341251,0.5,0.7,8,1.0,1.0148807759809986
paper_sensitivity_budget_192,5f771f391025d6a7bc491bccddb2dfef916f3fb5482865c16cd34bb449ab99ed,qmap154,4gt11_84,0,success,0.9105067545721256,26.0,5,11,1146.0869877163889,1.6346105,0.176523208,0.5,0.7,8,1.0,0.9678140450225883
paper_sensitivity_decay_0p2_0p5,699fe8f530cdedce85c353b30df648a4378d5d5a6bf7ecbc3dc56e2448bfc3c5,qmap154,4gt11_84,0,success,0.9105067545721256,26.0,5,11,1146.0869877163889,1.6785735,0.191637457,0.2,0.5,8,1.0,0.9938434929316333
paper_sensitivity_decay_0p35_0p6,ab54110d192bc28277204009c66ff47c3a79510922f99298f9ba112d28fcbcdb,qmap154,4gt11_84,0,success,0.9105067545721256,26.0,5,11,1146.0869877163889,1.746247958,0.244761624,0.35,0.6,8,1.0,1.0339119318298855
paper_sensitivity_default,ff4539cefb5f629c6bafcff8014b54edbfecfb526281b8b08b3db976471de4c6,qmap154,4gt11_84,0,success,0.9105067545721256,26.0,5,11,1146.0869877163889,1.688971666,0.238631416,0.5,0.7,8,1.0,1.0
paper_sensitivity_horizon_2,76461aaa793ef4d8b74b74759162d75254d4e6ca2c7942410854f2d06666d2ea,qmap154,4gt11_84,0,success,0.9105067545721256,26.0,5,11,1146.0869877163889,1.697514958,0.215380833,0.5,0.7,2,1.0,1.0050582802376036
paper_sensitivity_horizon_4,24cd2875935b01541d4f899613d786e78217a2f25a83eda1b9f7313e53eb9241,qmap154,4gt11_84,0,success,0.9105067545721256,26.0,5,11,1146.0869877163889,1.721302,0.23219204,0.5,0.7,4,1.0,1.0191420227176269
paper_sensitivity_return_10_8,08b3a64da1098d617f95ac2899fbd4c67158a2f1c7644896e55c4a76dc219f16,qmap154,4gt11_84,0,success,0.9105067545721256,26.0,5,11,1146.0869877163889,1.835797875,0.362142083,0.5,0.7,8,1.0,1.0869323103256843
paper_sensitivity_return_4_2,2cdd03029b5da420615be8d80d95bff9f2a0f06592d82aac27cc199c49913130,qmap154,4gt11_84,0,success,0.9105054057854315,26.0,5,10,1053.9491624540565,1.651377709,0.187814333,0.5,0.7,8,0.9999985186417483,0.9777415111474108
paper_sensitivity_budget_1152,d9fef7c3d772493af020478ba904057e12c4f5e839d07b84f6f29e5cd0c143d9,qmap154,4gt5_76,0,success,0.6233918072905074,128.0,25,61,6258.492990539773,5.647206042,3.27665296,0.5,0.7,8,1.0,1.0174575495591818
paper_sensitivity_budget_192,5f771f391025d6a7bc491bccddb2dfef916f3fb5482865c16cd34bb449ab99ed,qmap154,4gt5_76,0,success,0.6233918072905074,128.0,25,61,6258.492990539773,4.726172958,2.381025753,0.5,0.7,8,1.0,0.8515149475467908
paper_sensitivity_decay_0p2_0p5,699fe8f530cdedce85c353b30df648a4378d5d5a6bf7ecbc3dc56e2448bfc3c5,qmap154,4gt5_76,0,success,0.6234526292732177,128.0,25,61,6333.7436429558265,4.962749917,2.595046251,0.2,0.5,8,1.0000975662207925,0.8941390365557789
paper_sensitivity_decay_0p35_0p6,ab54110d192bc28277204009c66ff47c3a79510922f99298f9ba112d28fcbcdb,qmap154,4gt5_76,0,success,0.6234526292732177,128.0,25,61,6333.7436429558265,5.215133792,2.875208124,0.35,0.6,8,1.0000975662207925,0.9396110588436015
paper_sensitivity_default,ff4539cefb5f629c6bafcff8014b54edbfecfb526281b8b08b3db976471de4c6,qmap154,4gt5_76,0,success,0.6233918072905074,128.0,25,61,6258.492990539773,5.550311209,3.168937835,0.5,0.7,8,1.0,1.0
paper_sensitivity_horizon_2,76461aaa793ef4d8b74b74759162d75254d4e6ca2c7942410854f2d06666d2ea,qmap154,4gt5_76,0,success,0.6222451063499131,130.0,25,62,6354.44945755095,4.828353208,2.484694499,0.5,0.7,2,0.9981605453790318,0.86992477109584
paper_sensitivity_horizon_4,24cd2875935b01541d4f899613d786e78217a2f25a83eda1b9f7313e53eb9241,qmap154,4gt5_76,0,success,0.6234546195448517,128.0,25,61,6332.791206999455,4.86436575,2.509177835,0.5,0.7,4,1.0001007588704403,0.8764131535745746
paper_sensitivity_return_10_8,08b3a64da1098d617f95ac2899fbd4c67158a2f1c7644896e55c4a76dc219f16,qmap154,4gt5_76,0,success,0.6233918072905074,128.0,25,61,6258.492990539773,7.793999042,5.440300753,0.5,0.7,8,1.0,1.4042454104846933
paper_sensitivity_return_4_2,2cdd03029b5da420615be8d80d95bff9f2a0f06592d82aac27cc199c49913130,qmap154,4gt5_76,0,success,0.6233918072905074,128.0,25,61,6258.492990539773,4.520316292,2.15293525,0.5,0.7,8,1.0,0.8144257361047014
paper_sensitivity_budget_1152,d9fef7c3d772493af020478ba904057e12c4f5e839d07b84f6f29e5cd0c143d9,qmap154,adr4_197,0,success,1.4748777687207649e-08,4388.0,981,1968,200086.7610138077,30.395366666,19.521059292,0.5,0.7,8,1.0,1.0011253356540366
paper_sensitivity_budget_192,5f771f391025d6a7bc491bccddb2dfef916f3fb5482865c16cd34bb449ab99ed,qmap154,adr4_197,0,success,1.4748777687207649e-08,4388.0,981,1968,200086.7610138077,30.485082416,19.471694016,0.5,0.7,8,1.0,1.0040802830747786
paper_sensitivity_decay_0p2_0p5,699fe8f530cdedce85c353b30df648a4378d5d5a6bf7ecbc3dc56e2448bfc3c5,qmap154,adr4_197,0,success,1.3155704254693543e-08,4436.0,992,1951,202545.97631929084,35.31473675,23.088454126,0.2,0.5,8,0.8919860705544529,1.1631535184579598
paper_sensitivity_decay_0p35_0p6,ab54110d192bc28277204009c66ff47c3a79510922f99298f9ba112d28fcbcdb,qmap154,adr4_197,0,success,1.549331682595504e-08,4364.0,986,1939,195500.15708819244,28.83331775,18.110410441,0.35,0.6,8,1.0504814130728384,0.949676482856094
paper_sensitivity_default,ff4539cefb5f629c6bafcff8014b54edbfecfb526281b8b08b3db976471de4c6,qmap154,adr4_197,0,success,1.4748777687207649e-08,4388.0,981,1968,200086.7610138077,30.361200125,19.372492476,0.5,0.7,8,1.0,1.0
paper_sensitivity_horizon_2,76461aaa793ef4d8b74b74759162d75254d4e6ca2c7942410854f2d06666d2ea,qmap154,adr4_197,0,success,1.3548749292553726e-08,4480.0,983,1946,196722.63178906165,32.172346209,20.630811538,0.5,0.7,2,0.9186354001596506,1.0596533100319927
paper_sensitivity_horizon_4,24cd2875935b01541d4f899613d786e78217a2f25a83eda1b9f7313e53eb9241,qmap154,adr4_197,0,success,1.4748777687207649e-08,4388.0,981,1968,200086.7610138077,30.312931875,19.290152487,0.5,0.7,4,1.0,0.9984101995375257
paper_sensitivity_return_10_8,08b3a64da1098d617f95ac2899fbd4c67158a2f1c7644896e55c4a76dc219f16,qmap154,adr4_197,0,success,1.4748777687207649e-08,4388.0,981,1968,200086.7610138077,30.567241875,19.624338656,0.5,0.7,8,1.0,1.0067863506433115
paper_sensitivity_return_4_2,2cdd03029b5da420615be8d80d95bff9f2a0f06592d82aac27cc199c49913130,qmap154,adr4_197,0,success,1.4748777687207649e-08,4388.0,981,1968,200086.7610138077,30.306881917,19.304109207,0.5,0.7,8,1.0,0.998210933435557
paper_sensitivity_budget_1152,d9fef7c3d772493af020478ba904057e12c4f5e839d07b84f6f29e5cd0c143d9,qmap154,clip_206,0,success,,44442.0,12914,19681,2027315.6619387725,60.3900255,42.448704031,0.5,0.7,8,,1.0033188799292676
paper_sensitivity_budget_192,5f771f391025d6a7bc491bccddb2dfef916f3fb5482865c16cd34bb449ab99ed,qmap154,clip_206,0,success,,44442.0,12914,19681,2027315.6619387725,60.446646167,42.435625133,0.5,0.7,8,,1.0042595747497274
paper_sensitivity_decay_0p2_0p5,699fe8f530cdedce85c353b30df648a4378d5d5a6bf7ecbc3dc56e2448bfc3c5,qmap154,clip_206,0,success,,44522.0,13397,19681,2024160.0814233443,70.171646625,51.893547448,0.2,0.5,8,,1.1658305707221033
paper_sensitivity_decay_0p35_0p6,ab54110d192bc28277204009c66ff47c3a79510922f99298f9ba112d28fcbcdb,qmap154,clip_206,0,success,,44684.0,12724,19752,2031880.5170891637,60.039749416,42.081622417,0.35,0.6,8,,0.9974993988915442
paper_sensitivity_default,ff4539cefb5f629c6bafcff8014b54edbfecfb526281b8b08b3db976471de4c6,qmap154,clip_206,0,success,,44442.0,12914,19681,2027315.6619387725,60.19026125,42.316094925,0.5,0.7,8,,1.0
paper_sensitivity_horizon_2,76461aaa793ef4d8b74b74759162d75254d4e6ca2c7942410854f2d06666d2ea,qmap154,clip_206,0,success,,44442.0,12914,19681,2027315.6619387725,60.228736916,42.351045449,0.5,0.7,2,,1.0006392340754295
paper_sensitivity_horizon_4,24cd2875935b01541d4f899613d786e78217a2f25a83eda1b9f7313e53eb9241,qmap154,clip_206,0,success,,44442.0,12914,19681,2027315.6619387725,60.490176583,42.326192793,0.5,0.7,4,,1.0049827883576432
paper_sensitivity_return_10_8,08b3a64da1098d617f95ac2899fbd4c67158a2f1c7644896e55c4a76dc219f16,qmap154,clip_206,0,success,,44512.0,12360,19753,2027336.7243284495,62.181540458,44.119216107,0.5,0.7,8,,1.033083079665151
paper_sensitivity_return_4_2,2cdd03029b5da420615be8d80d95bff9f2a0f06592d82aac27cc199c49913130,qmap154,clip_206,0,success,,44432.0,12339,19696,2024870.069174856,58.423577875,40.3734817,0.5,0.7,8,,0.970648351771359
paper_sensitivity_budget_1152,d9fef7c3d772493af020478ba904057e12c4f5e839d07b84f6f29e5cd0c143d9,qmap154,hwb8_113,0,success,,91106.0,21665,40750,4157208.613744546,91.365410291,64.540084501,0.5,0.7,8,,0.9982278794114562
paper_sensitivity_budget_192,5f771f391025d6a7bc491bccddb2dfef916f3fb5482865c16cd34bb449ab99ed,qmap154,hwb8_113,0,success,,91106.0,21665,40750,4157208.613744546,91.656142542,64.658043204,0.5,0.7,8,,1.0014043226350777
paper_sensitivity_decay_0p2_0p5,699fe8f530cdedce85c353b30df648a4378d5d5a6bf7ecbc3dc56e2448bfc3c5,qmap154,hwb8_113,0,success,,91178.0,21784,40685,4149538.409797481,90.025899375,63.90855202,0.2,0.5,8,,0.9835928316743707
paper_sensitivity_decay_0p35_0p6,ab54110d192bc28277204009c66ff47c3a79510922f99298f9ba112d28fcbcdb,qmap154,hwb8_113,0,success,,91258.0,21642,40722,4167911.7498414875,86.834569708,61.471533558,0.35,0.6,8,,0.9487254323397006
paper_sensitivity_default,ff4539cefb5f629c6bafcff8014b54edbfecfb526281b8b08b3db976471de4c6,qmap154,hwb8_113,0,success,,91106.0,21665,40750,4157208.613744546,91.52760825,64.553716326,0.5,0.7,8,,1.0
paper_sensitivity_horizon_2,76461aaa793ef4d8b74b74759162d75254d4e6ca2c7942410854f2d06666d2ea,qmap154,hwb8_113,0,success,,91106.0,21665,40750,4157208.613744546,90.299369916,63.779666891,0.5,0.7,2,,0.986580679234563
paper_sensitivity_horizon_4,24cd2875935b01541d4f899613d786e78217a2f25a83eda1b9f7313e53eb9241,qmap154,hwb8_113,0,success,,91106.0,21665,40750,4157208.613744546,90.700136833,64.12598082,0.5,0.7,4,,0.9909593243741295
paper_sensitivity_return_10_8,08b3a64da1098d617f95ac2899fbd4c67158a2f1c7644896e55c4a76dc219f16,qmap154,hwb8_113,0,success,,91106.0,21665,40750,4157208.613744546,94.42706575,67.498883801,0.5,0.7,8,,1.0316785017705299
paper_sensitivity_return_4_2,2cdd03029b5da420615be8d80d95bff9f2a0f06592d82aac27cc199c49913130,qmap154,hwb8_113,0,success,,91160.0,21478,40732,4165059.3746335814,88.5915905,62.49366869,0.5,0.7,8,,0.9679220531800579
paper_sensitivity_budget_1152,d9fef7c3d772493af020478ba904057e12c4f5e839d07b84f6f29e5cd0c143d9,qmap154,squar5_261,0,success,3.415962404394147e-05,2456.0,578,1109,112430.76196343657,18.580780875,10.535663425,0.5,0.7,8,1.0,1.0000204830893866
paper_sensitivity_budget_192,5f771f391025d6a7bc491bccddb2dfef916f3fb5482865c16cd34bb449ab99ed,qmap154,squar5_261,0,success,3.415962404394147e-05,2456.0,578,1109,112430.76196343657,18.619685667,10.572547782,0.5,0.7,8,1.0,1.0021143449756047
paper_sensitivity_decay_0p2_0p5,699fe8f530cdedce85c353b30df648a4378d5d5a6bf7ecbc3dc56e2448bfc3c5,qmap154,squar5_261,0,success,3.1900639304027044e-05,2500.0,589,1085,111072.00512569438,20.46928475,12.082012998,0.2,0.5,8,0.9338697423306368,1.1016600519588882
paper_sensitivity_decay_0p35_0p6,ab54110d192bc28277204009c66ff47c3a79510922f99298f9ba112d28fcbcdb,qmap154,squar5_261,0,success,3.341128665311159e-05,2456.0,585,1110,112903.21510483448,18.333542083,10.21068619,0.35,0.6,8,0.9780929266122118,0.9867140532962805
paper_sensitivity_default,ff4539cefb5f629c6bafcff8014b54edbfecfb526281b8b08b3db976471de4c6,qmap154,squar5_261,0,success,3.415962404394147e-05,2456.0,578,1109,112430.76196343657,18.580400291,10.551273707,0.5,0.7,8,1.0,1.0
paper_sensitivity_horizon_2,76461aaa793ef4d8b74b74759162d75254d4e6ca2c7942410854f2d06666d2ea,qmap154,squar5_261,0,success,3.1898859599673104e-05,2542.0,582,1107,109734.49648638601,17.629276917,9.694045086,0.5,0.7,2,0.9338176426836484,0.9488103937964831
paper_sensitivity_horizon_4,24cd2875935b01541d4f899613d786e78217a2f25a83eda1b9f7313e53eb9241,qmap154,squar5_261,0,success,3.415962404394147e-05,2456.0,578,1109,112430.76196343657,18.523407334,10.54561009,0.5,0.7,4,1.0,0.9969326302928142
paper_sensitivity_return_10_8,08b3a64da1098d617f95ac2899fbd4c67158a2f1c7644896e55c4a76dc219f16,qmap154,squar5_261,0,success,3.415962404394147e-05,2456.0,578,1109,112430.76196343657,18.870194583,10.671878407,0.5,0.7,8,1.0,1.0155967733451023
paper_sensitivity_return_4_2,2cdd03029b5da420615be8d80d95bff9f2a0f06592d82aac27cc199c49913130,qmap154,squar5_261,0,success,3.4381849545571805e-05,2450.0,575,1123,113153.7655390055,18.59668675,10.549956993,0.5,0.7,8,1.0065055019734548,1.000876539727074
paper_sensitivity_budget_1152,d9fef7c3d772493af020478ba904057e12c4f5e839d07b84f6f29e5cd0c143d9,zac18,ghz_n23,0,success,0.7408906851696411,88.0,0,43,4637.275591391364,4.107114333,2.200120708,0.5,0.7,8,1.0,1.004831411521084
paper_sensitivity_budget_192,5f771f391025d6a7bc491bccddb2dfef916f3fb5482865c16cd34bb449ab99ed,zac18,ghz_n23,0,success,0.7408906851696411,88.0,0,43,4637.275591391364,3.178597209,1.285879751,0.5,0.7,8,1.0,0.7776638440555553
paper_sensitivity_decay_0p2_0p5,699fe8f530cdedce85c353b30df648a4378d5d5a6bf7ecbc3dc56e2448bfc3c5,zac18,ghz_n23,0,success,0.7408906851696411,88.0,0,43,4637.275591391364,3.805440875,1.882042043,0.2,0.5,8,1.0,0.9310250983671068
paper_sensitivity_decay_0p35_0p6,ab54110d192bc28277204009c66ff47c3a79510922f99298f9ba112d28fcbcdb,zac18,ghz_n23,0,success,0.7408906851696411,88.0,0,43,4637.275591391364,3.885066959,1.978041043,0.35,0.6,8,1.0,0.9505061217554119
paper_sensitivity_default,ff4539cefb5f629c6bafcff8014b54edbfecfb526281b8b08b3db976471de4c6,zac18,ghz_n23,0,success,0.7408906851696411,88.0,0,43,4637.275591391364,4.087366583,2.194196165,0.5,0.7,8,1.0,1.0
paper_sensitivity_horizon_2,76461aaa793ef4d8b74b74759162d75254d4e6ca2c7942410854f2d06666d2ea,zac18,ghz_n23,0,success,0.7408906851696411,88.0,0,43,4637.275591391364,3.370164125,1.468432459,0.5,0.7,2,1.0,0.8245318976323391
paper_sensitivity_horizon_4,24cd2875935b01541d4f899613d786e78217a2f25a83eda1b9f7313e53eb9241,zac18,ghz_n23,0,success,0.7408906851696411,88.0,0,43,4637.275591391364,3.691195916,1.759566043,0.5,0.7,4,1.0,0.9030743489835886
paper_sensitivity_return_10_8,08b3a64da1098d617f95ac2899fbd4c67158a2f1c7644896e55c4a76dc219f16,zac18,ghz_n23,0,success,0.7408906851696411,88.0,0,43,4637.275591391364,5.647200416,3.738410625,0.5,0.7,8,1.0,1.3816231799436816
paper_sensitivity_return_4_2,2cdd03029b5da420615be8d80d95bff9f2a0f06592d82aac27cc199c49913130,zac18,ghz_n23,0,success,0.7408906851696411,88.0,0,43,4637.275591391364,3.230703167,1.32638825,0.5,0.7,8,1.0,0.790411895139771
paper_sensitivity_budget_1152,d9fef7c3d772493af020478ba904057e12c4f5e839d07b84f6f29e5cd0c143d9,zac18,ghz_n40_transpiled,0,success,0.4979103284087543,156.0,1,77,9951.673640154344,7.702894917,5.612065001,0.5,0.7,8,1.0,1.0036533421404337
paper_sensitivity_budget_192,5f771f391025d6a7bc491bccddb2dfef916f3fb5482865c16cd34bb449ab99ed,zac18,ghz_n40_transpiled,0,success,0.4979103284087543,156.0,1,77,9951.673640154344,5.471416875,3.394774999,0.5,0.7,8,1.0,0.7129015638935942
paper_sensitivity_decay_0p2_0p5,699fe8f530cdedce85c353b30df648a4378d5d5a6bf7ecbc3dc56e2448bfc3c5,zac18,ghz_n40_transpiled,0,success,0.4979103284087543,156.0,1,77,9951.673640154344,6.75076575,4.671537004,0.2,0.5,8,1.0,0.8795950976874362
paper_sensitivity_decay_0p35_0p6,ab54110d192bc28277204009c66ff47c3a79510922f99298f9ba112d28fcbcdb,zac18,ghz_n40_transpiled,0,success,0.4979103284087543,156.0,1,77,9951.673640154344,7.168160375,5.095166168,0.35,0.6,8,1.0,0.933979782262084
paper_sensitivity_default,ff4539cefb5f629c6bafcff8014b54edbfecfb526281b8b08b3db976471de4c6,zac18,ghz_n40_transpiled,0,success,0.4979103284087543,156.0,1,77,9951.673640154344,7.674856042,5.607812961,0.5,0.7,8,1.0,1.0
paper_sensitivity_horizon_2,76461aaa793ef4d8b74b74759162d75254d4e6ca2c7942410854f2d06666d2ea,zac18,ghz_n40_transpiled,0,success,0.4979103284087543,156.0,1,77,9951.673640154344,5.835788458,3.738129749,0.5,0.7,2,1.0,0.7603775792098434
paper_sensitivity_horizon_4,24cd2875935b01541d4f899613d786e78217a2f25a83eda1b9f7313e53eb9241,zac18,ghz_n40_transpiled,0,success,0.4979103284087543,156.0,1,77,9951.673640154344,6.566503417,4.47350879,0.5,0.7,4,1.0,0.8555865258013136
paper_sensitivity_return_10_8,08b3a64da1098d617f95ac2899fbd4c67158a2f1c7644896e55c4a76dc219f16,zac18,ghz_n40_transpiled,0,success,0.4979103284087543,156.0,1,77,9951.673640154344,12.035932958,9.936136667,0.5,0.7,8,1.0,1.5682291488119615
paper_sensitivity_return_4_2,2cdd03029b5da420615be8d80d95bff9f2a0f06592d82aac27cc199c49913130,zac18,ghz_n40_transpiled,0,success,0.4979103284087543,156.0,1,77,9951.673640154344,5.435223458,3.357359955,0.5,0.7,8,1.0,0.7081857207817579
paper_sensitivity_budget_1152,d9fef7c3d772493af020478ba904057e12c4f5e839d07b84f6f29e5cd0c143d9,zac18,ghz_n78_transpiled,0,success,0.14584129698424558,316.0,0,153,18382.315326242075,24.697655958,22.133339164,0.5,0.7,8,1.0,0.9961293893491658
paper_sensitivity_budget_192,5f771f391025d6a7bc491bccddb2dfef916f3fb5482865c16cd34bb449ab99ed,zac18,ghz_n78_transpiled,0,success,0.14584129698424558,316.0,0,153,18382.315326242075,15.733010333,13.152446831,0.5,0.7,8,1.0,0.6345587614584507
paper_sensitivity_decay_0p2_0p5,699fe8f530cdedce85c353b30df648a4378d5d5a6bf7ecbc3dc56e2448bfc3c5,zac18,ghz_n78_transpiled,0,success,0.11596537712852513,316.0,4,157,22426.480506967328,20.625358375,18.041086384,0.2,0.5,8,0.7951477361110701,0.8318816035876231
paper_sensitivity_decay_0p35_0p6,ab54110d192bc28277204009c66ff47c3a79510922f99298f9ba112d28fcbcdb,zac18,ghz_n78_transpiled,0,success,0.12528503393450852,318.0,5,157,20880.444529081346,24.060501875,21.476487166,0.35,0.6,8,0.8590504646159471,0.9704310838622222
paper_sensitivity_default,ff4539cefb5f629c6bafcff8014b54edbfecfb526281b8b08b3db976471de4c6,zac18,ghz_n78_transpiled,0,success,0.14584129698424558,316.0,0,153,18382.315326242075,24.793622417,22.253687373,0.5,0.7,8,1.0,1.0
paper_sensitivity_horizon_2,76461aaa793ef4d8b74b74759162d75254d4e6ca2c7942410854f2d06666d2ea,zac18,ghz_n78_transpiled,0,success,0.14268443863972674,316.0,0,153,18796.794204640526,15.556565,12.995824874,0.5,0.7,2,0.9783541533859242,0.6274422001898957
paper_sensitivity_horizon_4,24cd2875935b01541d4f899613d786e78217a2f25a83eda1b9f7313e53eb9241,zac18,ghz_n78_transpiled,0,success,0.1453692285793554,316.0,0,153,18443.728943401966,18.805334958,16.137337872,0.5,0.7,4,0.9967631362676292,0.7584746852120298
paper_sensitivity_return_10_8,08b3a64da1098d617f95ac2899fbd4c67158a2f1c7644896e55c4a76dc219f16,zac18,ghz_n78_transpiled,0,success,0.14584129698424558,316.0,0,153,18382.315326242075,42.467592875,39.917330126,0.5,0.7,8,1.0,1.7128434143564943
paper_sensitivity_return_4_2,2cdd03029b5da420615be8d80d95bff9f2a0f06592d82aac27cc199c49913130,zac18,ghz_n78_transpiled,0,success,0.14584129698424558,316.0,0,153,18382.315326242075,15.54678675,13.00484925,0.5,0.7,8,1.0,0.6270478144952384
paper_sensitivity_budget_1152,d9fef7c3d772493af020478ba904057e12c4f5e839d07b84f6f29e5cd0c143d9,zac18,ising_n42,0,success,0.4167112109104556,140.0,0,26,2909.3396442350077,41.045018959,39.055726875,0.5,0.7,8,1.0,1.778769116977584
paper_sensitivity_budget_192,5f771f391025d6a7bc491bccddb2dfef916f3fb5482865c16cd34bb449ab99ed,zac18,ising_n42,0,success,0.4167112109104556,140.0,0,26,2909.3396442350077,11.893318875,9.886115959,0.5,0.7,8,1.0,0.5154210876196414
paper_sensitivity_decay_0p2_0p5,699fe8f530cdedce85c353b30df648a4378d5d5a6bf7ecbc3dc56e2448bfc3c5,zac18,ising_n42,0,success,0.4167112109104556,140.0,0,26,2909.3396442350077,23.118314209,21.142540625,0.2,0.5,8,1.0,1.0018790195377985
paper_sensitivity_decay_0p35_0p6,ab54110d192bc28277204009c66ff47c3a79510922f99298f9ba112d28fcbcdb,zac18,ising_n42,0,success,0.4167112109104556,140.0,0,26,2909.3396442350077,23.211059,21.188027667,0.35,0.6,8,1.0,1.0058983030994928
paper_sensitivity_default,ff4539cefb5f629c6bafcff8014b54edbfecfb526281b8b08b3db976471de4c6,zac18,ising_n42,0,success,0.4167112109104556,140.0,0,26,2909.3396442350077,23.074955916,21.063944459,0.5,0.7,8,1.0,1.0
paper_sensitivity_horizon_2,76461aaa793ef4d8b74b74759162d75254d4e6ca2c7942410854f2d06666d2ea,zac18,ising_n42,0,success,0.4167112109104556,140.0,0,26,2909.3396442350077,23.030820792,21.043777542,0.5,0.7,2,1.0,0.9980873149157612
paper_sensitivity_horizon_4,24cd2875935b01541d4f899613d786e78217a2f25a83eda1b9f7313e53eb9241,zac18,ising_n42,0,success,0.4167112109104556,140.0,0,26,2909.3396442350077,22.960815875,20.977034417,0.5,0.7,4,1.0,0.9950535098998453
paper_sensitivity_return_10_8,08b3a64da1098d617f95ac2899fbd4c67158a2f1c7644896e55c4a76dc219f16,zac18,ising_n42,0,success,0.4167164261523722,140.0,0,26,2908.895655077352,43.874929458,41.889557125,0.5,0.7,8,1.0000125152426431,1.9014090262065226
paper_sensitivity_return_4_2,2cdd03029b5da420615be8d80d95bff9f2a0f06592d82aac27cc199c49913130,zac18,ising_n42,0,success,0.4167112109104556,140.0,0,26,2909.3396442350077,14.762542917,12.781075917,0.5,0.7,8,1.0,0.6397647289442389
paper_sensitivity_budget_1152,d9fef7c3d772493af020478ba904057e12c4f5e839d07b84f6f29e5cd0c143d9,zac18,ising_n98_transpiled,0,success,0.055293983060508846,304.0,2,55,5819.870945784367,195.645858667,193.081851667,0.5,0.7,8,1.0,2.5563593014376313
paper_sensitivity_budget_192,5f771f391025d6a7bc491bccddb2dfef916f3fb5482865c16cd34bb449ab99ed,zac18,ising_n98_transpiled,0,success,0.055293983060508846,304.0,2,55,5819.870945784367,46.612686709,44.067633541,0.5,0.7,8,1.0,0.6090533990620531
paper_sensitivity_decay_0p2_0p5,699fe8f530cdedce85c353b30df648a4378d5d5a6bf7ecbc3dc56e2448bfc3c5,zac18,ising_n98_transpiled,0,success,0.055293983060508846,304.0,2,55,5819.870945784367,75.861228333,73.298882458,0.2,0.5,8,1.0,0.9912223953466124
paper_sensitivity_decay_0p35_0p6,ab54110d192bc28277204009c66ff47c3a79510922f99298f9ba112d28fcbcdb,zac18,ising_n98_transpiled,0,success,0.055293983060508846,304.0,2,55,5819.870945784367,76.274613708,73.734162375,0.35,0.6,8,1.0,0.99662379538472
paper_sensitivity_default,ff4539cefb5f629c6bafcff8014b54edbfecfb526281b8b08b3db976471de4c6,zac18,ising_n98_transpiled,0,success,0.055293983060508846,304.0,2,55,5819.870945784367,76.533004792,73.956254749,0.5,0.7,8,1.0,1.0
paper_sensitivity_horizon_2,76461aaa793ef4d8b74b74759162d75254d4e6ca2c7942410854f2d06666d2ea,zac18,ising_n98_transpiled,0,success,0.055293983060508846,304.0,2,55,5819.870945784367,76.436562375,73.866563083,0.5,0.7,2,1.0,0.9987398584798531
paper_sensitivity_horizon_4,24cd2875935b01541d4f899613d786e78217a2f25a83eda1b9f7313e53eb9241,zac18,ising_n98_transpiled,0,success,0.055293983060508846,304.0,2,55,5819.870945784367,76.423593833,73.861430708,0.5,0.7,4,1.0,0.9985704081618466
paper_sensitivity_return_10_8,08b3a64da1098d617f95ac2899fbd4c67158a2f1c7644896e55c4a76dc219f16,zac18,ising_n98_transpiled,0,success,0.055293983060508846,304.0,2,55,5819.870945784367,115.581719708,113.017551333,0.5,0.7,8,1.0,1.5102205907389352
paper_sensitivity_return_4_2,2cdd03029b5da420615be8d80d95bff9f2a0f06592d82aac27cc199c49913130,zac18,ising_n98_transpiled,0,success,0.055293983060508846,304.0,2,55,5819.870945784367,55.231175875,52.6533815,0.5,0.7,8,1.0,0.7216648036374147
paper_sensitivity_budget_1152,d9fef7c3d772493af020478ba904057e12c4f5e839d07b84f6f29e5cd0c143d9,zac18,seca_n11_transpiled,0,success,0.41718708829468276,220.0,49,89,10411.934609042519,33.541236666,30.864085747,0.5,0.7,8,1.0,0.994165269228758
paper_sensitivity_budget_192,5f771f391025d6a7bc491bccddb2dfef916f3fb5482865c16cd34bb449ab99ed,zac18,seca_n11_transpiled,0,success,0.4220991664837909,206.0,57,71,8128.616290234231,29.776364167,27.12131233,0.5,0.7,8,1.0117742814361466,0.8825741099983537
paper_sensitivity_decay_0p2_0p5,699fe8f530cdedce85c353b30df648a4378d5d5a6bf7ecbc3dc56e2448bfc3c5,zac18,seca_n11_transpiled,0,success,0.42015102891010225,198.0,62,69,8489.093957876712,37.280912375,34.639524919,0.2,0.5,8,1.0071045837672854,1.1050095933390536
paper_sensitivity_decay_0p35_0p6,ab54110d192bc28277204009c66ff47c3a79510922f99298f9ba112d28fcbcdb,zac18,seca_n11_transpiled,0,success,0.4216943442976621,210.0,56,73,8256.558608669411,36.186026042,33.533709876,0.35,0.6,8,1.010803920182198,1.0725570640283135
paper_sensitivity_default,ff4539cefb5f629c6bafcff8014b54edbfecfb526281b8b08b3db976471de4c6,zac18,seca_n11_transpiled,0,success,0.41718708829468276,220.0,49,89,10411.934609042519,33.738089334,31.050569747,0.5,0.7,8,1.0,1.0
paper_sensitivity_horizon_2,76461aaa793ef4d8b74b74759162d75254d4e6ca2c7942410854f2d06666d2ea,zac18,seca_n11_transpiled,0,success,0.42262177264624096,206.0,55,73,8719.27292341205,32.02208875,29.346601455,0.5,0.7,2,1.0130269716010945,0.9491375884682753
paper_sensitivity_horizon_4,24cd2875935b01541d4f899613d786e78217a2f25a83eda1b9f7313e53eb9241,zac18,seca_n11_transpiled,0,success,0.4166213328429052,222.0,49,88,10310.962878378676,34.820505583,32.150163169,0.5,0.7,4,0.9986438807248561,1.0320829149002573
paper_sensitivity_return_10_8,08b3a64da1098d617f95ac2899fbd4c67158a2f1c7644896e55c4a76dc219f16,zac18,seca_n11_transpiled,0,success,0.4147642709421941,216.0,55,87,10162.381544939755,63.246835875,60.520028959,0.5,0.7,8,0.9941924920006696,1.874641899512139
paper_sensitivity_return_4_2,2cdd03029b5da420615be8d80d95bff9f2a0f06592d82aac27cc199c49913130,zac18,seca_n11_transpiled,0,success,0.4190924433992945,214.0,51,85,10205.468816833642,20.868969083,18.16045529,0.5,0.7,8,1.0045671478290477,0.618558119175084
