code,parameters,n_qubits,n_gates,depth_device_agnostic,neat_depth,neat_n_move,neat_total_distance,enola_n_move,enola_total_distance
C4,"[[4,2,2]]",6,8,4,5,4,8.0,11,17.899
C6,"[[6,2,2]]",10,16,4,4,4,17.656,8,29.656
Steane,"[[7,1,3]]",13,24,6,6,6,51.901,23,51.549
Shor,"[[9,1,3]]",17,24,6,6,5,37.142,19,48.892
3DColor,"[[8,3,2]]",13,24,8,8,7,54.422,27,56.507
Surface7,"[[49,1,7]]",97,168,4,4,3,161.882,58,493.827
Surface13,"[[289,1,13]]",337,624,4,4,3,568.587,177,3907.205
Planar7,"[[85,1,7]]",169,312,4,4,3,355.829,100,1291.641
Planar13,"[[313,1,13]]",625,1200,4,4,3,1580.122,292,11115.277
