dataset,circuit,input_sha256,common_complete,arm,completed_runs,valid_runs,median_log_fidelity,median_move_batches,median_move_time_us,median_end_to_end_s,median_initialization_s,median_selection_s,median_sa_s,geometric_fidelity
zac18,bv_n14_transpiled,a9f1ef0f566a3cc1a347e8cb7bf74983b239326618f114a908e46c6e37c67752,True,old_sa4_h2,3,3,-0.16340173516008066,25,2665.112822177856,2.699908625,1.789062333,0.343520875,1.439711875,0.8492499463115744
zac18,bv_n14_transpiled,a9f1ef0f566a3cc1a347e8cb7bf74983b239326618f114a908e46c6e37c67752,True,ga_h2,3,3,-0.1635332241583719,25,2679.1631662398745,3.567165041,2.643748625,2.643720167,0.0,0.8491382866280057
zac18,bv_n14_transpiled,a9f1ef0f566a3cc1a347e8cb7bf74983b239326618f114a908e46c6e37c67752,True,ga_h0,3,3,-0.16352406814832623,25,2678.1847989924654,2.779790083,1.879975,1.879950083,0.0,0.8491460613822811
zac18,bv_n14_transpiled,a9f1ef0f566a3cc1a347e8cb7bf74983b239326618f114a908e46c6e37c67752,True,random_h2,3,3,-0.1637423559353437,25,2701.509809029617,3.7045585,2.648647042,2.648617708,0.0,0.8489607233969326
zac18,ghz_n23,0c57c9a79d2a187a90c2266ec22ad092f7f0ef573557f51b42f136c4db7f5afd,True,old_sa4_h2,3,3,-0.2999021879564942,43,4637.275591391364,4.34194625,2.097827084,0.374964041,1.7228075,0.7408906851696411
zac18,ghz_n23,0c57c9a79d2a187a90c2266ec22ad092f7f0ef573557f51b42f136c4db7f5afd,True,ga_h2,3,3,-0.3000646936500953,43,4647.833242531537,5.134623459,2.87568175,2.875652208,0.0,0.7407702959971929
zac18,ghz_n23,0c57c9a79d2a187a90c2266ec22ad092f7f0ef573557f51b42f136c4db7f5afd,True,ga_h0,3,3,-0.3007918029783228,43,4695.071083860004,4.158524959,1.918674792,1.918640666,0.0,0.7402318707756217
zac18,ghz_n23,0c57c9a79d2a187a90c2266ec22ad092f7f0ef573557f51b42f136c4db7f5afd,True,random_h2,3,3,-0.30065260002978333,43,4686.027653250568,5.13724925,2.87367825,2.873643375,0.0,0.7403349204068764
zac18,wstate_n27_transpiled,d2cb39ae9b321e8f9cffdc461f673280c0304eb8cfe4803fa00b765f7c2e324d,True,old_sa4_h2,3,3,-0.6979306872700858,66,8262.121160973533,9.348765458,2.073277958,0.369313084,1.718202125,0.4976139580186141
zac18,wstate_n27_transpiled,d2cb39ae9b321e8f9cffdc461f673280c0304eb8cfe4803fa00b765f7c2e324d,True,ga_h2,3,3,-0.7092561964251787,70,8727.661418445125,11.556803583,2.783116375,2.783084875,0.0,0.49201002020584367
zac18,wstate_n27_transpiled,d2cb39ae9b321e8f9cffdc461f673280c0304eb8cfe4803fa00b765f7c2e324d,True,ga_h0,3,3,-0.6979306872700858,66,8262.121160973533,9.191034667,1.930024375,1.929994667,0.0,0.4976139580186141
zac18,wstate_n27_transpiled,d2cb39ae9b321e8f9cffdc461f673280c0304eb8cfe4803fa00b765f7c2e324d,True,random_h2,3,3,-0.7220584726083008,72,9372.12729202379,11.073925833,2.778001041,2.777969666,0.0,0.4857513203267807
zac18,ising_n42,24ea0070b6bfe3a37d44ff0cff0d0f5527dd49518a58af57b394bd775bcaab65,False,old_sa4_h2,2,2,,,,,,,,
zac18,ising_n42,24ea0070b6bfe3a37d44ff0cff0d0f5527dd49518a58af57b394bd775bcaab65,False,ga_h2,0,0,,,,,,,,
zac18,ising_n42,24ea0070b6bfe3a37d44ff0cff0d0f5527dd49518a58af57b394bd775bcaab65,False,ga_h0,3,3,-0.8962826504896191,31,3634.5161550061543,25.9546515,2.329809167,2.329779667,0.0,0.40808383387976116
zac18,ising_n42,24ea0070b6bfe3a37d44ff0cff0d0f5527dd49518a58af57b394bd775bcaab65,False,random_h2,0,0,,,,,,,,
zac18,qft_n18_transpiled,2e218cbc6320c2d4600d37ddf2c65f8befcb1d6f62550cd0367b82b62e99979d,True,old_sa4_h2,3,3,-2.4147805892748817,143,20623.61469965825,145.683492458,13.778532334,0.519679,13.258803792,0.08938694922566473
zac18,qft_n18_transpiled,2e218cbc6320c2d4600d37ddf2c65f8befcb1d6f62550cd0367b82b62e99979d,True,ga_h2,3,3,-2.3342712504552705,94,16360.436063236084,140.366345291,3.877045792,3.876994041,0.0,0.09688105883462918
zac18,qft_n18_transpiled,2e218cbc6320c2d4600d37ddf2c65f8befcb1d6f62550cd0367b82b62e99979d,True,ga_h0,3,3,-2.360483250005465,112,18138.367689145445,146.053731958,2.950943375,2.9509025,0.0,0.09437460564615514
zac18,qft_n18_transpiled,2e218cbc6320c2d4600d37ddf2c65f8befcb1d6f62550cd0367b82b62e99979d,True,random_h2,3,3,-2.431823446837407,150,22354.779444037813,137.417641125,3.813543875,3.813505083,0.0,0.08787644836890753
qmap154,ex1_226,4a6d53e313003be35a7d3c56a5702b8a2f0ce138861f1ff1de53929c6660d26a,True,old_sa4_h2,3,3,-0.05090542252444232,9,1033.1510800838678,3.10943125,2.779422584,0.506598541,2.27977675,0.9503685497403696
qmap154,ex1_226,4a6d53e313003be35a7d3c56a5702b8a2f0ce138861f1ff1de53929c6660d26a,True,ga_h2,3,3,-0.05093121016802954,9,1039.59300147586,4.290679958,3.976366167,3.976335167,0.0,0.9503440422909283
qmap154,ex1_226,4a6d53e313003be35a7d3c56a5702b8a2f0ce138861f1ff1de53929c6660d26a,True,ga_h0,3,3,-0.0510032238794417,9,1057.5823491888393,3.384938708,3.006688666,3.006646042,0.0,0.9502756069534954
qmap154,ex1_226,4a6d53e313003be35a7d3c56a5702b8a2f0ce138861f1ff1de53929c6660d26a,True,random_h2,3,3,-0.05093121016802954,9,1039.5930014758599,4.239258667,3.87038475,3.870354208,0.0,0.9503440422909283
qmap154,cm82a_208,8314441e90c48c8308a3339a2101e26dc418327808ac370bf91fb6603ef666dd,True,old_sa4_h2,3,3,-3.156780681775211,357,36875.64610792737,44.882718625,4.583767916,0.424989708,4.158703,0.04256254312848372
qmap154,cm82a_208,8314441e90c48c8308a3339a2101e26dc418327808ac370bf91fb6603ef666dd,True,ga_h2,3,3,-3.156760748003711,357,36872.040144055965,44.844644959,3.435974416,3.435922,0.0,0.042563391568949165
qmap154,cm82a_208,8314441e90c48c8308a3339a2101e26dc418327808ac370bf91fb6603ef666dd,True,ga_h0,3,3,-3.1518813321298524,355,36407.62711389663,46.228432583,2.641878875,2.641836,0.0,0.04277158357203339
qmap154,cm82a_208,8314441e90c48c8308a3339a2101e26dc418327808ac370bf91fb6603ef666dd,True,random_h2,3,3,-3.154628723749604,357,35996.381145214276,43.058976458,3.461184,3.461140917,0.0,0.04265423455742783
qmap154,hwb5_53,9e3f053dbede7457444bf109616af357b3ab6d81a6a1537fd8fe7bc8559feb88,True,old_sa4_h2,3,3,-6.489044142755929,793,79720.8541604046,14.07126,4.588431333,0.489741916,4.112452084,0.0015200012180798836
qmap154,hwb5_53,9e3f053dbede7457444bf109616af357b3ab6d81a6a1537fd8fe7bc8559feb88,True,ga_h2,3,3,-6.4925621612235815,793,79323.56699714356,16.6486805,3.480421458,3.480350125,0.0,0.0015146632208157568
qmap154,hwb5_53,9e3f053dbede7457444bf109616af357b3ab6d81a6a1537fd8fe7bc8559feb88,True,ga_h0,3,3,-6.492872417623073,793,79016.13127603497,15.820765167,2.788202834,2.788123166,0.0,0.001514193359750894
qmap154,hwb5_53,9e3f053dbede7457444bf109616af357b3ab6d81a6a1537fd8fe7bc8559feb88,True,random_h2,3,3,-6.491561037774981,791,78836.34815206901,16.415875792,3.463832416,3.46375225,0.0,0.0015161803449704194
qmap154,adr4_197,3a59691f2cef465889098b3e1fe8dfc1073bdb63f046979516e9ca7612614be8,True,old_sa4_h2,3,3,-18.02734216461339,1968,200086.7610138077,39.777385667,7.0358155,0.560849458,6.469984917,1.4819200519097689e-08
qmap154,adr4_197,3a59691f2cef465889098b3e1fe8dfc1073bdb63f046979516e9ca7612614be8,True,ga_h2,3,3,-18.001268383303803,1949,197894.36784373116,40.600987667,4.84053775,4.840416,0.0,1.5210674538475995e-08
qmap154,adr4_197,3a59691f2cef465889098b3e1fe8dfc1073bdb63f046979516e9ca7612614be8,True,ga_h0,3,3,-17.997794869007116,1940,196082.7514427226,35.531737708,2.781602625,2.781485541,0.0,1.5263600900971673e-08
qmap154,adr4_197,3a59691f2cef465889098b3e1fe8dfc1073bdb63f046979516e9ca7612614be8,True,random_h2,3,3,-17.989997379612348,1940,197188.1721753171,38.826355709,4.584582,4.584474291,0.0,1.538308389542577e-08
