job_id,dataset,circuit,input_sha256,arm,seed,status,quality_classification,log_fidelity,fidelity,move_batches,move_time_us,end_to_end_s,initialization_s,selection_s,sa_s,unique_evaluations,cache_hits,proposals,termination_reason,selected_mapping_sha256
a9f1ef0f566a3cc1-s0-old_sa4_h2,zac18,bv_n14_transpiled,a9f1ef0f566a3cc1a347e8cb7bf74983b239326618f114a908e46c6e37c67752,old_sa4_h2,0,success,valid_fidelity,-0.16340173516008066,0.8492499463115744,25,2665.112822177856,2.664714875,1.768694583,0.341590625,1.427051167,,,,,9c04d3c0d0894eb0812d883e84e395ed053270d9f9d0d3c7e5f20a9c4bc6a8be
a9f1ef0f566a3cc1-s0-ga_h2,zac18,bv_n14_transpiled,a9f1ef0f566a3cc1a347e8cb7bf74983b239326618f114a908e46c6e37c67752,ga_h2,0,success,valid_fidelity,-0.1636789007180084,0.8490145960933787,25,2694.7293774857235,3.681626625,2.636554209,2.636524416,0.0,32,0,32,unique_evaluation_budget,74e9f168e9d7a725398d730e1c64b0ab185517fa4daf72b47d4738bcbff6b7eb
a9f1ef0f566a3cc1-s0-ga_h0,zac18,bv_n14_transpiled,a9f1ef0f566a3cc1a347e8cb7bf74983b239326618f114a908e46c6e37c67752,ga_h0,0,success,valid_fidelity,-0.16340173516008066,0.8492499463115744,25,2665.1128221778563,2.779790083,1.879975,1.879950083,0.0,32,0,32,unique_evaluation_budget,ba35053048191e3e8120d0c683a409ea64880f511fcaee07d45c9472bc5592c4
a9f1ef0f566a3cc1-s0-random_h2,zac18,bv_n14_transpiled,a9f1ef0f566a3cc1a347e8cb7bf74983b239326618f114a908e46c6e37c67752,random_h2,0,success,valid_fidelity,-0.16341750742449634,0.849236551822497,25,2666.7981849108414,3.560943584,2.647311291,2.647281208,0.0,32,0,32,unique_evaluation_budget,7e8149f741b59aac153d4e6017fb52976eb93cc7580fdf85b352989db573f8a8
a9f1ef0f566a3cc1-s1-ga_h2,zac18,bv_n14_transpiled,a9f1ef0f566a3cc1a347e8cb7bf74983b239326618f114a908e46c6e37c67752,ga_h2,1,success,valid_fidelity,-0.16352406814832623,0.8491460613822811,25,2678.1847989924654,3.550829583,2.643748625,2.643720167,0.0,32,0,32,unique_evaluation_budget,ff29ff7915893e4345e21d82e473357aa6d1123b1cbcbd687c3edeace8e01aa1
a9f1ef0f566a3cc1-s1-ga_h0,zac18,bv_n14_transpiled,a9f1ef0f566a3cc1a347e8cb7bf74983b239326618f114a908e46c6e37c67752,ga_h0,1,success,valid_fidelity,-0.16352406814832623,0.8491460613822811,25,2678.1847989924654,2.752366292,1.837506709,1.837467,0.0,31,1,32,early_stop_patience,ff29ff7915893e4345e21d82e473357aa6d1123b1cbcbd687c3edeace8e01aa1
a9f1ef0f566a3cc1-s1-random_h2,zac18,bv_n14_transpiled,a9f1ef0f566a3cc1a347e8cb7bf74983b239326618f114a908e46c6e37c67752,random_h2,1,success,valid_fidelity,-0.1637423559353437,0.8489607233969326,25,2701.509809029617,3.7045585,2.651262833,2.651232916,0.0,32,0,32,unique_evaluation_budget,dcf97ecc116a2b90c0835f4a7310e041594ee0c760aed2afdf6e54947cab166e
a9f1ef0f566a3cc1-s1-old_sa4_h2,zac18,bv_n14_transpiled,a9f1ef0f566a3cc1a347e8cb7bf74983b239326618f114a908e46c6e37c67752,old_sa4_h2,1,success,valid_fidelity,-0.16340173516008066,0.8492499463115744,25,2665.112822177856,2.714640708,1.789062333,0.349300792,1.439711875,,,,,aba9db2bf4ea789cc6b54ccc8ac6a7deb22b79a8df2db9ce9a54910ef1671940
a9f1ef0f566a3cc1-s2-ga_h0,zac18,bv_n14_transpiled,a9f1ef0f566a3cc1a347e8cb7bf74983b239326618f114a908e46c6e37c67752,ga_h0,2,success,valid_fidelity,-0.16353322415837188,0.8491382866280057,25,2679.163166239874,2.810069833,1.906746084,1.906717292,0.0,32,0,32,unique_evaluation_budget,aea99ce95eb4dd06deb92c2fabf4fb3ca58a9073979d72197ee53fa405f26629
a9f1ef0f566a3cc1-s2-random_h2,zac18,bv_n14_transpiled,a9f1ef0f566a3cc1a347e8cb7bf74983b239326618f114a908e46c6e37c67752,random_h2,2,success,valid_fidelity,-0.16374235593534373,0.8489607233969326,25,2701.509809029618,3.709365083,2.648647042,2.648617708,0.0,32,0,32,unique_evaluation_budget,a87f91ddbb46ebd062cac4244f03905ee083f6bf0e5c39520b5770b93aa0e40b
a9f1ef0f566a3cc1-s2-old_sa4_h2,zac18,bv_n14_transpiled,a9f1ef0f566a3cc1a347e8cb7bf74983b239326618f114a908e46c6e37c67752,old_sa4_h2,2,success,valid_fidelity,-0.16340173516008066,0.8492499463115744,25,2665.112822177856,2.699908625,1.792080917,0.343520875,1.448524084,,,,,1d5acba9d8af3f8fddac3ce155e1cb2a498d7bbe591de05dd8b5ed189d51d672
a9f1ef0f566a3cc1-s2-ga_h2,zac18,bv_n14_transpiled,a9f1ef0f566a3cc1a347e8cb7bf74983b239326618f114a908e46c6e37c67752,ga_h2,2,success,valid_fidelity,-0.1635332241583719,0.8491382866280057,25,2679.1631662398745,3.567165041,2.651641333,2.651614416,0.0,32,0,32,unique_evaluation_budget,4f76f239669134abd43cd6aa8b5f96b8cd87d13d80a0fbc6ec54da052ca68f2c
0c57c9a79d2a187a-s0-ga_h2,zac18,ghz_n23,0c57c9a79d2a187a90c2266ec22ad092f7f0ef573557f51b42f136c4db7f5afd,ga_h2,0,success,valid_fidelity,-0.30060434286216114,0.74037064773527,43,4682.892575079818,5.076190375,2.844007583,2.843973083,0.0,32,0,33,unique_evaluation_budget,3f347afe74f46f283a8186b9402071d013c5516ad3b5318a4a9b76ee9227542d
0c57c9a79d2a187a-s0-ga_h0,zac18,ghz_n23,0c57c9a79d2a187a90c2266ec22ad092f7f0ef573557f51b42f136c4db7f5afd,ga_h0,0,success,valid_fidelity,-0.3007918029783228,0.7402318707756217,43,4695.071083860004,4.138554833,1.918431042,1.918401625,0.0,32,0,33,unique_evaluation_budget,ff3b3a7fb7977fa6c1790ca14704cfa588704941f9dd805b03aff29199187d75
0c57c9a79d2a187a-s0-random_h2,zac18,ghz_n23,0c57c9a79d2a187a90c2266ec22ad092f7f0ef573557f51b42f136c4db7f5afd,random_h2,0,success,valid_fidelity,-0.30066953758205184,0.7403223810516592,43,4687.128017771349,5.118817666,2.85076675,2.850739125,0.0,32,0,33,unique_evaluation_budget,a0b16f6156474659261703462f895a1dc87a21afb82e4f14a71bce3819a24bce
0c57c9a79d2a187a-s0-old_sa4_h2,zac18,ghz_n23,0c57c9a79d2a187a90c2266ec22ad092f7f0ef573557f51b42f136c4db7f5afd,old_sa4_h2,0,success,valid_fidelity,-0.2999004099138589,0.7408920025060386,43,4637.160075310161,4.381948417,2.120484833,0.373683541,1.746751625,,,,,5f4c0e9bff2d494b946cd62c1097aafba9a551a770b36b1c7d24dea9f5a35181
0c57c9a79d2a187a-s1-ga_h0,zac18,ghz_n23,0c57c9a79d2a187a90c2266ec22ad092f7f0ef573557f51b42f136c4db7f5afd,ga_h0,1,success,valid_fidelity,-0.3025616863912948,0.7389229053655595,43,4810.048199978225,4.158524959,1.933134542,1.933104834,0.0,32,0,33,unique_evaluation_budget,435b9bfa10f3b96742f7cd198f04b4e6f7d8145e658cba68c40ca61d224ef6ea
0c57c9a79d2a187a-s1-random_h2,zac18,ghz_n23,0c57c9a79d2a187a90c2266ec22ad092f7f0ef573557f51b42f136c4db7f5afd,random_h2,1,success,valid_fidelity,-0.30051864131289774,0.7404341013658085,43,4677.32486665485,5.141008166,2.87367825,2.873643375,0.0,32,0,33,unique_evaluation_budget,bf29f7397509de5c6e6bffcc6f7b3d5e83f00fe45e179b223026606d61cf6049
0c57c9a79d2a187a-s1-old_sa4_h2,zac18,ghz_n23,0c57c9a79d2a187a90c2266ec22ad092f7f0ef573557f51b42f136c4db7f5afd,old_sa4_h2,1,success,valid_fidelity,-0.2999021879564942,0.7408906851696411,43,4637.275591391364,4.3371275,2.095495875,0.377376125,1.718056958,,,,,a8d5e7ee7c9c86475b3db951fd1edd3371111dc8f41a48720f52ee416be0c0fa
0c57c9a79d2a187a-s1-ga_h2,zac18,ghz_n23,0c57c9a79d2a187a90c2266ec22ad092f7f0ef573557f51b42f136c4db7f5afd,ga_h2,1,success,valid_fidelity,-0.2999316456154634,0.740868860585956,43,4639.189398713698,5.161054916,2.87568175,2.875652208,0.0,32,0,33,unique_evaluation_budget,76b6303a8bca4531cac61295caf8996b068044b3af387524a5c7d3926776c3bb
0c57c9a79d2a187a-s2-random_h2,zac18,ghz_n23,0c57c9a79d2a187a90c2266ec22ad092f7f0ef573557f51b42f136c4db7f5afd,random_h2,2,success,valid_fidelity,-0.30065260002978333,0.7403349204068764,43,4686.027653250568,5.13724925,2.909751208,2.909611666,0.0,32,0,33,unique_evaluation_budget,8a8f98e372dec4b1a1620d082f7d6c5d6c2a1c76006e1879b24376c3d9b01ccf
0c57c9a79d2a187a-s2-old_sa4_h2,zac18,ghz_n23,0c57c9a79d2a187a90c2266ec22ad092f7f0ef573557f51b42f136c4db7f5afd,old_sa4_h2,2,success,valid_fidelity,-0.29990218795649426,0.7408906851696411,43,4637.275591391364,4.34194625,2.097827084,0.374964041,1.7228075,,,,,dab551ad66604c1a619e4bfa5776ed57b71f46fe7f6c99d5c803cd2baee28beb
0c57c9a79d2a187a-s2-ga_h2,zac18,ghz_n23,0c57c9a79d2a187a90c2266ec22ad092f7f0ef573557f51b42f136c4db7f5afd,ga_h2,2,success,valid_fidelity,-0.3000646936500953,0.7407702959971929,43,4647.833242531537,5.134623459,2.876178875,2.876148459,0.0,32,0,33,unique_evaluation_budget,d98fcff42da59ee5cae79174babbeb40abe69071bc3bdbd5c6c21e37c68ef20f
0c57c9a79d2a187a-s2-ga_h0,zac18,ghz_n23,0c57c9a79d2a187a90c2266ec22ad092f7f0ef573557f51b42f136c4db7f5afd,ga_h0,2,success,valid_fidelity,-0.3004212399026127,0.7405062242038806,43,4670.997036925423,4.210853916,1.918674792,1.918640666,0.0,32,0,33,unique_evaluation_budget,513365b671382952b92753ebb75136f062a6eb7f838b38ff17ce363f4433d981
d2cb39ae9b321e8f-s0-ga_h0,zac18,wstate_n27_transpiled,d2cb39ae9b321e8f9cffdc461f673280c0304eb8cfe4803fa00b765f7c2e324d,ga_h0,0,success,valid_fidelity,-0.7092561964251787,0.49201002020584367,77,8904.193228635759,10.636921459,1.906347208,1.906318834,0.0,32,0,33,unique_evaluation_budget,95f505211d2f2eeb83864149ebefb67a100551c535a584b002b51657e9284976
d2cb39ae9b321e8f-s0-random_h2,zac18,wstate_n27_transpiled,d2cb39ae9b321e8f9cffdc461f673280c0304eb8cfe4803fa00b765f7c2e324d,random_h2,0,success,valid_fidelity,-0.7220584726083008,0.4857513203267807,76,9372.12729202379,11.167462166,2.769121833,2.769087084,0.0,32,0,33,unique_evaluation_budget,4a3ca321be1ef0169c67bd2800a7c27ec627fb0489ebba3e09c0bbf3180f00ed
d2cb39ae9b321e8f-s0-old_sa4_h2,zac18,wstate_n27_transpiled,d2cb39ae9b321e8f9cffdc461f673280c0304eb8cfe4803fa00b765f7c2e324d,old_sa4_h2,0,success,valid_fidelity,-0.7092561964251787,0.49201002020584367,77,8904.193228635759,10.846930875,2.073277958,0.369313084,1.703913875,,,,,95f505211d2f2eeb83864149ebefb67a100551c535a584b002b51657e9284976
d2cb39ae9b321e8f-s0-ga_h2,zac18,wstate_n27_transpiled,d2cb39ae9b321e8f9cffdc461f673280c0304eb8cfe4803fa00b765f7c2e324d,ga_h2,0,success,valid_fidelity,-0.7092561964251787,0.49201002020584367,77,8904.193228635759,11.556803583,2.783116375,2.783084875,0.0,32,0,33,unique_evaluation_budget,95f505211d2f2eeb83864149ebefb67a100551c535a584b002b51657e9284976
d2cb39ae9b321e8f-s1-random_h2,zac18,wstate_n27_transpiled,d2cb39ae9b321e8f9cffdc461f673280c0304eb8cfe4803fa00b765f7c2e324d,random_h2,1,success,valid_fidelity,-0.731697838365562,0.4810914807138928,72,9485.184227682314,11.073925833,2.778001041,2.777969666,0.0,32,0,33,unique_evaluation_budget,3eec5374c8d324e1c4fb86ce02e988cf002e2515e42c9f8fff8b110e4e86163b
d2cb39ae9b321e8f-s1-old_sa4_h2,zac18,wstate_n27_transpiled,d2cb39ae9b321e8f9cffdc461f673280c0304eb8cfe4803fa00b765f7c2e324d,old_sa4_h2,1,success,valid_fidelity,-0.6979306872700858,0.4976139580186141,66,8262.121160973533,9.348765458,2.071529458,0.353249334,1.718202125,,,,,95f505211d2f2eeb83864149ebefb67a100551c535a584b002b51657e9284976
d2cb39ae9b321e8f-s1-ga_h2,zac18,wstate_n27_transpiled,d2cb39ae9b321e8f9cffdc461f673280c0304eb8cfe4803fa00b765f7c2e324d,ga_h2,1,success,valid_fidelity,-0.7109467339227572,0.4911789614833925,70,8727.661418445125,12.798522625,2.740299042,2.740267125,0.0,32,0,33,unique_evaluation_budget,9c2abf946216b5a6fdcf9a83652795be0122fe406059db427d567914d449a6f5
d2cb39ae9b321e8f-s1-ga_h0,zac18,wstate_n27_transpiled,d2cb39ae9b321e8f9cffdc461f673280c0304eb8cfe4803fa00b765f7c2e324d,ga_h0,1,success,valid_fidelity,-0.6979306872700858,0.4976139580186141,66,8262.121160973533,9.191034667,1.930024375,1.929994667,0.0,32,0,33,unique_evaluation_budget,95f505211d2f2eeb83864149ebefb67a100551c535a584b002b51657e9284976
d2cb39ae9b321e8f-s2-old_sa4_h2,zac18,wstate_n27_transpiled,d2cb39ae9b321e8f9cffdc461f673280c0304eb8cfe4803fa00b765f7c2e324d,old_sa4_h2,2,success,valid_fidelity,-0.6979306872700858,0.4976139580186141,66,8262.121160973533,9.009826541,2.095082208,0.369331125,1.72569125,,,,,95f505211d2f2eeb83864149ebefb67a100551c535a584b002b51657e9284976
d2cb39ae9b321e8f-s2-ga_h2,zac18,wstate_n27_transpiled,d2cb39ae9b321e8f9cffdc461f673280c0304eb8cfe4803fa00b765f7c2e324d,ga_h2,2,success,valid_fidelity,-0.6979306872700858,0.4976139580186141,66,8262.121160973533,9.677149792,2.801388667,2.801355958,0.0,32,0,33,unique_evaluation_budget,95f505211d2f2eeb83864149ebefb67a100551c535a584b002b51657e9284976
d2cb39ae9b321e8f-s2-ga_h0,zac18,wstate_n27_transpiled,d2cb39ae9b321e8f9cffdc461f673280c0304eb8cfe4803fa00b765f7c2e324d,ga_h0,2,success,valid_fidelity,-0.6979306872700858,0.4976139580186141,66,8262.121160973533,8.837994083,1.957653375,1.957619959,0.0,32,0,33,unique_evaluation_budget,95f505211d2f2eeb83864149ebefb67a100551c535a584b002b51657e9284976
d2cb39ae9b321e8f-s2-random_h2,zac18,wstate_n27_transpiled,d2cb39ae9b321e8f9cffdc461f673280c0304eb8cfe4803fa00b765f7c2e324d,random_h2,2,success,valid_fidelity,-0.6979306872700858,0.4976139580186141,66,8262.121160973533,9.683738291,2.819043083,2.819010583,0.0,32,0,33,unique_evaluation_budget,95f505211d2f2eeb83864149ebefb67a100551c535a584b002b51657e9284976
24ea0070b6bfe3a3-s0-random_h2,zac18,ising_n42,24ea0070b6bfe3a37d44ff0cff0d0f5527dd49518a58af57b394bd775bcaab65,random_h2,0,timeout,,,,,,,,,,,,,,
24ea0070b6bfe3a3-s0-old_sa4_h2,zac18,ising_n42,24ea0070b6bfe3a37d44ff0cff0d0f5527dd49518a58af57b394bd775bcaab65,old_sa4_h2,0,success,valid_fidelity,-0.8894694000349298,0.4108737044978926,29,3483.788517329393,24.930726083,6.0778635,4.355419625,1.72241025,,,,,a2058146b77a9806255a1d74f4b44c3aa34b9baeb0e3f4f451af2c80e0fa27b9
24ea0070b6bfe3a3-s0-ga_h2,zac18,ising_n42,24ea0070b6bfe3a37d44ff0cff0d0f5527dd49518a58af57b394bd775bcaab65,ga_h2,0,timeout,,,,,,,,,,,,,,
24ea0070b6bfe3a3-s0-ga_h0,zac18,ising_n42,24ea0070b6bfe3a37d44ff0cff0d0f5527dd49518a58af57b394bd775bcaab65,ga_h0,0,success,valid_fidelity,-0.8962826504896191,0.40808383387976116,31,3634.5161550061543,28.084289459,2.258990084,2.25896425,0.0,32,0,33,unique_evaluation_budget,cfb3f075a823b78faca0146febba85a9c025f831daebd49813a02b740dbf7703
24ea0070b6bfe3a3-s1-old_sa4_h2,zac18,ising_n42,24ea0070b6bfe3a37d44ff0cff0d0f5527dd49518a58af57b394bd775bcaab65,old_sa4_h2,1,timeout,,,,,,,,,,,,,,
24ea0070b6bfe3a3-s1-ga_h2,zac18,ising_n42,24ea0070b6bfe3a37d44ff0cff0d0f5527dd49518a58af57b394bd775bcaab65,ga_h2,1,timeout,,,,,,,,,,,,,,
24ea0070b6bfe3a3-s1-ga_h0,zac18,ising_n42,24ea0070b6bfe3a37d44ff0cff0d0f5527dd49518a58af57b394bd775bcaab65,ga_h0,1,success,valid_fidelity,-0.9091176965088812,0.40287952928224213,33,4141.329509765808,25.1922665,2.329809167,2.329779667,0.0,32,0,33,unique_evaluation_budget,de7785c835eaed952f4911b2a3015e95b182d3e73b69aa03f7865270031bd772
24ea0070b6bfe3a3-s1-random_h2,zac18,ising_n42,24ea0070b6bfe3a37d44ff0cff0d0f5527dd49518a58af57b394bd775bcaab65,random_h2,1,timeout,,,,,,,,,,,,,,
24ea0070b6bfe3a3-s2-ga_h2,zac18,ising_n42,24ea0070b6bfe3a37d44ff0cff0d0f5527dd49518a58af57b394bd775bcaab65,ga_h2,2,timeout,,,,,,,,,,,,,,
24ea0070b6bfe3a3-s2-ga_h0,zac18,ising_n42,24ea0070b6bfe3a37d44ff0cff0d0f5527dd49518a58af57b394bd775bcaab65,ga_h0,2,success,valid_fidelity,-0.8753618368828655,0.4167112109104556,26,2909.3396442350077,25.9546515,2.428961542,2.42892975,0.0,32,0,33,unique_evaluation_budget,801c498c3318e88061581054e65f17f273eac650d1c91ef83437a0f1d5e279b0
24ea0070b6bfe3a3-s2-random_h2,zac18,ising_n42,24ea0070b6bfe3a37d44ff0cff0d0f5527dd49518a58af57b394bd775bcaab65,random_h2,2,timeout,,,,,,,,,,,,,,
24ea0070b6bfe3a3-s2-old_sa4_h2,zac18,ising_n42,24ea0070b6bfe3a37d44ff0cff0d0f5527dd49518a58af57b394bd775bcaab65,old_sa4_h2,2,success,valid_fidelity,-0.8825106934260772,0.41374282516751576,25,3299.7957570817584,31.269968834,8.899757,6.26488325,2.63483075,,,,,00468e5917ed949f5eb6bfa7c796c8f5f0b687f069ed8f359550d0dc006d5de4
2e218cbc6320c2d4-s0-old_sa4_h2,zac18,qft_n18_transpiled,2e218cbc6320c2d4600d37ddf2c65f8befcb1d6f62550cd0367b82b62e99979d,old_sa4_h2,0,success,valid_fidelity,-2.4590969294963063,0.08551213959966704,162,23173.599068034113,176.896455833,13.778532334,0.519679,13.258803792,,,,,4eca794dcfede2d8b25a1bb28ba59a2bb1ebb5b0ef4d2e95d252f31fd6a6d622
2e218cbc6320c2d4-s0-ga_h2,zac18,qft_n18_transpiled,2e218cbc6320c2d4600d37ddf2c65f8befcb1d6f62550cd0367b82b62e99979d,ga_h2,0,success,valid_fidelity,-2.3331735967461107,0.09698745907283143,94,16108.914858812335,130.791012958,3.877045792,3.876994041,0.0,32,0,34,unique_evaluation_budget,1d031e9f17d5d6ff21754dc38a3024c7c051b5edb8e640094f8b17ef1068410d
2e218cbc6320c2d4-s0-ga_h0,zac18,qft_n18_transpiled,2e218cbc6320c2d4600d37ddf2c65f8befcb1d6f62550cd0367b82b62e99979d,ga_h0,0,success,valid_fidelity,-2.4315857015686753,0.08789734306244905,167,22350.350837876864,135.019923084,2.918323333,2.918275917,0.0,32,0,34,unique_evaluation_budget,5b72f614d4acc19da587ad3af0781794ee21921d79c0c8b4d37ac197ae9dab6c
2e218cbc6320c2d4-s0-random_h2,zac18,qft_n18_transpiled,2e218cbc6320c2d4600d37ddf2c65f8befcb1d6f62550cd0367b82b62e99979d,random_h2,0,success,valid_fidelity,-2.431823446837407,0.08787644836890753,150,23537.207952229503,137.417641125,4.018237334,4.01816425,0.0,32,0,34,unique_evaluation_budget,12857e5f8450866c10c352ccd6d485b50f1058885fca582d45bcfd083f9f186d
2e218cbc6320c2d4-s1-ga_h2,zac18,qft_n18_transpiled,2e218cbc6320c2d4600d37ddf2c65f8befcb1d6f62550cd0367b82b62e99979d,ga_h2,1,success,valid_fidelity,-2.3342712504552705,0.09688105883462918,94,16360.436063236084,140.366345291,3.616019458,3.615974625,0.0,32,0,34,unique_evaluation_budget,10500a5ede0931ae65fa1801c1da91715bbd72f2040e1ecff964a6f280f6caf5
2e218cbc6320c2d4-s1-ga_h0,zac18,qft_n18_transpiled,2e218cbc6320c2d4600d37ddf2c65f8befcb1d6f62550cd0367b82b62e99979d,ga_h0,1,success,valid_fidelity,-2.346227707177182,0.09572960203654114,111,16603.944975608116,146.053731958,2.950943375,2.9509025,0.0,32,0,34,unique_evaluation_budget,9732f7b54fea0b20848b0cbd72f8eb8017e74dc42632c753ba30f44ac8101b6d
2e218cbc6320c2d4-s1-random_h2,zac18,qft_n18_transpiled,2e218cbc6320c2d4600d37ddf2c65f8befcb1d6f62550cd0367b82b62e99979d,random_h2,1,success,valid_fidelity,-2.4485370201661776,0.08641992466877077,147,22354.779444037813,156.377816875,3.805005,3.804953667,0.0,32,0,34,unique_evaluation_budget,985e1a14f902539e8acdcf6b0e82abe8754b8049514b7ca85b7e71d8abd31fcd
2e218cbc6320c2d4-s1-old_sa4_h2,zac18,qft_n18_transpiled,2e218cbc6320c2d4600d37ddf2c65f8befcb1d6f62550cd0367b82b62e99979d,old_sa4_h2,1,success,valid_fidelity,-2.3993618366415035,0.09077586463964511,137,20623.61469965825,143.442319834,13.852576542,0.473670875,13.378866875,,,,,4eca794dcfede2d8b25a1bb28ba59a2bb1ebb5b0ef4d2e95d252f31fd6a6d622
2e218cbc6320c2d4-s2-ga_h0,zac18,qft_n18_transpiled,2e218cbc6320c2d4600d37ddf2c65f8befcb1d6f62550cd0367b82b62e99979d,ga_h0,2,success,valid_fidelity,-2.360483250005465,0.09437460564615514,112,18138.367689145445,163.128415792,3.015193833,3.015146834,0.0,32,0,34,unique_evaluation_budget,1b7b523ab1f96e1c4ec791331ba9e4d8189034fa253b8111e8926cd0564ee895
2e218cbc6320c2d4-s2-random_h2,zac18,qft_n18_transpiled,2e218cbc6320c2d4600d37ddf2c65f8befcb1d6f62550cd0367b82b62e99979d,random_h2,2,success,valid_fidelity,-2.3986268106976656,0.09084261178266538,169,21087.43133760471,135.8724285,3.813543875,3.813505083,0.0,32,0,34,unique_evaluation_budget,e0550fd3fdad1b37d5a6ca99ad1cf7de0bd03db8a1e2f14b045430c3b1c623c5
2e218cbc6320c2d4-s2-old_sa4_h2,zac18,qft_n18_transpiled,2e218cbc6320c2d4600d37ddf2c65f8befcb1d6f62550cd0367b82b62e99979d,old_sa4_h2,2,success,valid_fidelity,-2.4147805892748817,0.08938694922566473,143,20053.474617663403,145.683492458,13.602088,0.530003959,13.072038542,,,,,4eca794dcfede2d8b25a1bb28ba59a2bb1ebb5b0ef4d2e95d252f31fd6a6d622
2e218cbc6320c2d4-s2-ga_h2,zac18,qft_n18_transpiled,2e218cbc6320c2d4600d37ddf2c65f8befcb1d6f62550cd0367b82b62e99979d,ga_h2,2,success,valid_fidelity,-2.3455572217953873,0.09579380885777385,111,16549.06073228383,140.935396083,3.931555959,3.93149825,0.0,32,0,34,unique_evaluation_budget,3957af10cc9dbd756704b34f3223d43e48b4be4bb8b64b31b4ce65c1b7986383
4a6d53e313003be3-s0-ga_h2,qmap154,ex1_226,4a6d53e313003be35a7d3c56a5702b8a2f0ce138861f1ff1de53929c6660d26a,ga_h2,0,success,valid_fidelity,-0.05091060162520695,0.9503636276986327,9,1034.4448554221085,4.290679958,3.979233917,3.979202125,0.0,32,4,37,unique_evaluation_budget,21fb39219b040550b7a666f242b3cb6b973bad07a78e5008f925408649de5c8e
4a6d53e313003be3-s0-ga_h0,qmap154,ex1_226,4a6d53e313003be35a7d3c56a5702b8a2f0ce138861f1ff1de53929c6660d26a,ga_h0,0,success,valid_fidelity,-0.05095252884634141,0.9503237824279627,9,1044.9185253182163,3.023287666,2.719056375,2.719019208,0.0,29,3,33,early_stop_patience,898d64f6d9af00af8bcaa7f510c55886a74bdc27d824877cc59bb50d456f2ae9
4a6d53e313003be3-s0-random_h2,qmap154,ex1_226,4a6d53e313003be35a7d3c56a5702b8a2f0ce138861f1ff1de53929c6660d26a,random_h2,0,success,valid_fidelity,-0.05091060162520695,0.9503636276986327,9,1034.444855422108,4.239258667,3.87038475,3.870354208,0.0,32,0,33,unique_evaluation_budget,8033ebe6e192a98f7237f6675c90b796d673e7eeda6dbcb855f2b8b56920c314
4a6d53e313003be3-s0-old_sa4_h2,qmap154,ex1_226,4a6d53e313003be35a7d3c56a5702b8a2f0ce138861f1ff1de53929c6660d26a,old_sa4_h2,0,success,valid_fidelity,-0.05090542252444232,0.9503685497403696,9,1033.1510800838678,3.10943125,2.779422584,0.486820958,2.292531459,,,,,38204d04be616a305d67cc602bdffd0dad984bbfa2027679c37a54ccf841989f
4a6d53e313003be3-s1-ga_h0,qmap154,ex1_226,4a6d53e313003be35a7d3c56a5702b8a2f0ce138861f1ff1de53929c6660d26a,ga_h0,1,success,valid_fidelity,-0.0510032238794417,0.9502756069534954,9,1057.5823491888393,3.509337625,3.138408417,3.138375875,0.0,32,1,34,unique_evaluation_budget,7e220523bd63e744efbfe5d4481aaf52b68d7b575e05fc0be071217120a72165
4a6d53e313003be3-s1-random_h2,qmap154,ex1_226,4a6d53e313003be35a7d3c56a5702b8a2f0ce138861f1ff1de53929c6660d26a,random_h2,1,success,valid_fidelity,-0.05093121016802954,0.9503440422909283,9,1039.5930014758599,4.465246041,4.17100875,4.170977833,0.0,32,0,33,unique_evaluation_budget,78f806920baf467aee61cff5d775d58bddbafd520211e0eeb57a7ccc013bc5d5
4a6d53e313003be3-s1-old_sa4_h2,qmap154,ex1_226,4a6d53e313003be35a7d3c56a5702b8a2f0ce138861f1ff1de53929c6660d26a,old_sa4_h2,1,success,valid_fidelity,-0.05090542252444232,0.9503685497403696,9,1033.1510800838678,3.173862958,2.836270375,0.556440459,2.27977675,,,,,38204d04be616a305d67cc602bdffd0dad984bbfa2027679c37a54ccf841989f
4a6d53e313003be3-s1-ga_h2,qmap154,ex1_226,4a6d53e313003be35a7d3c56a5702b8a2f0ce138861f1ff1de53929c6660d26a,ga_h2,1,success,valid_fidelity,-0.0510032238794417,0.9502756069534954,9,1057.5823491888393,4.330269834,3.976366167,3.976335167,0.0,32,3,36,unique_evaluation_budget,7e220523bd63e744efbfe5d4481aaf52b68d7b575e05fc0be071217120a72165
4a6d53e313003be3-s2-random_h2,qmap154,ex1_226,4a6d53e313003be35a7d3c56a5702b8a2f0ce138861f1ff1de53929c6660d26a,random_h2,2,success,valid_fidelity,-0.05093121016802954,0.9503440422909283,9,1039.59300147586,4.145861334,3.822083417,3.822028708,0.0,32,1,34,unique_evaluation_budget,5c5027c1043d19ae9f9197315e674b68f0f4cbe8443cdade01cf4a95f916bb67
4a6d53e313003be3-s2-old_sa4_h2,qmap154,ex1_226,4a6d53e313003be35a7d3c56a5702b8a2f0ce138861f1ff1de53929c6660d26a,old_sa4_h2,2,success,valid_fidelity,-0.050830985615699716,0.95043929487037,9,1014.5560999676718,3.056153792,2.762401791,0.506598541,2.255748333,,,,,d4a4a0c3f38b8b98555cbaa5bdd72cd9e95c80b83011840f833718a5eec07120
4a6d53e313003be3-s2-ga_h2,qmap154,ex1_226,4a6d53e313003be35a7d3c56a5702b8a2f0ce138861f1ff1de53929c6660d26a,ga_h2,2,success,valid_fidelity,-0.05093121016802954,0.9503440422909283,9,1039.59300147586,4.226756667,3.856766875,3.856724708,0.0,32,0,33,unique_evaluation_budget,11fd49151452669e9a5a51067bd06beb97963913e4653d79b525a114dedb49dd
4a6d53e313003be3-s2-ga_h0,qmap154,ex1_226,4a6d53e313003be35a7d3c56a5702b8a2f0ce138861f1ff1de53929c6660d26a,ga_h0,2,success,valid_fidelity,-0.0510032238794417,0.9502756069534954,9,1057.5823491888395,3.384938708,3.006688666,3.006646042,0.0,32,0,33,unique_evaluation_budget,061605cf87ab894b3c067fb61f9e9a62d9f5140e47141d617066b3f5585bb70b
8314441e90c48c83-s0-ga_h0,qmap154,cm82a_208,8314441e90c48c8308a3339a2101e26dc418327808ac370bf91fb6603ef666dd,ga_h0,0,success,valid_fidelity,-3.151631422059981,0.04278227395723421,355,36407.62711389663,46.72730225,2.9735835,2.973517916,0.0,32,2,34,unique_evaluation_budget,2f1601f6659b6c7b97ea120591e6a8454fa2efbc13a4ac46d94a97db44856fa6
8314441e90c48c83-s0-random_h2,qmap154,cm82a_208,8314441e90c48c8308a3339a2101e26dc418327808ac370bf91fb6603ef666dd,random_h2,0,success,valid_fidelity,-3.1593632001523653,0.04245276638991044,358,36755.76831927413,43.058976458,3.461184,3.461140917,0.0,32,0,32,unique_evaluation_budget,96ac8a8241c1619255451db77a0fdaab7bf1039a65c633f33a07349bfa90632f
8314441e90c48c83-s0-old_sa4_h2,qmap154,cm82a_208,8314441e90c48c8308a3339a2101e26dc418327808ac370bf91fb6603ef666dd,old_sa4_h2,0,success,valid_fidelity,-3.151632644711021,0.04278222164947444,355,36407.84837483902,44.882718625,4.630323625,0.41838825,4.21184925,,,,,b6de683fd3f4a6122c4253b534d0e422786dc1cbc02032ec31621a058d00327d
8314441e90c48c83-s0-ga_h2,qmap154,cm82a_208,8314441e90c48c8308a3339a2101e26dc418327808ac370bf91fb6603ef666dd,ga_h2,0,success,valid_fidelity,-3.156760748003711,0.042563391568949165,357,36872.040144055965,42.392118959,3.58132625,3.581267834,0.0,32,3,35,unique_evaluation_budget,49ffeedb63dec9e2e8ba44da82a8420e69e031dc20766ed20ea4d1583225b010
8314441e90c48c83-s1-random_h2,qmap154,cm82a_208,8314441e90c48c8308a3339a2101e26dc418327808ac370bf91fb6603ef666dd,random_h2,1,success,valid_fidelity,-3.154628723749604,0.04265423455742783,357,35792.463366886186,42.302155625,3.5681315,3.568084208,0.0,32,0,32,unique_evaluation_budget,3d02c9b84c01a590d3b434cf2a061880758335776ff550bf5fc55a3bf5489eeb
8314441e90c48c83-s1-old_sa4_h2,qmap154,cm82a_208,8314441e90c48c8308a3339a2101e26dc418327808ac370bf91fb6603ef666dd,old_sa4_h2,1,success,valid_fidelity,-3.156780681775211,0.04256254312848372,357,36875.64610792737,44.196331,4.509621042,0.469010375,4.040531375,,,,,c05bde840608731a8bdf1cdf08f000ba3741beafb89686343eba2f79d88d77aa
8314441e90c48c83-s1-ga_h2,qmap154,cm82a_208,8314441e90c48c8308a3339a2101e26dc418327808ac370bf91fb6603ef666dd,ga_h2,1,success,valid_fidelity,-3.1529375433781346,0.0427264315935691,353,35886.21413272214,44.844644959,3.435974416,3.435922,0.0,32,3,35,unique_evaluation_budget,1428f684bd5abfd68459e4ed085bd8cab5e29a965d0f6919e0daaed16e945fa9
8314441e90c48c83-s1-ga_h0,qmap154,cm82a_208,8314441e90c48c8308a3339a2101e26dc418327808ac370bf91fb6603ef666dd,ga_h0,1,success,valid_fidelity,-3.1518813321298524,0.04277158357203339,352,36339.99226737902,46.228432583,2.382366542,2.382278334,0.0,32,2,34,unique_evaluation_budget,eaced7400dd92dc086eeb16b5dd78078186bf60cf0930e25dace01f55cd22594
8314441e90c48c83-s2-old_sa4_h2,qmap154,cm82a_208,8314441e90c48c8308a3339a2101e26dc418327808ac370bf91fb6603ef666dd,old_sa4_h2,2,success,valid_fidelity,-3.156780681775211,0.04256254312848372,357,36875.64610792737,44.885772125,4.583767916,0.424989708,4.158703,,,,,601a87513e92fd8f6900ade74c3494c9ef86750ddf4cbf0f7da3405ee38c8743
8314441e90c48c83-s2-ga_h2,qmap154,cm82a_208,8314441e90c48c8308a3339a2101e26dc418327808ac370bf91fb6603ef666dd,ga_h2,2,success,valid_fidelity,-3.1638774231791973,0.042261557039854444,361,36900.2248792162,46.903307208,3.327009959,3.326966083,0.0,32,3,35,unique_evaluation_budget,7a35b20e0df4ba671040cc25b73a7d2f3d0e3c0894edbc84755ed5442c1e94d0
8314441e90c48c83-s2-ga_h0,qmap154,cm82a_208,8314441e90c48c8308a3339a2101e26dc418327808ac370bf91fb6603ef666dd,ga_h0,2,success,valid_fidelity,-3.1615719217757263,0.04235910352249131,360,36745.44667817517,43.761356792,2.641878875,2.641836,0.0,32,3,35,unique_evaluation_budget,2e23361115af0c3c5b0f1ab0f2d0a3428c15121f158c677dbe535c335f5e6f3c
8314441e90c48c83-s2-random_h2,qmap154,cm82a_208,8314441e90c48c8308a3339a2101e26dc418327808ac370bf91fb6603ef666dd,random_h2,2,success,valid_fidelity,-3.154207672377828,0.042672197962893156,355,35996.381145214276,47.394104916,3.232206416,3.232159333,0.0,32,0,32,unique_evaluation_budget,f66377f7104cd4933aff7361f1b75e74be0781849a426c78ae2080d631aa06bd
9e3f053dbede7457-s0-random_h2,qmap154,hwb5_53,9e3f053dbede7457444bf109616af357b3ab6d81a6a1537fd8fe7bc8559feb88,random_h2,0,success,valid_fidelity,-6.491561037774981,0.0015161803449704194,788,78802.66669486967,16.415875792,3.463832416,3.46375225,0.0,32,0,32,unique_evaluation_budget,c527cd76bf84954da80ff44beaf05f94408d15d1affa02e8ac02958d79109211
9e3f053dbede7457-s0-old_sa4_h2,qmap154,hwb5_53,9e3f053dbede7457444bf109616af357b3ab6d81a6a1537fd8fe7bc8559feb88,old_sa4_h2,0,success,valid_fidelity,-6.475771322178592,0.0015403104034604955,786,78862.79227936223,13.435942708,4.858697875,0.489741916,4.368785792,,,,,34d4f09c0934721d1a7c59a049ea942f3262fdcf578916019b6b3f208c82b9aa
9e3f053dbede7457-s0-ga_h2,qmap154,hwb5_53,9e3f053dbede7457444bf109616af357b3ab6d81a6a1537fd8fe7bc8559feb88,ga_h2,0,success,valid_fidelity,-6.4925621612235815,0.0015146632208157568,793,79323.56699714356,16.6486805,3.500259292,3.499984625,0.0,32,2,34,unique_evaluation_budget,4ae8e5e8166d6bf5c1c652854057f85817da42db38b160fa698c4caadb670337
9e3f053dbede7457-s0-ga_h0,qmap154,hwb5_53,9e3f053dbede7457444bf109616af357b3ab6d81a6a1537fd8fe7bc8559feb88,ga_h0,0,success,valid_fidelity,-6.492872417623073,0.001514193359750894,793,79395.8329526001,15.9545825,2.788202834,2.788123166,0.0,32,4,36,unique_evaluation_budget,9e9cec4671b7c6d7cab3c46facb2d847f5597f6a43ddf7d42fde01d0066d7c22
9e3f053dbede7457-s1-old_sa4_h2,qmap154,hwb5_53,9e3f053dbede7457444bf109616af357b3ab6d81a6a1537fd8fe7bc8559feb88,old_sa4_h2,1,success,valid_fidelity,-6.489044142755929,0.0015200012180798836,793,79985.10993720301,14.637689458,4.588431333,0.577340208,4.010993042,,,,,cd44935ae1389d634af3a2c1e3492b201be0145982def694b0b729ec5e91d589
9e3f053dbede7457-s1-ga_h2,qmap154,hwb5_53,9e3f053dbede7457444bf109616af357b3ab6d81a6a1537fd8fe7bc8559feb88,ga_h2,1,success,valid_fidelity,-6.491200129261406,0.0015167276461219164,793,79005.58172638142,16.357811333,3.480421458,3.480350125,0.0,32,5,37,unique_evaluation_budget,c725aaa0c5c51048eda72a726d0be856c3de932a50997e311b203d038102819f
9e3f053dbede7457-s1-ga_h0,qmap154,hwb5_53,9e3f053dbede7457444bf109616af357b3ab6d81a6a1537fd8fe7bc8559feb88,ga_h0,1,success,valid_fidelity,-6.491245636620555,0.0015166586254226806,793,79016.13127603497,15.716408375,2.847222875,2.847147708,0.0,32,2,34,unique_evaluation_budget,585587ab43892eb28eb5cc1e4e48dab0bc0889dafee760ece4ca47369c784c88
9e3f053dbede7457-s1-random_h2,qmap154,hwb5_53,9e3f053dbede7457444bf109616af357b3ab6d81a6a1537fd8fe7bc8559feb88,random_h2,1,success,valid_fidelity,-6.490964289603229,0.0015170853928352982,793,78950.54792055301,16.623516791,3.453406916,3.453253333,0.0,32,1,33,unique_evaluation_budget,4e011a9d37bb3a3c9c1c820b09190460ff6b48ab92400d61e94df025be6d6326
9e3f053dbede7457-s2-ga_h2,qmap154,hwb5_53,9e3f053dbede7457444bf109616af357b3ab6d81a6a1537fd8fe7bc8559feb88,ga_h2,2,success,valid_fidelity,-6.49423864531634,0.0015121260393865757,791,79485.20562260595,17.290255625,3.475203584,3.475095625,0.0,32,1,33,unique_evaluation_budget,ae996894a25ec8cc484b84735a849214ce93eb189b11d130afc6ab6dbf932db8
9e3f053dbede7457-s2-ga_h0,qmap154,hwb5_53,9e3f053dbede7457444bf109616af357b3ab6d81a6a1537fd8fe7bc8559feb88,ga_h0,2,success,valid_fidelity,-6.495672317723552,0.001509959699289752,791,78653.38481464592,15.820765167,2.691612458,2.691447542,0.0,32,3,35,unique_evaluation_budget,0fb9cfb1d28683569f891ce95df653cacf6cf151190288ccd79ee0afe8c63589
9e3f053dbede7457-s2-random_h2,qmap154,hwb5_53,9e3f053dbede7457444bf109616af357b3ab6d81a6a1537fd8fe7bc8559feb88,random_h2,2,success,valid_fidelity,-6.494109490678251,0.0015123213500903084,791,78836.34815206901,16.411848708,3.764136041,3.764049459,0.0,32,0,32,unique_evaluation_budget,c7af44bb3d062ea43a80aed7ace7ffc62e19cebc95a6a2d8d606d86bc59acfaf
9e3f053dbede7457-s2-old_sa4_h2,qmap154,hwb5_53,9e3f053dbede7457444bf109616af357b3ab6d81a6a1537fd8fe7bc8559feb88,old_sa4_h2,2,success,valid_fidelity,-6.490448026268004,0.00151786881060756,794,79720.8541604046,14.07126,4.556217834,0.443679417,4.112452084,,,,,34d4f09c0934721d1a7c59a049ea942f3262fdcf578916019b6b3f208c82b9aa
3a59691f2cef4658-s0-old_sa4_h2,qmap154,adr4_197,3a59691f2cef465889098b3e1fe8dfc1073bdb63f046979516e9ca7612614be8,old_sa4_h2,0,success,valid_fidelity,-18.032105626258268,1.4748777687207649e-08,1968,200086.7610138077,41.091071541,7.061536917,0.591404667,6.469984917,,,,,b275e6f6c344d359781d3df778955ab6ef2705396b5018f1007eccf165ba8bd8
3a59691f2cef4658-s0-ga_h2,qmap154,adr4_197,3a59691f2cef465889098b3e1fe8dfc1073bdb63f046979516e9ca7612614be8,ga_h2,0,success,valid_fidelity,-17.981972020102525,1.5507035386423163e-08,1930,195877.8950591016,40.600987667,4.84053775,4.840416,0.0,32,0,32,unique_evaluation_budget,8fe925e700866380b8f1deb6a9cac3963ac354a82e57945b6e77bdce9beb1ca1
3a59691f2cef4658-s0-ga_h0,qmap154,adr4_197,3a59691f2cef465889098b3e1fe8dfc1073bdb63f046979516e9ca7612614be8,ga_h0,0,success,valid_fidelity,-17.98218794445345,1.550368740134133e-08,1930,195881.09770944872,38.583554333,2.736865125,2.736731791,0.0,32,0,32,unique_evaluation_budget,b17237fb433d47fa2b157fdb85c589ed3d5df9f6a2f5dbee2a2339bb4ba50681
3a59691f2cef4658-s0-random_h2,qmap154,adr4_197,3a59691f2cef465889098b3e1fe8dfc1073bdb63f046979516e9ca7612614be8,random_h2,0,success,valid_fidelity,-17.989997379612348,1.538308389542577e-08,1944,197188.1721753171,38.826355709,4.619253042,4.619133166,0.0,32,0,32,unique_evaluation_budget,312dc715443f11883b54579874780e81d562b13fe712d58fcb4c645de4e9529f
3a59691f2cef4658-s1-ga_h2,qmap154,adr4_197,3a59691f2cef465889098b3e1fe8dfc1073bdb63f046979516e9ca7612614be8,ga_h2,1,success,valid_fidelity,-18.009981393678064,1.507871947115472e-08,1953,198662.40722940795,41.827797459,4.900210125,4.900094334,0.0,32,0,32,unique_evaluation_budget,eca79e87300d8e170c248db54e872da8c7a2d44181529bbdc7c8a5c5283ca79d
3a59691f2cef4658-s1-ga_h0,qmap154,adr4_197,3a59691f2cef465889098b3e1fe8dfc1073bdb63f046979516e9ca7612614be8,ga_h0,1,success,valid_fidelity,-17.997794869007116,1.5263600900971673e-08,1940,196082.7514427226,35.531737708,2.938571458,2.938446875,0.0,32,0,32,unique_evaluation_budget,38efd926088bad2dc92d158d2cf2feaba8ebbbd81f2eb888a47433aa26640ab4
3a59691f2cef4658-s1-random_h2,qmap154,adr4_197,3a59691f2cef465889098b3e1fe8dfc1073bdb63f046979516e9ca7612614be8,random_h2,1,success,valid_fidelity,-18.0227380838537,1.4887586621850128e-08,1940,197261.16041001052,39.278296583,4.584582,4.584474291,0.0,32,0,32,unique_evaluation_budget,ef9df0b415167cb1fd83e4bd33ddb884e7b0e15e03bb11c0dc48ed9d8ab90aad
3a59691f2cef4658-s1-old_sa4_h2,qmap154,adr4_197,3a59691f2cef465889098b3e1fe8dfc1073bdb63f046979516e9ca7612614be8,old_sa4_h2,1,success,valid_fidelity,-18.009255843407736,1.508966380999711e-08,1943,198958.41403593885,39.777385667,7.0358155,0.560849458,6.474814292,,,,,1ebce01998fe58e4766e2f3cc7cf19d7f1a85bc648ffc362b169d47b8d083826
3a59691f2cef4658-s2-ga_h0,qmap154,adr4_197,3a59691f2cef465889098b3e1fe8dfc1073bdb63f046979516e9ca7612614be8,ga_h0,2,success,valid_fidelity,-18.027482575829314,1.4817119883209514e-08,1969,201580.03253935382,35.521189417,2.781602625,2.781485541,0.0,32,1,33,unique_evaluation_budget,6d786a6df20af289d44639687299ebd607db0fbb42daec78bf39cc66273dc7e9
3a59691f2cef4658-s2-random_h2,qmap154,adr4_197,3a59691f2cef465889098b3e1fe8dfc1073bdb63f046979516e9ca7612614be8,random_h2,2,success,valid_fidelity,-17.98122343341324,1.551864809272007e-08,1929,196880.34760483837,37.783818625,4.310794417,4.310671292,0.0,32,0,32,unique_evaluation_budget,160a0c7aac27b653adb3615a76d1405db3190807cc2c7c9e563eabc7c876f0c9
3a59691f2cef4658-s2-old_sa4_h2,qmap154,adr4_197,3a59691f2cef465889098b3e1fe8dfc1073bdb63f046979516e9ca7612614be8,old_sa4_h2,2,success,valid_fidelity,-18.02734216461339,1.4819200519097689e-08,1969,201572.56170735025,38.892668667,6.33608425,0.498001,5.8379735,,,,,b275e6f6c344d359781d3df778955ab6ef2705396b5018f1007eccf165ba8bd8
3a59691f2cef4658-s2-ga_h2,qmap154,adr4_197,3a59691f2cef465889098b3e1fe8dfc1073bdb63f046979516e9ca7612614be8,ga_h2,2,success,valid_fidelity,-18.001268383303803,1.5210674538475995e-08,1949,197894.36784373116,36.695279,4.1286215,4.12850075,0.0,32,0,32,unique_evaluation_budget,c5cff376c198d50e8f2d3a5942b69099291225a52ccf5ea5f6054e4b09a91b2a
