dataset,canonical_sha256,circuits,baseline_method,baseline_transfers,default_transfers,delta_transfers,baseline_idle_exposures,default_idle_exposures,delta_idle_exposures,baseline_log_atom_transfer,default_log_atom_transfer,delta_log_atom_transfer,baseline_log_idle_excitation,default_log_idle_excitation,delta_log_idle_excitation,baseline_log_coherence_linear,default_log_coherence_linear,delta_log_coherence_linear
qmap154,012b9e9f7ae5656aefa02b50a70cdc55461c1dc41c9fed19de9b1e8eb288a0ae,"[""4gt11_84""]",M1,40.0,26.0,-14.0,0.0,5.0,5.0,-0.040020013343341376,-0.026013008673171894,0.014007004670169482,0.0,-0.012515651090592385,-0.012515651090592385,-0.007241811046984918,-0.004711614973677119,0.0025301960733077984
qmap154,012b9e9f7ae5656aefa02b50a70cdc55461c1dc41c9fed19de9b1e8eb288a0ae,"[""4gt11_84""]",M2,40.0,26.0,-14.0,0.0,5.0,5.0,-0.040020013343341376,-0.026013008673171894,0.014007004670169482,0.0,-0.012515651090592385,-0.012515651090592385,-0.007546331249003319,-0.004711614973677119,0.0028347162753261995
qmap154,02ff18ecd3cbf5d461bcd36200261de37bb114a1b24a49eed03d37f500b7c215,"[""4gt5_76""]",M1,180.0,128.0,-52.0,0.0,25.0,25.0,-0.1800900600450362,-0.1280640426986924,0.052026017346343795,0.0,-0.06257825545296192,-0.06257825545296192,-0.0333080963701009,-0.027656930196321615,0.005651166173779282
qmap154,02ff18ecd3cbf5d461bcd36200261de37bb114a1b24a49eed03d37f500b7c215,"[""4gt5_76""]",M2,180.0,128.0,-52.0,0.0,25.0,25.0,-0.1800900600450362,-0.1280640426986924,0.052026017346343795,0.0,-0.06257825545296192,-0.06257825545296192,-0.034045889544781056,-0.027656930196321615,0.0063889593484594415
qmap154,040d1773bb1501d1f86ca2d9028bed22e4dbfe9728922474bce44a5531b21b5a,"[""majority_239""]",M1,1108.0,768.0,-340.0,0.0,175.0,175.0,-1.108554369610556,-0.7683842561921543,0.34017011341840164,0.0,-0.4380477881707335,-0.4380477881707335,-0.3174490816281732,-0.2448113252435472,0.072637756384626
qmap154,040d1773bb1501d1f86ca2d9028bed22e4dbfe9728922474bce44a5531b21b5a,"[""majority_239""]",M2,1108.0,768.0,-340.0,0.0,175.0,175.0,-1.108554369610556,-0.7683842561921543,0.34017011341840164,0.0,-0.4380477881707335,-0.4380477881707335,-0.30730547017413845,-0.2448113252435472,0.062494144930591244
qmap154,081979fd7492baf5b800ab2ecf9a40368544e0b330c139e248e5342892ed469a,"[""qe_qft_4""]",M1,56.0,44.0,-12.0,0.0,0.0,0.0,-0.05602801868067792,-0.04402201467767551,0.012006004003002411,0.0,0.0,0.0,-0.011815924389093936,-0.010050338551677064,0.001765585837416872
qmap154,081979fd7492baf5b800ab2ecf9a40368544e0b330c139e248e5342892ed469a,"[""qe_qft_4""]",M2,56.0,44.0,-12.0,0.0,0.0,0.0,-0.05602801868067792,-0.04402201467767551,0.012006004003002411,0.0,0.0,0.0,-0.010785944230970734,-0.010050338551677064,0.0007356056792936702
qmap154,0a0d73bbac4f2706db89eac74c34669b900537059d81b0bf2094c7f97d0304a3,"[""one-two-three-v0_98""]",M1,264.0,184.0,-80.0,0.0,43.0,43.0,-0.2641320880660531,-0.18409206137937031,0.08004002668668278,0.0,-0.1076345993790945,-0.1076345993790945,-0.053261769225394134,-0.03794777508541536,0.015313994139978776
qmap154,0a0d73bbac4f2706db89eac74c34669b900537059d81b0bf2094c7f97d0304a3,"[""one-two-three-v0_98""]",M2,268.0,184.0,-84.0,0.0,43.0,43.0,-0.2681340894003872,-0.18409206137937031,0.08404202802101687,0.0,-0.1076345993790945,-0.1076345993790945,-0.05130648880135913,-0.03794777508541536,0.01335871371594377
qmap154,0d21004070d0a6614961fe081dffc6b68f22d145e1bac2b93deac3a6cbd14dbf,"[""rd32_270""]",M1,148.0,96.0,-52.0,0.0,25.0,25.0,-0.1480740493703631,-0.09604803202401929,0.052026017346343795,0.0,-0.06257825545296192,-0.06257825545296192,-0.029397234500245402,-0.02160363435514187,0.007793600145103531
qmap154,0d21004070d0a6614961fe081dffc6b68f22d145e1bac2b93deac3a6cbd14dbf,"[""rd32_270""]",M2,148.0,96.0,-52.0,0.0,25.0,25.0,-0.1480740493703631,-0.09604803202401929,0.052026017346343795,0.0,-0.06257825545296192,-0.06257825545296192,-0.02968070668140657,-0.02160363435514187,0.0080770723262647
qmap154,128f4fc145f17a5c3292150a1026e96555931cd0f863e3eed45c36c456983d23,"[""4mod7-v0_94""]",M1,288.0,196.0,-92.0,0.0,49.0,49.0,-0.2881440960720579,-0.19609806538237273,0.09204603068968514,0.0,-0.12265338068780537,-0.12265338068780537,-0.05541814287418557,-0.041445093871505134,0.013973049002680434
qmap154,128f4fc145f17a5c3292150a1026e96555931cd0f863e3eed45c36c456983d23,"[""4mod7-v0_94""]",M2,288.0,196.0,-92.0,0.0,49.0,49.0,-0.2881440960720579,-0.19609806538237273,0.09204603068968514,0.0,-0.12265338068780537,-0.12265338068780537,-0.05581914166943712,-0.041445093871505134,0.014374047797931985
qmap154,1339e2c7e5bc81127fa6ab1721b679c0a6f525f4446d354f7ed78b8331f01fac,"[""ground_state_estimation_10""]",M1,8.0,4.0,-4.0,0.0,0.0,0.0,-0.008004002668668275,-0.0040020013343341375,0.0040020013343341375,0.0,0.0,0.0,-0.007071138237996509,-0.006322978465524478,0.0007481597724720308
qmap154,1339e2c7e5bc81127fa6ab1721b679c0a6f525f4446d354f7ed78b8331f01fac,"[""ground_state_estimation_10""]",M2,8.0,4.0,-4.0,0.0,0.0,0.0,-0.008004002668668275,-0.0040020013343341375,0.0040020013343341375,0.0,0.0,0.0,-0.007407759788228736,-0.006322978465524478,0.0010847813227042574
qmap154,13f4bceb146bbcba79157a59457fb4180968dfbf0e27e986fd3a79153e3c761d,"[""alu-bdd_288""]",M1,164.0,110.0,-54.0,0.0,26.0,26.0,-0.16408205470769963,-0.11005503669418878,0.05402701801351084,0.0,-0.0650813856710804,-0.0650813856710804,-0.046429604922416046,-0.03512471084186211,0.011304894080553934
qmap154,13f4bceb146bbcba79157a59457fb4180968dfbf0e27e986fd3a79153e3c761d,"[""alu-bdd_288""]",M2,164.0,110.0,-54.0,0.0,26.0,26.0,-0.16408205470769963,-0.11005503669418878,0.05402701801351084,0.0,-0.0650813856710804,-0.0650813856710804,-0.04668902834512263,-0.03512471084186211,0.011564317503260521
qmap154,157102116dddf0ba09f368852ccbf37928a0e99f99e9d7d4859f84655c619419,"[""4gt10-v1_81""]",M1,272.0,192.0,-80.0,0.0,43.0,43.0,-0.27213609073472134,-0.19209606404803858,0.08004002668668275,0.0,-0.1076345993790945,-0.1076345993790945,-0.05274714001428218,-0.04180867570067607,0.010938464313606108
qmap154,157102116dddf0ba09f368852ccbf37928a0e99f99e9d7d4859f84655c619419,"[""4gt10-v1_81""]",M2,272.0,192.0,-80.0,0.0,43.0,43.0,-0.27213609073472134,-0.19209606404803858,0.08004002668668275,0.0,-0.1076345993790945,-0.1076345993790945,-0.052693929836644754,-0.04180867570067607,0.010885254135968685
qmap154,17585b5581ef461ec1956dcfd5c0d021a2e1cd4acd8ebef58f665e2e9b95f2b1,"[""4gt4-v0_78""]",M1,428.0,302.0,-126.0,0.0,66.0,66.0,-0.4282141427737527,-0.3021511007422274,0.1260630420315253,0.0,-0.16520659439581947,-0.16520659439581947,-0.10249015204708906,-0.07899362343589628,0.02349652861119278
qmap154,17585b5581ef461ec1956dcfd5c0d021a2e1cd4acd8ebef58f665e2e9b95f2b1,"[""4gt4-v0_78""]",M2,428.0,302.0,-126.0,0.0,66.0,66.0,-0.4282141427737527,-0.3021511007422274,0.1260630420315253,0.0,-0.16520659439581947,-0.16520659439581947,-0.10334808151248104,-0.07899362343589628,0.024354458076584762
qmap154,181b076ba081017381177d84383cc4f660e01506983ee907420658ef1adbd956,"[""rd73_252""]",M1,9548.0,6748.0,-2800.0,0.0,1520.0,1520.0,-9.552777185055586,-6.75137625102169,2.8014009340338957,0.0,-3.804757931540085,-3.804757931540085,-4.8720768013918505,-3.5513645047595763,1.3207122966322742
qmap154,181b076ba081017381177d84383cc4f660e01506983ee907420658ef1adbd956,"[""rd73_252""]",M2,9560.0,6748.0,-2812.0,0.0,1520.0,1520.0,-9.564783189058588,-6.75137625102169,2.8134069380368976,0.0,-3.804757931540085,-3.804757931540085,-4.865919760358899,-3.5513645047595763,1.314555255599323
qmap154,18bd03509e493866a3863af424f8d69b46a78f338a1c47d89749a2fca6939020,"[""ex3_229""]",M1,712.0,482.0,-230.0,0.0,121.0,121.0,-0.7123562375114765,-0.4822411607872636,0.23011507672421289,0.0,-0.3028787563923357,-0.3028787563923357,-0.17243881555014298,-0.13133179343401316,0.04110702211612982
qmap154,18bd03509e493866a3863af424f8d69b46a78f338a1c47d89749a2fca6939020,"[""ex3_229""]",M2,716.0,482.0,-234.0,0.0,121.0,121.0,-0.7163582388458106,-0.4822411607872636,0.23411707805854703,0.0,-0.3028787563923357,-0.3028787563923357,-0.17086894718795298,-0.13133179343401316,0.03953715375393982
qmap154,1a2e65e77c47deda845cff04ac39142ee67177958161cb55e0eee9ab9f5a61a5,"[""rd53_311""]",M1,520.0,346.0,-174.0,0.0,94.0,94.0,-0.5202601734634379,-0.34617311541990287,0.17408705804353503,0.0,-0.23529424050313683,-0.23529424050313683,-0.25885935905227575,-0.2050848244483045,0.05377453460397125
qmap154,1a2e65e77c47deda845cff04ac39142ee67177958161cb55e0eee9ab9f5a61a5,"[""rd53_311""]",M2,520.0,346.0,-174.0,0.0,94.0,94.0,-0.5202601734634379,-0.34617311541990287,0.17408705804353503,0.0,-0.23529424050313683,-0.23529424050313683,-0.25824012812191677,-0.2050848244483045,0.053155303673612264
qmap154,1cc205f827ac11a35917ee7ed71a78f0de65ae3e1b9a1ce15cc5f8ffc673f145,"[""graycode6_47""]",M1,24.0,20.0,-4.0,0.0,0.0,0.0,-0.024012008006004823,-0.020010006671670688,0.004002001334334135,0.0,0.0,0.0,-0.005993277070534335,-0.005639972405766069,0.0003533046647682661
qmap154,1cc205f827ac11a35917ee7ed71a78f0de65ae3e1b9a1ce15cc5f8ffc673f145,"[""graycode6_47""]",M2,24.0,20.0,-4.0,0.0,0.0,0.0,-0.024012008006004823,-0.020010006671670688,0.004002001334334135,0.0,0.0,0.0,-0.006013688056955256,-0.005639972405766069,0.00037371565118918693
qmap154,1fbbcea96463dd341d6d14223fe5adfb7ba4dd3fdfaca0da507cf2a2a52eced5,"[""miller_11""]",M1,96.0,52.0,-44.0,0.0,21.0,21.0,-0.09604803202401929,-0.05202601734634379,0.044022014677675504,0.0,-0.052565734580488015,-0.052565734580488015,-0.01030288976595668,-0.0065401596934154035,0.0037627300725412774
qmap154,1fbbcea96463dd341d6d14223fe5adfb7ba4dd3fdfaca0da507cf2a2a52eced5,"[""miller_11""]",M2,96.0,52.0,-44.0,0.0,21.0,21.0,-0.09604803202401929,-0.05202601734634379,0.044022014677675504,0.0,-0.052565734580488015,-0.052565734580488015,-0.01049314642732767,-0.0065401596934154035,0.003952986733912266
qmap154,205466da7c64551e7ef8d0ebcec9a29c26c1c6c9b66f614d19a34ff916800dc6,"[""squar5_261""]",M1,3500.0,2456.0,-1044.0,0.0,578.0,578.0,-3.5017511675423703,-2.4572288192811604,1.0445223482612098,0.0,-1.4468092660724796,-1.4468092660724796,-2.0434672854252,-1.5446578266937259,0.4988094587314742
qmap154,205466da7c64551e7ef8d0ebcec9a29c26c1c6c9b66f614d19a34ff916800dc6,"[""squar5_261""]",M2,3504.0,2456.0,-1048.0,0.0,578.0,578.0,-3.5057531688767045,-2.4572288192811604,1.048524349595544,0.0,-1.4468092660724796,-1.4468092660724796,-2.046414726489932,-1.5446578266937259,0.5017568997962063
qmap154,25d68584c24511a5e0c74e934a911155b0d792d0f76ad82dd8241b4aac2f6ae0,"[""4mod5-v1_23""]",M1,140.0,84.0,-56.0,0.0,24.0,24.0,-0.14007004670169482,-0.08404202802101689,0.05602801868067793,0.0,-0.06007512523484344,-0.06007512523484344,-0.0254484784002982,-0.017674502878728963,0.007773975521569238
qmap154,25d68584c24511a5e0c74e934a911155b0d792d0f76ad82dd8241b4aac2f6ae0,"[""4mod5-v1_23""]",M2,140.0,84.0,-56.0,0.0,24.0,24.0,-0.14007004670169482,-0.08404202802101689,0.05602801868067793,0.0,-0.06007512523484344,-0.06007512523484344,-0.025952945088475083,-0.017674502878728963,0.00827844220974612
qmap154,29d2d2ba2eb18eb5ab2c49bd53f46992b37b48715ddad032382024339a0ed6c0,"[""mod8-10_177""]",M1,792.0,538.0,-254.0,0.0,131.0,131.0,-0.7923962641981592,-0.5382691794679415,0.2541270847302177,0.0,-0.32791005857352046,-0.32791005857352046,-0.19367381962284588,-0.1428483492216277,0.05082547040121818
qmap154,29d2d2ba2eb18eb5ab2c49bd53f46992b37b48715ddad032382024339a0ed6c0,"[""mod8-10_177""]",M2,792.0,538.0,-254.0,0.0,131.0,131.0,-0.7923962641981592,-0.5382691794679415,0.2541270847302177,0.0,-0.32791005857352046,-0.32791005857352046,-0.18895086636019537,-0.1428483492216277,0.04610251713856767
qmap154,2b0c30df2cb02052a00194a2064cbb204e581278c89c93f9dff8bf4741e22dc2,"[""mod5d2_64""]",M1,104.0,76.0,-28.0,0.0,16.0,16.0,-0.10405203469268758,-0.07603802535234862,0.028014009340338958,0.0,-0.04005008348989563,-0.04005008348989563,-0.02054156584905705,-0.015876428857914647,0.0046651369911424045
qmap154,2b0c30df2cb02052a00194a2064cbb204e581278c89c93f9dff8bf4741e22dc2,"[""mod5d2_64""]",M2,104.0,76.0,-28.0,0.0,16.0,16.0,-0.10405203469268758,-0.07603802535234862,0.028014009340338958,0.0,-0.04005008348989563,-0.04005008348989563,-0.021007764861194506,-0.015876428857914647,0.005131336003279859
qmap154,2fabbd1041f29f041e6f33a894239db90c289c40d9e93f6e6e5a91771055029c,"[""sym6_316""]",M1,524.0,340.0,-184.0,0.0,90.0,90.0,-0.524262174797772,-0.3401701134184017,0.18409206137937034,0.0,-0.22528171963066293,-0.22528171963066293,-0.2926385053766508,-0.2217565703483837,0.07088193502826712
qmap154,2fabbd1041f29f041e6f33a894239db90c289c40d9e93f6e6e5a91771055029c,"[""sym6_316""]",M2,524.0,340.0,-184.0,0.0,90.0,90.0,-0.524262174797772,-0.3401701134184017,0.18409206137937034,0.0,-0.22528171963066293,-0.22528171963066293,-0.28778758801433696,-0.2217565703483837,0.06603101766595326
qmap154,2fdaaefcdde70b3b3597736046e754abdfc97b9e98f6656ea789929fdf6f0ecb,"[""rd32-v0_66""]",M1,52.0,34.0,-18.0,0.0,9.0,9.0,-0.05202601734634379,-0.03401701134184017,0.01800900600450362,0.0,-0.022528171963066293,-0.022528171963066293,-0.007764704379474568,-0.005522334047499421,0.0022423703319751466
qmap154,2fdaaefcdde70b3b3597736046e754abdfc97b9e98f6656ea789929fdf6f0ecb,"[""rd32-v0_66""]",M2,52.0,34.0,-18.0,0.0,9.0,9.0,-0.05202601734634379,-0.03401701134184017,0.01800900600450362,0.0,-0.022528171963066293,-0.022528171963066293,-0.008010896479251977,-0.005522334047499421,0.0024885624317525553
qmap154,336240af3b70f2a7d564efaceb5dd66d45d448242fbce0e46d2e9bcb6c0dd8ea,"[""ising_model_10""]",M1,216.0,128.0,-88.0,0.0,0.0,0.0,-0.21610807205404342,-0.1280640426986924,0.08804402935535102,0.0,0.0,0.0,-0.08042237742542627,-0.08103350240282456,-0.0006111249773982919
qmap154,336240af3b70f2a7d564efaceb5dd66d45d448242fbce0e46d2e9bcb6c0dd8ea,"[""ising_model_10""]",M2,216.0,128.0,-88.0,0.0,0.0,0.0,-0.21610807205404342,-0.1280640426986924,0.08804402935535102,0.0,0.0,0.0,-0.0749686334681991,-0.08103350240282456,-0.006064868934625461
qmap154,337ec9b8fa347392e1e7680c23a11964ecce6b8d6a60f119881338597bff4df8,"[""4gt12-v0_88""]",M1,344.0,234.0,-110.0,0.0,59.0,59.0,-0.34417211475273585,-0.23411707805854703,0.11005503669418881,0.0,-0.14768468286899014,-0.14768468286899014,-0.08406648388033419,-0.061657101657961885,0.022409382222372307
qmap154,337ec9b8fa347392e1e7680c23a11964ecce6b8d6a60f119881338597bff4df8,"[""4gt12-v0_88""]",M2,344.0,234.0,-110.0,0.0,59.0,59.0,-0.34417211475273585,-0.23411707805854703,0.11005503669418881,0.0,-0.14768468286899014,-0.14768468286899014,-0.08489110087845715,-0.061657101657961885,0.023233999220495266
qmap154,3851a8b648aa151f77e4ada800ff214766541778f2026981a67f714d6816d18a,"[""alu-v4_36""]",M1,212.0,138.0,-74.0,0.0,35.0,35.0,-0.21210607071970927,-0.13806904603452774,0.07403702468518153,0.0,-0.0876095576341467,-0.0876095576341467,-0.03959591993765849,-0.029958135272661158,0.009637784664997335
qmap154,3851a8b648aa151f77e4ada800ff214766541778f2026981a67f714d6816d18a,"[""alu-v4_36""]",M2,212.0,138.0,-74.0,0.0,35.0,35.0,-0.21210607071970927,-0.13806904603452774,0.07403702468518153,0.0,-0.0876095576341467,-0.0876095576341467,-0.03942290315391056,-0.029958135272661158,0.009464767881249402
qmap154,398986b61fc4e5e4d9d1098273673bfde3ca29c4c34a234df6b6c3bc60de3fac,"[""cnt3-5_179""]",M1,344.0,232.0,-112.0,0.0,51.0,51.0,-0.34417211475273585,-0.23211607739137996,0.11205603736135589,0.0,-0.12765964112404232,-0.12765964112404232,-0.19027747590509833,-0.1481754730717694,0.04210200283332893
qmap154,398986b61fc4e5e4d9d1098273673bfde3ca29c4c34a234df6b6c3bc60de3fac,"[""cnt3-5_179""]",M2,364.0,232.0,-132.0,0.0,51.0,51.0,-0.36418212142440654,-0.23211607739137996,0.13206604403302658,0.0,-0.12765964112404232,-0.12765964112404232,-0.16217908892729843,-0.1481754730717694,0.014003615855529034
qmap154,3a59691f2cef465889098b3e1fe8dfc1073bdb63f046979516e9ca7612614be8,"[""adr4_197""]",M1,6176.0,4364.0,-1812.0,0.0,982.0,982.0,-6.179090060211908,-4.366183455758544,1.8129066044533637,0.0,-2.4580738741923445,-2.4580738741923445,-3.838446725499849,-2.8416263717706016,0.9968203537292473
qmap154,3a59691f2cef465889098b3e1fe8dfc1073bdb63f046979516e9ca7612614be8,"[""adr4_197""]",M2,6184.0,4364.0,-1820.0,0.0,982.0,982.0,-6.187094062880576,-4.366183455758544,1.8209106071220322,0.0,-2.4580738741923445,-2.4580738741923445,-3.8217296225875534,-2.8416263717706016,0.9801032508169518
qmap154,3b0bd2035db7cf2547b925a5bb182e565f350a0756310fc40ac23ff85782a6ad,"[""rd53_138""]",M1,240.0,162.0,-78.0,0.0,43.0,43.0,-0.24012008006004826,-0.16208105404053258,0.07803902601951568,0.0,-0.1076345993790945,-0.1076345993790945,-0.07840644845184826,-0.05875893438176337,0.019647514070084887
qmap154,3b0bd2035db7cf2547b925a5bb182e565f350a0756310fc40ac23ff85782a6ad,"[""rd53_138""]",M2,240.0,162.0,-78.0,0.0,43.0,43.0,-0.24012008006004826,-0.16208105404053258,0.07803902601951568,0.0,-0.1076345993790945,-0.1076345993790945,-0.07993414808931532,-0.05875893438176337,0.021175213707551946
qmap154,42887548d9adb27f8d8ed46b6b9c73698f1b1907034eac1e0d38c3d3351b8a3f,"[""4mod5-v1_22""]",M1,48.0,34.0,-14.0,0.0,5.0,5.0,-0.048024016012009646,-0.03401701134184017,0.014007004670169479,0.0,-0.012515651090592385,-0.012515651090592385,-0.008826428744258104,-0.006561599945522752,0.002264828798735352
qmap154,42887548d9adb27f8d8ed46b6b9c73698f1b1907034eac1e0d38c3d3351b8a3f,"[""4mod5-v1_22""]",M2,48.0,34.0,-14.0,0.0,5.0,5.0,-0.048024016012009646,-0.03401701134184017,0.014007004670169479,0.0,-0.012515651090592385,-0.012515651090592385,-0.008803914488683437,-0.006561599945522752,0.0022423145431606853
qmap154,46faae924ea2fb39bd42153545d56bde36cb7d2fb617493a033ea462bb80dfac,"[""one-two-three-v3_101""]",M1,144.0,90.0,-54.0,0.0,23.0,23.0,-0.14407204803602894,-0.0900450300225181,0.05402701801351084,0.0,-0.05757199501672497,-0.05757199501672497,-0.03058026451084904,-0.018865378147243303,0.011714886363605737
qmap154,46faae924ea2fb39bd42153545d56bde36cb7d2fb617493a033ea462bb80dfac,"[""one-two-three-v3_101""]",M2,144.0,90.0,-54.0,0.0,23.0,23.0,-0.14407204803602894,-0.0900450300225181,0.05402701801351084,0.0,-0.05757199501672497,-0.05757199501672497,-0.025532011185424006,-0.018865378147243303,0.006666633038180703
qmap154,4a6d53e313003be35a7d3c56a5702b8a2f0ce138861f1ff1de53929c6660d26a,"[""ex1_226"", ""xor5_254""]",M1,24.0,20.0,-4.0,0.0,0.0,0.0,-0.024012008006004823,-0.020010006671670688,0.004002001334334135,0.0,0.0,0.0,-0.004985774142499989,-0.004632526699042233,0.00035324744345775674
qmap154,4a6d53e313003be35a7d3c56a5702b8a2f0ce138861f1ff1de53929c6660d26a,"[""ex1_226"", ""xor5_254""]",M2,24.0,20.0,-4.0,0.0,0.0,0.0,-0.024012008006004823,-0.020010006671670688,0.004002001334334135,0.0,0.0,0.0,-0.00504438572503725,-0.004632526699042233,0.00041185902599501743
qmap154,4b3a5ff4ee6e996fec8dbee995040ab4694fa02a4220ee8b1890926ec0ef8be2,"[""sf_276""]",M1,1360.0,936.0,-424.0,0.0,228.0,228.0,-1.3606804536736068,-0.9364683122341881,0.42421214143941866,0.0,-0.5707136897310128,-0.5707136897310128,-0.3360424751595531,-0.2571771181949693,0.0788653569645838
qmap154,4b3a5ff4ee6e996fec8dbee995040ab4694fa02a4220ee8b1890926ec0ef8be2,"[""sf_276""]",M2,1360.0,936.0,-424.0,0.0,228.0,228.0,-1.3606804536736068,-0.9364683122341881,0.42421214143941866,0.0,-0.5707136897310128,-0.5707136897310128,-0.33071265398897237,-0.2571771181949693,0.07353553579400307
qmap154,4ce6bfb1bf9aca450b753d6849ee005106931698bb33d26016c766f8a3c6cd05,"[""4gt12-v0_86""]",M1,452.0,308.0,-144.0,0.0,73.0,73.0,-0.45222615077975753,-0.30815410274372856,0.14407204803602897,0.0,-0.1827285059226488,-0.1827285059226488,-0.1050663215629114,-0.08314107104176383,0.021925250521147577
qmap154,4ce6bfb1bf9aca450b753d6849ee005106931698bb33d26016c766f8a3c6cd05,"[""4gt12-v0_86""]",M2,452.0,308.0,-144.0,0.0,73.0,73.0,-0.45222615077975753,-0.30815410274372856,0.14407204803602897,0.0,-0.1827285059226488,-0.1827285059226488,-0.10572445064790231,-0.08314107104176383,0.022583379606138487
qmap154,4e61ebc66c256a3be3411259d4f7e555e5e410065ebfac0dfa43079072b7b0d3,"[""cm152a_212""]",M1,2200.0,1544.0,-656.0,0.0,346.0,346.0,-2.201100733883776,-1.544772515052977,0.6563282188307988,0.0,-0.866083055468993,-0.866083055468993,-1.1425091052519725,-0.8854879731150249,0.25702113213694755
qmap154,4e61ebc66c256a3be3411259d4f7e555e5e410065ebfac0dfa43079072b7b0d3,"[""cm152a_212""]",M2,2204.0,1544.0,-660.0,0.0,346.0,346.0,-2.2051027352181096,-1.544772515052977,0.6603302201651327,0.0,-0.866083055468993,-0.866083055468993,-1.1518185921261783,-0.8854879731150249,0.2663306190111534
qmap154,4ea7a43cd39b6fc7c5ba77d77c7ebf00dd92b539d2c56d977ff9bee8952fdd66,"[""one-two-three-v1_99""]",M1,244.0,168.0,-76.0,0.0,42.0,42.0,-0.24412208139438238,-0.16808405604203377,0.0760380253523486,0.0,-0.10513146916097603,-0.10513146916097603,-0.04833113855563334,-0.03678833772071291,0.01154280083492043
qmap154,4ea7a43cd39b6fc7c5ba77d77c7ebf00dd92b539d2c56d977ff9bee8952fdd66,"[""one-two-three-v1_99""]",M2,244.0,168.0,-76.0,0.0,42.0,42.0,-0.24412208139438238,-0.16808405604203377,0.0760380253523486,0.0,-0.10513146916097603,-0.10513146916097603,-0.04819185240413589,-0.03678833772071291,0.011403514683422981
qmap154,4f2d6f098c8b76352c45f0551f747e1f012bca552b5eb3dc8ae60ff0418b3c43,"[""alu-v2_30""]",M1,920.0,646.0,-274.0,0.0,146.0,146.0,-0.9204603068968517,-0.6463232154949632,0.27413709140188847,0.0,-0.3654570118452976,-0.3654570118452976,-0.2147361132696674,-0.1650790930312651,0.049657020238402294
qmap154,4f2d6f098c8b76352c45f0551f747e1f012bca552b5eb3dc8ae60ff0418b3c43,"[""alu-v2_30""]",M2,920.0,646.0,-274.0,0.0,146.0,146.0,-0.9204603068968517,-0.6463232154949632,0.27413709140188847,0.0,-0.3654570118452976,-0.3654570118452976,-0.214491644991796,-0.1650790930312651,0.049412551960530876
qmap154,4f73524b715eb1770efc2d80fc94314f980ad04bd5d39f4bda32e9373bb5114a,"[""4gt12-v1_89""]",M1,416.0,282.0,-134.0,0.0,66.0,66.0,-0.4162081387707503,-0.2821410940705567,0.1340670447001936,0.0,-0.16520659439581947,-0.16520659439581947,-0.10596100943494804,-0.07581584986724892,0.03014515956769913
qmap154,4f73524b715eb1770efc2d80fc94314f980ad04bd5d39f4bda32e9373bb5114a,"[""4gt12-v1_89""]",M2,420.0,282.0,-138.0,0.0,66.0,66.0,-0.42021014010508445,-0.2821410940705567,0.13806904603452774,0.0,-0.16520659439581947,-0.16520659439581947,-0.10197128995376334,-0.07581584986724892,0.026155440086514423
qmap154,519ea74d71d3bb4c0342bd16f13d8643d86a0d7adcc9401edc6280a5f0b3209c,"[""4gt13_90""]",M1,196.0,144.0,-52.0,0.0,28.0,28.0,-0.19609806538237273,-0.14407204803602894,0.052026017346343795,0.0,-0.07008764610731735,-0.07008764610731735,-0.03944570187860983,-0.02914862688110447,0.01029707499750536
qmap154,519ea74d71d3bb4c0342bd16f13d8643d86a0d7adcc9401edc6280a5f0b3209c,"[""4gt13_90""]",M2,200.0,144.0,-56.0,0.0,28.0,28.0,-0.20010006671670688,-0.14407204803602894,0.05602801868067794,0.0,-0.07008764610731735,-0.07008764610731735,-0.03781778396831961,-0.02914862688110447,0.008669157087215142
qmap154,5260efec73d65ae2747a06787c59b701521473db0f533363151441c3756e6fd2,"[""4gt4-v1_74""]",M1,492.0,336.0,-156.0,0.0,82.0,82.0,-0.4922461641230989,-0.33616811208406755,0.15607805203903136,0.0,-0.2052566778857151,-0.2052566778857151,-0.12161912898259479,-0.09089159604496208,0.03072753293763271
qmap154,5260efec73d65ae2747a06787c59b701521473db0f533363151441c3756e6fd2,"[""4gt4-v1_74""]",M2,496.0,336.0,-160.0,0.0,82.0,82.0,-0.49624816545743305,-0.33616811208406755,0.1600800533733655,0.0,-0.2052566778857151,-0.2052566778857151,-0.11841639894699882,-0.09089159604496208,0.027524802902036738
qmap154,5330ce57f4a8a8c2c2ac01c0f03ebfa187a9b427e0b3ff488641834ea78563f6,"[""sqrt8_260""]",M1,5432.0,3852.0,-1580.0,0.0,853.0,853.0,-5.434717812025759,-3.8539272849637745,1.5807905270619842,0.0,-2.135170076055061,-2.135170076055061,-3.0388392407909803,-2.2753705548665564,0.763468685924424
qmap154,5330ce57f4a8a8c2c2ac01c0f03ebfa187a9b427e0b3ff488641834ea78563f6,"[""sqrt8_260""]",M2,5436.0,3852.0,-1584.0,0.0,853.0,853.0,-5.438719813360093,-3.8539272849637745,1.5847925283963185,0.0,-2.135170076055061,-2.135170076055061,-3.061778297704993,-2.2753705548665564,0.7864077428384366
qmap154,53778d274180d94de3f21dd545732c304f808e584fba613310d33d09a51d427d,"[""4gt12-v0_87""]",M1,448.0,304.0,-144.0,0.0,73.0,73.0,-0.4482241494454234,-0.30415210140939447,0.1440720480360289,0.0,-0.1827285059226488,-0.1827285059226488,-0.1041286975208683,-0.08211341525507886,0.022015282265789443
qmap154,53778d274180d94de3f21dd545732c304f808e584fba613310d33d09a51d427d,"[""4gt12-v0_87""]",M2,448.0,304.0,-144.0,0.0,73.0,73.0,-0.4482241494454234,-0.30415210140939447,0.1440720480360289,0.0,-0.1827285059226488,-0.1827285059226488,-0.10456178325657366,-0.08211341525507886,0.0224483680014948
qmap154,539b7b793a955583b075fc9fc5777a4c471092863a539f628fece84ebf0880c4,"[""con1_216""]",M1,1704.0,1194.0,-510.0,0.0,272.0,272.0,-1.7048525684263425,-1.1945973982987401,0.5102551701276024,0.0,-0.6808514193282257,-0.6808514193282257,-0.6342998027791886,-0.490008244848155,0.14429155793103365
qmap154,539b7b793a955583b075fc9fc5777a4c471092863a539f628fece84ebf0880c4,"[""con1_216""]",M2,1708.0,1194.0,-514.0,0.0,272.0,272.0,-1.7088545697606767,-1.1945973982987401,0.5142571714619366,0.0,-0.6808514193282257,-0.6808514193282257,-0.6381198529435451,-0.490008244848155,0.14811160809539015
qmap154,53aa97a2f504590ddcf752e24f189501d8300245aff42164ec7a7191a327b3bc,"[""alu-v2_32""]",M1,304.0,204.0,-100.0,0.0,47.0,47.0,-0.30415210140939447,-0.204102068051041,0.10005003335835347,0.0,-0.11764712025156841,-0.11764712025156841,-0.05850857793417602,-0.044386266114816254,0.014122311819359766
qmap154,53aa97a2f504590ddcf752e24f189501d8300245aff42164ec7a7191a327b3bc,"[""alu-v2_32""]",M2,308.0,204.0,-104.0,0.0,47.0,47.0,-0.30815410274372856,-0.204102068051041,0.10405203469268756,0.0,-0.11764712025156841,-0.11764712025156841,-0.057054700098642025,-0.044386266114816254,0.01266843398382577
qmap154,547887c699e18e58deacddbf6fc41fe56a076cdfbc42dbf128fa464548b0253e,"[""hwb4_49""]",M1,424.0,288.0,-136.0,0.0,72.0,72.0,-0.42421214143941854,-0.2881440960720579,0.13606804536736067,0.0,-0.18022537570453034,-0.18022537570453034,-0.0826682797546443,-0.062201026703458236,0.020467253051186067
qmap154,547887c699e18e58deacddbf6fc41fe56a076cdfbc42dbf128fa464548b0253e,"[""hwb4_49""]",M2,424.0,288.0,-136.0,0.0,72.0,72.0,-0.42421214143941854,-0.2881440960720579,0.13606804536736067,0.0,-0.18022537570453034,-0.18022537570453034,-0.0846186118606558,-0.062201026703458236,0.02241758515719757
qmap154,556cc6c9d99e6f8ab21856ebd4604002b6ff842e3cf3a9ebdd6c1e725fb31246,"[""sys6-v0_111""]",M1,396.0,250.0,-146.0,0.0,72.0,72.0,-0.3961981320990796,-0.2501250833958836,0.14607304870319604,0.0,-0.18022537570453034,-0.18022537570453034,-0.1598724593717558,-0.11943943789325526,0.04043302147850053
qmap154,556cc6c9d99e6f8ab21856ebd4604002b6ff842e3cf3a9ebdd6c1e725fb31246,"[""sys6-v0_111""]",M2,396.0,250.0,-146.0,0.0,72.0,72.0,-0.3961981320990796,-0.2501250833958836,0.14607304870319604,0.0,-0.18022537570453034,-0.18022537570453034,-0.14900647758825655,-0.11943943789325526,0.029567039695001296
qmap154,569391ab4b0c2412a57e1200e808a8f428979e08eaad630e86b9747cd27e1c16,"[""ham15_107""]",M1,15940.0,11318.0,-4622.0,0.0,2524.0,2524.0,-15.947975317321538,-11.323662775498441,4.624312541823096,0.0,-6.317900670531036,-6.317900670531036,-16.40231178416166,-11.488782176634928,4.913529607526733
qmap154,569391ab4b0c2412a57e1200e808a8f428979e08eaad630e86b9747cd27e1c16,"[""ham15_107""]",M2,15968.0,11318.0,-4650.0,0.0,2524.0,2524.0,-15.975989326661876,-11.323662775498441,4.652326551163435,0.0,-6.317900670531036,-6.317900670531036,-16.325976637944624,-11.488782176634928,4.837194461309696
qmap154,58301ee4a0a5e02f220e6d4a288841abc82b921ffdda76a4f40848b79ddebfd9,"[""ham3_102""]",M1,40.0,24.0,-16.0,0.0,7.0,7.0,-0.040020013343341376,-0.024012008006004823,0.016008005337336553,0.0,-0.017521911526829338,-0.017521911526829338,-0.003777146607619789,-0.002398528265886437,0.001378618341733352
qmap154,58301ee4a0a5e02f220e6d4a288841abc82b921ffdda76a4f40848b79ddebfd9,"[""ham3_102""]",M2,40.0,24.0,-16.0,0.0,7.0,7.0,-0.040020013343341376,-0.024012008006004823,0.016008005337336553,0.0,-0.017521911526829338,-0.017521911526829338,-0.004058195547446185,-0.002398528265886437,0.0016596672815597483
qmap154,58d3414c21ba4637af265a4f3068c543e65f5215444e5deb86f582d6bf36ae9a,"[""inc_237""]",M1,18780.0,13404.0,-5376.0,0.0,3012.0,3012.0,-18.789396264698777,-13.410706471353695,5.378689793345082,0.0,-7.539428216972852,-7.539428216972852,-25.816914109803566,-16.181363725687383,9.635550384116183
qmap154,58d3414c21ba4637af265a4f3068c543e65f5215444e5deb86f582d6bf36ae9a,"[""inc_237""]",M2,18792.0,13404.0,-5388.0,0.0,3012.0,3012.0,-18.80140226870178,-13.410706471353695,5.390695797348084,0.0,-7.539428216972852,-7.539428216972852,-26.55758893728792,-16.181363725687383,10.376225211600538
qmap154,5b244278f3e4846bba65a3a6be51e000292bc1c8260030ea3df81daab0b8542c,"[""ising_model_16""]",M1,348.0,204.0,-144.0,0.0,5.0,5.0,-0.34817411608706994,-0.204102068051041,0.14407204803602894,0.0,-0.012515651090592385,-0.012515651090592385,-0.20636303337207335,-0.22233707049173784,-0.015974037119664497
qmap154,5b244278f3e4846bba65a3a6be51e000292bc1c8260030ea3df81daab0b8542c,"[""ising_model_16""]",M2,360.0,204.0,-156.0,0.0,5.0,5.0,-0.3601801200900724,-0.204102068051041,0.15607805203903138,0.0,-0.012515651090592385,-0.012515651090592385,-0.21426689447870764,-0.22233707049173784,-0.0080701760130302
qmap154,5c1c11e8fdb3c2c2275eee5df9f9f6294b3040059e1f7361e9a7e1e855ff38cc,"[""3_17_13""]",M1,68.0,40.0,-28.0,0.0,13.0,13.0,-0.06803402268368033,-0.040020013343341376,0.028014009340338958,0.0,-0.0325406928355402,-0.0325406928355402,-0.007493167865772778,-0.005048909661569721,0.0024442582042030576
qmap154,5c1c11e8fdb3c2c2275eee5df9f9f6294b3040059e1f7361e9a7e1e855ff38cc,"[""3_17_13""]",M2,68.0,40.0,-28.0,0.0,13.0,13.0,-0.06803402268368033,-0.040020013343341376,0.028014009340338958,0.0,-0.0325406928355402,-0.0325406928355402,-0.007583952214626889,-0.005048909661569721,0.002535042553057168
qmap154,5d572a80ef970ebda2c1a03568d33233b6101732d05e49d2e74bc63a1c1f2812,"[""cnt3-5_180""]",M1,860.0,572.0,-288.0,0.0,149.0,149.0,-0.8604302868818395,-0.5722861908097816,0.28814409607205793,0.0,-0.37296640249965307,-0.37296640249965307,-0.5229351443458821,-0.4250273801258896,0.09790776421999248
qmap154,5d572a80ef970ebda2c1a03568d33233b6101732d05e49d2e74bc63a1c1f2812,"[""cnt3-5_180""]",M2,868.0,572.0,-296.0,0.0,149.0,149.0,-0.8684342895505078,-0.5722861908097816,0.29614809874072623,0.0,-0.37296640249965307,-0.37296640249965307,-0.5467318335373444,-0.4250273801258896,0.12170445341145486
qmap154,61bf78e6eb8fe2cb88b844a4608037f20080a920d6382321fb11614e9e3bb9ff,"[""hwb6_56""]",M1,12200.0,8564.0,-3636.0,0.0,1971.0,1971.0,-12.20610406971912,-8.568284856809388,3.637819212909731,0.0,-4.933669659911518,-4.933669659911518,-4.4992634181165885,-3.3907636474029084,1.10849977071368
qmap154,61bf78e6eb8fe2cb88b844a4608037f20080a920d6382321fb11614e9e3bb9ff,"[""hwb6_56""]",M2,12236.0,8564.0,-3672.0,0.0,1971.0,1971.0,-12.242122081728127,-8.568284856809388,3.6738372249187385,0.0,-4.933669659911518,-4.933669659911518,-4.476869063309841,-3.3907636474029084,1.0861054159069323
qmap154,620e145abef0b7fc3948370f538a464abbc77025fb86dcf2cd3ef23b08519a4a,"[""4gt4-v0_73""]",M1,724.0,512.0,-212.0,0.0,114.0,114.0,-0.7243622415144789,-0.5122561707947696,0.21210607071970933,0.0,-0.2853568448655064,-0.2853568448655064,-0.1701482107568424,-0.13418299198370426,0.03596521877313813
qmap154,620e145abef0b7fc3948370f538a464abbc77025fb86dcf2cd3ef23b08519a4a,"[""4gt4-v0_73""]",M2,724.0,512.0,-212.0,0.0,114.0,114.0,-0.7243622415144789,-0.5122561707947696,0.21210607071970933,0.0,-0.2853568448655064,-0.2853568448655064,-0.17090535214029856,-0.13418299198370426,0.0367223601565943
qmap154,679c25ee91f79d2be3c2d27eabe3178ef82d031ac02f532a255f82d5b2e14470,"[""4gt13_91""]",M1,188.0,134.0,-54.0,0.0,29.0,29.0,-0.18809406271370446,-0.1340670447001936,0.05402701801351087,0.0,-0.07259077632543583,-0.07259077632543583,-0.03905555299873727,-0.027756039326280225,0.011299513672457042
qmap154,679c25ee91f79d2be3c2d27eabe3178ef82d031ac02f532a255f82d5b2e14470,"[""4gt13_91""]",M2,192.0,134.0,-58.0,0.0,29.0,29.0,-0.19209606404803858,-0.1340670447001936,0.05802901934784499,0.0,-0.07259077632543583,-0.07259077632543583,-0.03759478046081056,-0.027756039326280225,0.009838741134530333
qmap154,68e9a8451b3ea56f9d1e2f1c4ca665dc2432ed849ff554148d57480c48d3774f,"[""alu-v0_27""]",M1,80.0,50.0,-30.0,0.0,12.0,12.0,-0.08004002668668275,-0.05002501667917672,0.030015010007506032,0.0,-0.03003756261742172,-0.03003756261742172,-0.013558450170195772,-0.010715742820456026,0.0028427073497397457
qmap154,68e9a8451b3ea56f9d1e2f1c4ca665dc2432ed849ff554148d57480c48d3774f,"[""alu-v0_27""]",M2,80.0,50.0,-30.0,0.0,12.0,12.0,-0.08004002668668275,-0.05002501667917672,0.030015010007506032,0.0,-0.03003756261742172,-0.03003756261742172,-0.013086614747510755,-0.010715742820456026,0.002370871927054728
qmap154,6bc06c9ebf9b722cea0f989fdc71fc87334708b05c6828266ddb11ced211db99,"[""one-two-three-v0_97""]",M1,536.0,358.0,-178.0,0.0,88.0,88.0,-0.5362681788007744,-0.3581791194229053,0.17808905937786906,0.0,-0.22027545919442598,-0.22027545919442598,-0.10250108311846956,-0.07857435331551382,0.023926729802955737
qmap154,6bc06c9ebf9b722cea0f989fdc71fc87334708b05c6828266ddb11ced211db99,"[""one-two-three-v0_97""]",M2,536.0,358.0,-178.0,0.0,88.0,88.0,-0.5362681788007744,-0.3581791194229053,0.17808905937786906,0.0,-0.22027545919442598,-0.22027545919442598,-0.10276449754553789,-0.07857435331551382,0.024190144230024066
qmap154,6ecd393a830744f5c1bbf3964bc813e7b8d940c7a39755f70e86d425b203bd44,"[""sym9_146""]",M1,600.0,364.0,-236.0,0.0,112.0,112.0,-0.6003002001501206,-0.36418212142440654,0.2361180787257141,0.0,-0.2803505844292694,-0.2803505844292694,-0.2884495795540688,-0.23464431096123053,0.05380526859283827
qmap154,6ecd393a830744f5c1bbf3964bc813e7b8d940c7a39755f70e86d425b203bd44,"[""sym9_146""]",M2,600.0,364.0,-236.0,0.0,112.0,112.0,-0.6003002001501206,-0.36418212142440654,0.2361180787257141,0.0,-0.2803505844292694,-0.2803505844292694,-0.3085215143505493,-0.23464431096123053,0.07387720338931877
qmap154,7568bb9bf97b4ad2d03827ff66ea80cbed58e1fa811c3c6924e3154f8ac015f0,"[""rd53_133""]",M1,1044.0,734.0,-310.0,0.0,162.0,162.0,-1.0445223482612098,-0.7343672448503142,0.3101551034108956,0.0,-0.40550709533519325,-0.40550709533519325,-0.2896707163610294,-0.2288261524025808,0.060844563958448616
qmap154,7568bb9bf97b4ad2d03827ff66ea80cbed58e1fa811c3c6924e3154f8ac015f0,"[""rd53_133""]",M2,1044.0,734.0,-310.0,0.0,162.0,162.0,-1.0445223482612098,-0.7343672448503142,0.3101551034108956,0.0,-0.40550709533519325,-0.40550709533519325,-0.2953817745254851,-0.2288261524025808,0.06655562212290428
qmap154,7a422c31684da3e6854600d1c69901b391b2a7ddcf39fc3caada4e1000f7d33e,"[""alu-v1_28""]",M1,80.0,52.0,-28.0,0.0,11.0,11.0,-0.08004002668668275,-0.05202601734634379,0.028014009340338965,0.0,-0.027534432399303248,-0.027534432399303248,-0.014174092619383905,-0.011119184765539704,0.003054907853844201
qmap154,7a422c31684da3e6854600d1c69901b391b2a7ddcf39fc3caada4e1000f7d33e,"[""alu-v1_28""]",M2,80.0,52.0,-28.0,0.0,11.0,11.0,-0.08004002668668275,-0.05202601734634379,0.028014009340338965,0.0,-0.027534432399303248,-0.027534432399303248,-0.01350788616930917,-0.011119184765539704,0.002388701403769466
qmap154,7d1896dcc5d2410f21980ed3439eddb034338ed3bc420cbd08732a56ab8a5acb,"[""4mod5-v0_19""]",M1,68.0,46.0,-22.0,0.0,11.0,11.0,-0.06803402268368033,-0.04602301534484258,0.022011007338837756,0.0,-0.027534432399303248,-0.027534432399303248,-0.01331132776666331,-0.009795541873723664,0.0035157858929396463
qmap154,7d1896dcc5d2410f21980ed3439eddb034338ed3bc420cbd08732a56ab8a5acb,"[""4mod5-v0_19""]",M2,68.0,46.0,-22.0,0.0,11.0,11.0,-0.06803402268368033,-0.04602301534484258,0.022011007338837756,0.0,-0.027534432399303248,-0.027534432399303248,-0.01396688059747659,-0.009795541873723664,0.004171338723752926
qmap154,8005c69009fdf9618f28c60c160a00e576cac183c5a275d2382af5d76f812b14,"[""alu-v3_35""]",M1,84.0,52.0,-32.0,0.0,13.0,13.0,-0.08404202802101689,-0.05202601734634379,0.0320160106746731,0.0,-0.0325406928355402,-0.0325406928355402,-0.014125238268810111,-0.011107849471330379,0.0030173887974797326
qmap154,8005c69009fdf9618f28c60c160a00e576cac183c5a275d2382af5d76f812b14,"[""alu-v3_35""]",M2,84.0,52.0,-32.0,0.0,13.0,13.0,-0.08404202802101689,-0.05202601734634379,0.0320160106746731,0.0,-0.0325406928355402,-0.0325406928355402,-0.013663600368344402,-0.011107849471330379,0.002555750897014023
qmap154,8314441e90c48c8308a3339a2101e26dc418327808ac370bf91fb6603ef666dd,"[""cm82a_208""]",M1,1164.0,812.0,-352.0,0.0,192.0,192.0,-1.164582388291234,-0.8124062708698299,0.3521761174214042,0.0,-0.48060100187874755,-0.48060100187874755,-0.383054718356771,-0.28680030821054847,0.09625441014622255
qmap154,8314441e90c48c8308a3339a2101e26dc418327808ac370bf91fb6603ef666dd,"[""cm82a_208""]",M2,1164.0,812.0,-352.0,0.0,192.0,192.0,-1.164582388291234,-0.8124062708698299,0.3521761174214042,0.0,-0.48060100187874755,-0.48060100187874755,-0.38483818201980197,-0.28680030821054847,0.0980378738092535
qmap154,86f25b05a4edb7fc286f425c98d2846447278adb82c6989aeb115afe8cfdb2e0,"[""4gt5_77""]",M1,240.0,166.0,-74.0,0.0,36.0,36.0,-0.24012008006004826,-0.1660830553748667,0.07403702468518156,0.0,-0.09011268785226517,-0.09011268785226517,-0.04583140443483429,-0.03488349005693255,0.01094791437790174
qmap154,86f25b05a4edb7fc286f425c98d2846447278adb82c6989aeb115afe8cfdb2e0,"[""4gt5_77""]",M2,240.0,166.0,-74.0,0.0,36.0,36.0,-0.24012008006004826,-0.1660830553748667,0.07403702468518156,0.0,-0.09011268785226517,-0.09011268785226517,-0.04657479123408157,-0.03488349005693255,0.011691301177149019
qmap154,8dd641baf48f55eb172b86f9b05a182576f0a52226d20cb90648426e4be1ced7,"[""mod10_176""]",M1,324.0,222.0,-102.0,0.0,52.0,52.0,-0.32416210808106516,-0.22211107405554462,0.10205103402552054,0.0,-0.1301627713421608,-0.1301627713421608,-0.06205661377662937,-0.04797303284962295,0.014083580927006421
qmap154,8dd641baf48f55eb172b86f9b05a182576f0a52226d20cb90648426e4be1ced7,"[""mod10_176""]",M2,324.0,222.0,-102.0,0.0,52.0,52.0,-0.32416210808106516,-0.22211107405554462,0.10205103402552054,0.0,-0.1301627713421608,-0.1301627713421608,-0.06108308173644261,-0.04797303284962295,0.013110048886819665
qmap154,8e33e885ddd96f3b57ede11f90be05bae3c461df4b9fb1670d222413068d2d44,"[""4gt11_83""]",M1,48.0,34.0,-14.0,0.0,6.0,6.0,-0.048024016012009646,-0.03401701134184017,0.014007004670169479,0.0,-0.01501878130871086,-0.01501878130871086,-0.009611347898380794,-0.007521720953399738,0.0020896269449810568
qmap154,8e33e885ddd96f3b57ede11f90be05bae3c461df4b9fb1670d222413068d2d44,"[""4gt11_83""]",M2,48.0,34.0,-14.0,0.0,6.0,6.0,-0.048024016012009646,-0.03401701134184017,0.014007004670169479,0.0,-0.01501878130871086,-0.01501878130871086,-0.010082434843151127,-0.007521720953399738,0.002560713889751389
qmap154,8f646fba050365ee2bd40785201080ab4d94bb85dfd7caae056eb74513b04579,"[""mod5d1_63""]",M1,64.0,38.0,-26.0,0.0,8.0,8.0,-0.0640320213493462,-0.03801901267617431,0.02601300867317189,0.0,-0.020025041744947816,-0.020025041744947816,-0.01179214252778263,-0.007236393781989474,0.0045557487457931565
qmap154,8f646fba050365ee2bd40785201080ab4d94bb85dfd7caae056eb74513b04579,"[""mod5d1_63""]",M2,64.0,38.0,-26.0,0.0,8.0,8.0,-0.0640320213493462,-0.03801901267617431,0.02601300867317189,0.0,-0.020025041744947816,-0.020025041744947816,-0.010361814021184034,-0.007236393781989474,0.0031254202391945603
qmap154,905244f2543b366d276cc748f223b549e8c6712f4b686c6295e2e70e4df2d908,"[""rd84_142""]",M1,628.0,396.0,-232.0,0.0,120.0,120.0,-0.6283142094904596,-0.3961981320990796,0.23211607739137996,0.0,-0.30037562617421726,-0.30037562617421726,-0.41701914105152066,-0.27155916542814823,0.14545997562337243
qmap154,905244f2543b366d276cc748f223b549e8c6712f4b686c6295e2e70e4df2d908,"[""rd84_142""]",M2,628.0,396.0,-232.0,0.0,120.0,120.0,-0.6283142094904596,-0.3961981320990796,0.23211607739137996,0.0,-0.30037562617421726,-0.30037562617421726,-0.361734690696973,-0.27155916542814823,0.09017552526882477
qmap154,923c1c3fb38d5e8209a2560552ac8abb6166dacce97b433ca1b7f99201f12f48,"[""ham7_104""]",M1,600.0,416.0,-184.0,0.0,93.0,93.0,-0.6003002001501206,-0.4162081387707503,0.18409206137937034,0.0,-0.23279111028501837,-0.23279111028501837,-0.17297886781465371,-0.13731626946751066,0.035662598347143054
qmap154,923c1c3fb38d5e8209a2560552ac8abb6166dacce97b433ca1b7f99201f12f48,"[""ham7_104""]",M2,600.0,416.0,-184.0,0.0,93.0,93.0,-0.6003002001501206,-0.4162081387707503,0.18409206137937034,0.0,-0.23279111028501837,-0.23279111028501837,-0.17004286280421563,-0.13731626946751066,0.03272659333670497
qmap154,9296c4d9d70d4b782022666728fc1ed6948b105b09cf991b52689a4556553f5f,"[""qe_qft_5""]",M1,48.0,38.0,-10.0,0.0,1.0,1.0,-0.048024016012009646,-0.03801901267617431,0.010005003335835337,0.0,-0.002503130218118477,-0.002503130218118477,-0.013597950705153591,-0.011948661157307682,0.0016492895478459092
qmap154,9296c4d9d70d4b782022666728fc1ed6948b105b09cf991b52689a4556553f5f,"[""qe_qft_5""]",M2,52.0,38.0,-14.0,0.0,1.0,1.0,-0.05202601734634379,-0.03801901267617431,0.014007004670169479,0.0,-0.002503130218118477,-0.002503130218118477,-0.013289774307133729,-0.011948661157307682,0.001341113149826047
qmap154,94334a0880d4a94503440956c484a2bfa59894baae72b5892bd249f94da01983,"[""square_root_7""]",M1,13124.0,9390.0,-3734.0,0.0,1915.0,1915.0,-13.130566377950306,-9.394698132349388,3.7358682456009173,0.0,-4.7934943676968835,-4.7934943676968835,-10.736247823536907,-7.914409146401895,2.8218386771350117
qmap154,94334a0880d4a94503440956c484a2bfa59894baae72b5892bd249f94da01983,"[""square_root_7""]",M2,13212.0,9390.0,-3822.0,0.0,1915.0,1915.0,-13.218610407305656,-9.394698132349388,3.8239122749562675,0.0,-4.7934943676968835,-4.7934943676968835,-10.488333969828195,-7.914409146401895,2.5739248234263004
qmap154,96c783c9bca0ef85595484b3ce3d699b0387661d205d223d6e547c44bdd87c0a,"[""4mod5-v0_20""]",M1,44.0,30.0,-14.0,0.0,5.0,5.0,-0.04402201467767551,-0.030015010007506032,0.014007004670169479,0.0,-0.012515651090592385,-0.012515651090592385,-0.008826390039498158,-0.00575415627734241,0.003072233762155748
qmap154,96c783c9bca0ef85595484b3ce3d699b0387661d205d223d6e547c44bdd87c0a,"[""4mod5-v0_20""]",M2,44.0,30.0,-14.0,0.0,5.0,5.0,-0.04402201467767551,-0.030015010007506032,0.014007004670169479,0.0,-0.012515651090592385,-0.012515651090592385,-0.007944844355695979,-0.00575415627734241,0.002190688078353569
qmap154,983207e15135fbfdbac900dec7d7cc3f72d7bfe6a3ba36b5b188fdb8ecf12de1,"[""ex2_227""]",M1,1152.0,800.0,-352.0,0.0,180.0,180.0,-1.1525763842882315,-0.8004002668668275,0.352176117421404,0.0,-0.45056343926132586,-0.45056343926132586,-0.3204732318023226,-0.25323001539118384,0.06724321641113878
qmap154,983207e15135fbfdbac900dec7d7cc3f72d7bfe6a3ba36b5b188fdb8ecf12de1,"[""ex2_227""]",M2,1156.0,800.0,-356.0,0.0,180.0,180.0,-1.1565783856225658,-0.8004002668668275,0.35617811875573824,0.0,-0.45056343926132586,-0.45056343926132586,-0.31838347879079903,-0.25323001539118384,0.0651534633996152
qmap154,9884edf0a652dbcd3b12d359e9a7b9eee9032e6cd906954e05d636a7a12c59a4,"[""mini_alu_305""]",M1,316.0,206.0,-110.0,0.0,60.0,60.0,-0.31615810541239686,-0.20610306871820808,0.11005503669418878,0.0,-0.15018781308710863,-0.15018781308710863,-0.12400840827462954,-0.08933457994577952,0.03467382832885002
qmap154,9884edf0a652dbcd3b12d359e9a7b9eee9032e6cd906954e05d636a7a12c59a4,"[""mini_alu_305""]",M2,320.0,206.0,-114.0,0.0,60.0,60.0,-0.320160106746731,-0.20610306871820808,0.11405703802852293,0.0,-0.15018781308710863,-0.15018781308710863,-0.12215296785612047,-0.08933457994577952,0.032818387910340946
qmap154,9986622748f143462cb57b994c62dface6274571ab108abe0d5da591993d56d7,"[""rd53_130""]",M1,1880.0,1312.0,-568.0,0.0,293.0,293.0,-1.8809406271370446,-1.312656437661597,0.5682841894754476,0.0,-0.7334171539087138,-0.7334171539087138,-0.5214030863938448,-0.4060119372390183,0.11539114915482651
qmap154,9986622748f143462cb57b994c62dface6274571ab108abe0d5da591993d56d7,"[""rd53_130""]",M2,1880.0,1312.0,-568.0,0.0,293.0,293.0,-1.8809406271370446,-1.312656437661597,0.5682841894754476,0.0,-0.7334171539087138,-0.7334171539087138,-0.5262053016012347,-0.4060119372390183,0.12019336436221639
qmap154,9e3f053dbede7457444bf109616af357b3ab6d81a6a1537fd8fe7bc8559feb88,"[""hwb5_53""]",M1,2460.0,1720.0,-740.0,0.0,397.0,397.0,-2.4612308206154947,-1.720860573763679,0.7403702468518156,0.0,-0.9937426965930354,-0.9937426965930354,-0.6019546929940323,-0.45079193713456533,0.15116275585946692
qmap154,9e3f053dbede7457444bf109616af357b3ab6d81a6a1537fd8fe7bc8559feb88,"[""hwb5_53""]",M2,2472.0,1720.0,-752.0,0.0,397.0,397.0,-2.473236824618497,-1.720860573763679,0.752376250854818,0.0,-0.9937426965930354,-0.9937426965930354,-0.6025397648069799,-0.45079193713456533,0.15174782767241457
qmap154,9e525b1d35ed9e69aaedcf8bd3fdf71ef4f7393c6838de0a4837f6c92a652f0d,"[""sqn_258""]",M1,18484.0,13012.0,-5472.0,0.0,2936.0,2936.0,-18.49324816595805,-13.01851034058895,5.4747378253691,0.0,-7.349190320395849,-7.349190320395849,-13.197051089569044,-9.245914939704779,3.951136149864265
qmap154,9e525b1d35ed9e69aaedcf8bd3fdf71ef4f7393c6838de0a4837f6c92a652f0d,"[""sqn_258""]",M2,18512.0,13012.0,-5500.0,0.0,2936.0,2936.0,-18.52126217529839,-13.01851034058895,5.502751834709439,0.0,-7.349190320395849,-7.349190320395849,-13.199644190439088,-9.245914939704779,3.953729250734309
qmap154,a15dd882bbe53aea063fc08cb96e33fd774fc6763d90813aa5ed1415ffb775a2,"[""rd53_251""]",M1,2312.0,1588.0,-724.0,0.0,377.0,377.0,-2.3131567712451315,-1.5887945297306525,0.724362241514479,0.0,-0.9436800922306658,-0.9436800922306658,-0.7700495987041375,-0.5982612134414047,0.17178838526273277
qmap154,a15dd882bbe53aea063fc08cb96e33fd774fc6763d90813aa5ed1415ffb775a2,"[""rd53_251""]",M2,2312.0,1588.0,-724.0,0.0,377.0,377.0,-2.3131567712451315,-1.5887945297306525,0.724362241514479,0.0,-0.9436800922306658,-0.9436800922306658,-0.7744114639938801,-0.5982612134414047,0.17615025055247535
qmap154,a18c9f80ee68afee3443e316232d2f6de495ee5d68f0f3ff3c3605e2760916ed,"[""4gt13-v1_93""]",M1,124.0,88.0,-36.0,0.0,19.0,19.0,-0.12406204136435826,-0.08804402935535102,0.03601801200900724,0.0,-0.04755947414425106,-0.04755947414425106,-0.02351178901717161,-0.017466409389688867,0.006045379627482743
qmap154,a18c9f80ee68afee3443e316232d2f6de495ee5d68f0f3ff3c3605e2760916ed,"[""4gt13-v1_93""]",M2,124.0,88.0,-36.0,0.0,19.0,19.0,-0.12406204136435826,-0.08804402935535102,0.03601801200900724,0.0,-0.04755947414425106,-0.04755947414425106,-0.02450818617240729,-0.017466409389688867,0.007041776782718424
qmap154,a349d8041680093f4e0e734c78665ba74fb201322af6505319a01c6838b887c3,"[""4gt4-v0_79""]",M1,420.0,288.0,-132.0,0.0,67.0,67.0,-0.42021014010508445,-0.2881440960720579,0.13206604403302658,0.0,-0.16770972461393796,-0.16770972461393796,-0.09851146738876426,-0.07625253840491703,0.022258928983847237
qmap154,a349d8041680093f4e0e734c78665ba74fb201322af6505319a01c6838b887c3,"[""4gt4-v0_79""]",M2,420.0,288.0,-132.0,0.0,67.0,67.0,-0.42021014010508445,-0.2881440960720579,0.13206604403302658,0.0,-0.16770972461393796,-0.16770972461393796,-0.0987248533345918,-0.07625253840491703,0.022472314929674775
qmap154,a35a0cb5a5e80b130e60fa4e26dfdd940ac110073cf1e447d5f32ea63e0902b2,"[""aj-e11_165""]",M1,280.0,180.0,-100.0,0.0,49.0,49.0,-0.28014009340338963,-0.1800900600450362,0.10005003335835344,0.0,-0.12265338068780537,-0.12265338068780537,-0.05746041639681619,-0.03958413196596474,0.01787628443085145
qmap154,a35a0cb5a5e80b130e60fa4e26dfdd940ac110073cf1e447d5f32ea63e0902b2,"[""aj-e11_165""]",M2,284.0,180.0,-104.0,0.0,49.0,49.0,-0.2841420947377238,-0.1800900600450362,0.10405203469268759,0.0,-0.12265338068780537,-0.12265338068780537,-0.05545754120641239,-0.03958413196596474,0.015873409240447653
qmap154,a6601aa8a2f26cecf967808159491730a5ec445ea7982d3bada3e769531cf1b0,"[""sf_274""]",M1,1356.0,934.0,-422.0,0.0,228.0,228.0,-1.3566784523392725,-0.9344673115670211,0.4222111407722514,0.0,-0.5707136897310128,-0.5707136897310128,-0.3345404064189571,-0.2570852122237204,0.07745519419523672
qmap154,a6601aa8a2f26cecf967808159491730a5ec445ea7982d3bada3e769531cf1b0,"[""sf_274""]",M2,1356.0,934.0,-422.0,0.0,228.0,228.0,-1.3566784523392725,-0.9344673115670211,0.4222111407722514,0.0,-0.5707136897310128,-0.5707136897310128,-0.32892099112066425,-0.2570852122237204,0.07183577889694387
qmap154,a8f4097d0168378803725415aada0c52d1bc452c2a07d485204863fef857bf84,"[""4mod5-bdd_287""]",M1,124.0,80.0,-44.0,0.0,23.0,23.0,-0.12406204136435826,-0.08004002668668275,0.04402201467767551,0.0,-0.05757199501672497,-0.05757199501672497,-0.03777090156604738,-0.025624387955353527,0.01214651361069385
qmap154,a8f4097d0168378803725415aada0c52d1bc452c2a07d485204863fef857bf84,"[""4mod5-bdd_287""]",M2,124.0,80.0,-44.0,0.0,23.0,23.0,-0.12406204136435826,-0.08004002668668275,0.04402201467767551,0.0,-0.05757199501672497,-0.05757199501672497,-0.03827955172962643,-0.025624387955353527,0.012655163774272903
qmap154,aacab69f698e7b9ecb3ad3698004174062167964aebd93c4efcbe624131bff1d,"[""4gt11_82""]",M1,56.0,42.0,-14.0,0.0,5.0,5.0,-0.05602801868067792,-0.042021014010508444,0.014007004670169479,0.0,-0.012515651090592385,-0.012515651090592385,-0.011004280138832808,-0.009197691517561122,0.0018065886212716865
qmap154,aacab69f698e7b9ecb3ad3698004174062167964aebd93c4efcbe624131bff1d,"[""4gt11_82""]",M2,56.0,42.0,-14.0,0.0,5.0,5.0,-0.05602801868067792,-0.042021014010508444,0.014007004670169479,0.0,-0.012515651090592385,-0.012515651090592385,-0.010574747604043038,-0.009197691517561122,0.0013770560864819169
qmap154,aacd9d461d97474d739216de7842190ad2c493eec99d4613f395da4a2c442559,"[""4gt4-v0_80""]",M1,324.0,222.0,-102.0,0.0,53.0,53.0,-0.32416210808106516,-0.22211107405554462,0.10205103402552054,0.0,-0.13266590156027927,-0.13266590156027927,-0.07867482250133104,-0.05904678034035851,0.019628042160972525
qmap154,aacd9d461d97474d739216de7842190ad2c493eec99d4613f395da4a2c442559,"[""4gt4-v0_80""]",M2,324.0,222.0,-102.0,0.0,53.0,53.0,-0.32416210808106516,-0.22211107405554462,0.10205103402552054,0.0,-0.13266590156027927,-0.13266590156027927,-0.07858188252361607,-0.05904678034035851,0.01953510218325756
qmap154,be58b162bd8a9700b69db3a25381397ae6cdfc255448c9843b1455ef0304c168,"[""0410184_169""]",M1,432.0,320.0,-112.0,0.0,50.0,50.0,-0.43221614410808684,-0.320160106746731,0.11205603736135583,0.0,-0.12515651090592383,-0.12515651090592383,-0.23028184999862716,-0.19609555314706822,0.03418629685155894
qmap154,be58b162bd8a9700b69db3a25381397ae6cdfc255448c9843b1455ef0304c168,"[""0410184_169""]",M2,436.0,320.0,-116.0,0.0,50.0,50.0,-0.436218145442421,-0.320160106746731,0.11605803869568998,0.0,-0.12515651090592383,-0.12515651090592383,-0.22064199034714202,-0.19609555314706822,0.024546437200073795
qmap154,be9e69cdeacc1bca8baee7df907061733b8c0c8ee5f5400f69c299d861a6c725,"[""rd53_131""]",M1,836.0,610.0,-226.0,0.0,126.0,126.0,-0.8364182788758348,-0.610305203485956,0.2261130753898788,0.0,-0.3153944074829281,-0.3153944074829281,-0.2345706181144443,-0.1802838606506228,0.0542867574638215
qmap154,be9e69cdeacc1bca8baee7df907061733b8c0c8ee5f5400f69c299d861a6c725,"[""rd53_131""]",M2,836.0,610.0,-226.0,0.0,126.0,126.0,-0.8364182788758348,-0.610305203485956,0.2261130753898788,0.0,-0.3153944074829281,-0.3153944074829281,-0.23478237127731585,-0.1802838606506228,0.05449851062669306
qmap154,bfa75e9edbb6ab94cd64844561c0745f471f23c85dfd068594d38324267ec989,"[""4gt4-v0_72""]",M1,456.0,310.0,-146.0,0.0,76.0,76.0,-0.4562281521140917,-0.31015510341089564,0.14607304870319604,0.0,-0.19023789657700424,-0.19023789657700424,-0.10996157706842308,-0.0822380504415923,0.02772352662683078
qmap154,bfa75e9edbb6ab94cd64844561c0745f471f23c85dfd068594d38324267ec989,"[""4gt4-v0_72""]",M2,460.0,310.0,-150.0,0.0,76.0,76.0,-0.4602301534484258,-0.31015510341089564,0.1500750500375302,0.0,-0.19023789657700424,-0.19023789657700424,-0.1064487302501851,-0.0822380504415923,0.024210679808592803
qmap154,c6a370a3fd82cb35caac5770d763a98a341d78297bfc3c07d9c74ed215b9b620,"[""C17_204""]",M1,848.0,596.0,-252.0,0.0,133.0,133.0,-0.8484242828788371,-0.5962981988157865,0.2521260840630506,0.0,-0.33291631900975743,-0.33291631900975743,-0.23692582709362797,-0.18567415697722178,0.05125167011640619
qmap154,c6a370a3fd82cb35caac5770d763a98a341d78297bfc3c07d9c74ed215b9b620,"[""C17_204""]",M2,860.0,596.0,-264.0,0.0,133.0,133.0,-0.8604302868818395,-0.5962981988157865,0.26413208806605304,0.0,-0.33291631900975743,-0.33291631900975743,-0.24072572587357133,-0.18567415697722178,0.055051568896349545
qmap154,c8416c44c0070c3fb15d442644a2d57645ab8eacb8876b7384d5baca60842315,"[""mod8-10_178""]",M1,628.0,424.0,-204.0,0.0,103.0,103.0,-0.6283142094904596,-0.42421214143941854,0.20410206805104103,0.0,-0.25782241246620313,-0.25782241246620313,-0.15119705880623308,-0.11483726393508564,0.03635979487114743
qmap154,c8416c44c0070c3fb15d442644a2d57645ab8eacb8876b7384d5baca60842315,"[""mod8-10_178""]",M2,632.0,424.0,-208.0,0.0,103.0,103.0,-0.6323162108247937,-0.42421214143941854,0.20810406938537518,0.0,-0.25782241246620313,-0.25782241246620313,-0.14906252459075917,-0.11483726393508564,0.03422526065567352
qmap154,c8d56b244118432388e76545f2d8c01bfa8f43508c1f8ae17157e79bf41289da,"[""mod10_171""]",M1,440.0,298.0,-142.0,0.0,73.0,73.0,-0.44022014677675514,-0.29814909940789325,0.1420710473688619,0.0,-0.1827285059226488,-0.1827285059226488,-0.08705599592707057,-0.06419297880187701,0.022863017125193563
qmap154,c8d56b244118432388e76545f2d8c01bfa8f43508c1f8ae17157e79bf41289da,"[""mod10_171""]",M2,444.0,298.0,-146.0,0.0,73.0,73.0,-0.44422214811108923,-0.29814909940789325,0.14607304870319598,0.0,-0.1827285059226488,-0.1827285059226488,-0.08803832654111446,-0.06419297880187701,0.023845347739237452
qmap154,c99d557b492a18a7a3de36a4531d517c18f9e2dac5eba9a2a992076e0c8093b0,"[""4mod5-v0_18""]",M1,116.0,80.0,-36.0,0.0,20.0,20.0,-0.11605803869568998,-0.08004002668668275,0.03601801200900723,0.0,-0.05006260436236954,-0.05006260436236954,-0.02483210025749684,-0.018385127120373327,0.006446973137123512
qmap154,c99d557b492a18a7a3de36a4531d517c18f9e2dac5eba9a2a992076e0c8093b0,"[""4mod5-v0_18""]",M2,116.0,80.0,-36.0,0.0,20.0,20.0,-0.11605803869568998,-0.08004002668668275,0.03601801200900723,0.0,-0.05006260436236954,-0.05006260436236954,-0.02514037343785105,-0.018385127120373327,0.006755246317477724
qmap154,ce47031e36a06fb4b5256a25a448d4bcf007a6037c20645310dce86c4bd08620,"[""alu-v0_26""]",M1,160.0,112.0,-48.0,0.0,24.0,24.0,-0.1600800533733655,-0.11205603736135585,0.04802401601200966,0.0,-0.06007512523484344,-0.06007512523484344,-0.030979244279521555,-0.023926867217568638,0.007052377061952917
qmap154,ce47031e36a06fb4b5256a25a448d4bcf007a6037c20645310dce86c4bd08620,"[""alu-v0_26""]",M2,160.0,112.0,-48.0,0.0,24.0,24.0,-0.1600800533733655,-0.11205603736135585,0.04802401601200966,0.0,-0.06007512523484344,-0.06007512523484344,-0.031282762617180895,-0.023926867217568638,0.007355895399612258
qmap154,cf4a8e6ee6f9677f920d283d31ac6cc79f4dc8ed011444457d1fd4be4aa0fb9d,"[""radd_250""]",M1,5828.0,4124.0,-1704.0,0.0,915.0,915.0,-5.830915944124838,-4.126063375698496,1.7048525684263423,0.0,-2.2903641495784064,-2.2903641495784064,-3.605789484156337,-2.6783594292730637,0.9274300548832732
qmap154,cf4a8e6ee6f9677f920d283d31ac6cc79f4dc8ed011444457d1fd4be4aa0fb9d,"[""radd_250""]",M2,5836.0,4124.0,-1712.0,0.0,915.0,915.0,-5.8389199467935065,-4.126063375698496,1.7128565710950108,0.0,-2.2903641495784064,-2.2903641495784064,-3.597386767464978,-2.6783594292730637,0.9190273381919143
qmap154,cfc7a9ef5d3d73772fa0a79c64272948d4d312053c89a7c95c3799d068f28b2a,"[""sym6_145""]",M1,7072.0,4942.0,-2130.0,0.0,1129.0,1129.0,-7.075538359102755,-4.9444726485698265,2.131065710532929,0.0,-2.8260340162557607,-2.8260340162557607,-2.2685639582016472,-1.6720904228150835,0.5964735353865638
qmap154,cfc7a9ef5d3d73772fa0a79c64272948d4d312053c89a7c95c3799d068f28b2a,"[""sym6_145""]",M2,7072.0,4942.0,-2130.0,0.0,1129.0,1129.0,-7.075538359102755,-4.9444726485698265,2.131065710532929,0.0,-2.8260340162557607,-2.8260340162557607,-2.276118656857789,-1.6720904228150835,0.6040282340427054
qmap154,d0e9f326652454eb85d198aecf5ad7c0c22d1cd6f56afa8c33cecacfaf6bf9cd,"[""cycle10_2_110""]",M1,10904.0,7718.0,-3186.0,0.0,1713.0,1713.0,-10.909455637394858,-7.721861574597718,3.1875940627971397,0.0,-4.287862063636951,-4.287862063636951,-7.244077182571089,-5.062040999486896,2.1820361830841932
qmap154,d0e9f326652454eb85d198aecf5ad7c0c22d1cd6f56afa8c33cecacfaf6bf9cd,"[""cycle10_2_110""]",M2,10924.0,7718.0,-3206.0,0.0,1713.0,1713.0,-10.929465644066529,-7.721861574597718,3.20760406946881,0.0,-4.287862063636951,-4.287862063636951,-7.191464785943698,-5.062040999486896,2.129423786456803
qmap154,d25f1e6ffaf065bfaada147783bc65850a972bf0e1d238430518d6f2f854fcc2,"[""alu-v3_34""]",M1,104.0,70.0,-34.0,0.0,17.0,17.0,-0.10405203469268758,-0.07003502335084741,0.03401701134184017,0.0,-0.042553213708014105,-0.042553213708014105,-0.01967894501180952,-0.01530004077161207,0.004378904240197448
qmap154,d25f1e6ffaf065bfaada147783bc65850a972bf0e1d238430518d6f2f854fcc2,"[""alu-v3_34""]",M2,104.0,70.0,-34.0,0.0,17.0,17.0,-0.10405203469268758,-0.07003502335084741,0.03401701134184017,0.0,-0.042553213708014105,-0.042553213708014105,-0.02001374456236514,-0.01530004077161207,0.00471370379075307
qmap154,d6706fe265e77c9974b4e2ee29fd782d6b5f06dab44521e835b1d2c32e7da411,"[""mini-alu_167""]",M1,524.0,358.0,-166.0,0.0,83.0,83.0,-0.524262174797772,-0.3581791194229053,0.16608305537486673,0.0,-0.2077598081038336,-0.2077598081038336,-0.10855187713327402,-0.07768855667734206,0.03086332045593196
qmap154,d6706fe265e77c9974b4e2ee29fd782d6b5f06dab44521e835b1d2c32e7da411,"[""mini-alu_167""]",M2,536.0,358.0,-178.0,0.0,83.0,83.0,-0.5362681788007744,-0.3581791194229053,0.17808905937786906,0.0,-0.2077598081038336,-0.2077598081038336,-0.10105624961494021,-0.07768855667734206,0.023367692937598147
qmap154,d800bdc1387d38e9d43ce4de7c660bcce7f9dfc81455c7ac955f18408479de3d,"[""cm42a_207"", ""pm1_249""]",M1,3128.0,2190.0,-938.0,0.0,506.0,506.0,-3.1295650434492956,-2.19109573054794,0.9384693129013555,0.0,-1.2665838903679494,-1.2665838903679494,-1.9207981959362914,-1.4957914180417842,0.42500677789450725
qmap154,d800bdc1387d38e9d43ce4de7c660bcce7f9dfc81455c7ac955f18408479de3d,"[""cm42a_207"", ""pm1_249""]",M2,3136.0,2190.0,-946.0,0.0,506.0,506.0,-3.1375690461179637,-2.19109573054794,0.9464733155700236,0.0,-1.2665838903679494,-1.2665838903679494,-1.9425883954882481,-1.4957914180417842,0.44679697744646396
qmap154,dfcfb0f66a9df92dbce2a4f1948cc61f5cb144f7acf0e867f59c81b20574a24e,"[""4mod5-v1_24""]",M1,72.0,50.0,-22.0,0.0,11.0,11.0,-0.07203602401801447,-0.05002501667917672,0.02201100733883775,0.0,-0.027534432399303248,-0.027534432399303248,-0.013508927907402758,-0.010347369041561623,0.003161558865841135
qmap154,dfcfb0f66a9df92dbce2a4f1948cc61f5cb144f7acf0e867f59c81b20574a24e,"[""4mod5-v1_24""]",M2,72.0,50.0,-22.0,0.0,11.0,11.0,-0.07203602401801447,-0.05002501667917672,0.02201100733883775,0.0,-0.027534432399303248,-0.027534432399303248,-0.013575099970914134,-0.010347369041561623,0.0032277309293525114
qmap154,e039b9c3db8f1e80604503cd9a889b8734bb4401c1182c75a38b1832e598b5aa,"[""4gt5_75""]",M1,164.0,116.0,-48.0,0.0,24.0,24.0,-0.16408205470769963,-0.11605803869568998,0.048024016012009646,0.0,-0.06007512523484344,-0.06007512523484344,-0.029203709602936303,-0.022508438825183955,0.006695270777752348
qmap154,e039b9c3db8f1e80604503cd9a889b8734bb4401c1182c75a38b1832e598b5aa,"[""4gt5_75""]",M2,164.0,116.0,-48.0,0.0,24.0,24.0,-0.16408205470769963,-0.11605803869568998,0.048024016012009646,0.0,-0.06007512523484344,-0.06007512523484344,-0.03148702181160595,-0.022508438825183955,0.008978582986421998
qmap154,e0b103d516baa0b7f6568f867dab262f2f66620405eb887fb0a4bc2b3b83db45,"[""rd32-v1_68""]",M1,52.0,34.0,-18.0,0.0,9.0,9.0,-0.05202601734634379,-0.03401701134184017,0.01800900600450362,0.0,-0.022528171963066293,-0.022528171963066293,-0.007868912344780167,-0.005626481695835321,0.002242430648944846
qmap154,e0b103d516baa0b7f6568f867dab262f2f66620405eb887fb0a4bc2b3b83db45,"[""rd32-v1_68""]",M2,52.0,34.0,-18.0,0.0,9.0,9.0,-0.05202601734634379,-0.03401701134184017,0.01800900600450362,0.0,-0.022528171963066293,-0.022528171963066293,-0.008115110858911789,-0.005626481695835321,0.002488629163076468
qmap154,e0dd04c87b06b77340c2ea5884b0d7aa8c08bc173a7ad4a394604075fca77d6e,"[""alu-v4_37""]",M1,84.0,52.0,-32.0,0.0,13.0,13.0,-0.08404202802101689,-0.05202601734634379,0.0320160106746731,0.0,-0.0325406928355402,-0.0325406928355402,-0.014125238268810111,-0.011107849471330379,0.0030173887974797326
qmap154,e0dd04c87b06b77340c2ea5884b0d7aa8c08bc173a7ad4a394604075fca77d6e,"[""alu-v4_37""]",M2,84.0,52.0,-32.0,0.0,13.0,13.0,-0.08404202802101689,-0.05202601734634379,0.0320160106746731,0.0,-0.0325406928355402,-0.0325406928355402,-0.01365334935902187,-0.011107849471330379,0.002545499887691491
qmap154,e20660c789713938e6f9c85c8aab18f2cf88dd5e6ecb77cb136fab96c9497ff9,"[""mod5mils_65""]",M1,68.0,46.0,-22.0,0.0,11.0,11.0,-0.06803402268368033,-0.04602301534484258,0.022011007338837756,0.0,-0.027534432399303248,-0.027534432399303248,-0.01332754594607344,-0.009507354992374605,0.0038201909536988345
qmap154,e20660c789713938e6f9c85c8aab18f2cf88dd5e6ecb77cb136fab96c9497ff9,"[""mod5mils_65""]",M2,68.0,46.0,-22.0,0.0,11.0,11.0,-0.06803402268368033,-0.04602301534484258,0.022011007338837756,0.0,-0.027534432399303248,-0.027534432399303248,-0.013982363115202168,-0.009507354992374605,0.004475008122827563
qmap154,e681b288918d9cc524f0c1d7c1a8a165a6636b4125d31d13e102129be7eb25b0,"[""4mod7-v1_96""]",M1,288.0,192.0,-96.0,0.0,46.0,46.0,-0.2881440960720579,-0.19209606404803858,0.09604803202401929,0.0,-0.11514399003344994,-0.11514399003344994,-0.06562970176037701,-0.04307737317701399,0.02255232858336302
qmap154,e681b288918d9cc524f0c1d7c1a8a165a6636b4125d31d13e102129be7eb25b0,"[""4mod7-v1_96""]",M2,292.0,192.0,-100.0,0.0,46.0,46.0,-0.292146097406392,-0.19209606404803858,0.10005003335835344,0.0,-0.11514399003344994,-0.11514399003344994,-0.056495825294012536,-0.04307737317701399,0.013418452116998547
qmap154,e73d2832157ee147f3cbb3f3ebebd285b8fda1cbf0b6e8f4627f21cf488be333,"[""one-two-three-v2_100""]",M1,140.0,94.0,-46.0,0.0,22.0,22.0,-0.14007004670169482,-0.09404703135685223,0.046023015344842585,0.0,-0.055068864798606496,-0.055068864798606496,-0.027427524124764565,-0.018142860366559866,0.009284663758204699
qmap154,e73d2832157ee147f3cbb3f3ebebd285b8fda1cbf0b6e8f4627f21cf488be333,"[""one-two-three-v2_100""]",M2,140.0,94.0,-46.0,0.0,22.0,22.0,-0.14007004670169482,-0.09404703135685223,0.046023015344842585,0.0,-0.055068864798606496,-0.055068864798606496,-0.02569019914874776,-0.018142860366559866,0.007547338782187895
qmap154,e86d670b4294ec453133e6dd18dfac6f90a9459e0c10d6fd7754d621e9f262fe,"[""ising_model_13""]",M1,264.0,160.0,-104.0,0.0,0.0,0.0,-0.2641320880660531,-0.1600800533733655,0.10405203469268759,0.0,0.0,0.0,-0.14601214887046388,-0.1416131351106636,0.004399013759800285
qmap154,e86d670b4294ec453133e6dd18dfac6f90a9459e0c10d6fd7754d621e9f262fe,"[""ising_model_13""]",M2,284.0,160.0,-124.0,0.0,0.0,0.0,-0.2841420947377238,-0.1600800533733655,0.12406204136435828,0.0,0.0,0.0,-0.13190185378569502,-0.1416131351106636,-0.009711281324968568
qmap154,e88e32620ce6fb291b6b742761a195ada2487c3a63177d4cb5041b1265b848a3,"[""alu-v2_31""]",M1,828.0,558.0,-270.0,0.0,132.0,132.0,-0.8284142762071665,-0.5582791861396121,0.2701350900675543,0.0,-0.33041318879163895,-0.33041318879163895,-0.15406859929955255,-0.12223079126227876,0.03183780803727379
qmap154,e88e32620ce6fb291b6b742761a195ada2487c3a63177d4cb5041b1265b848a3,"[""alu-v2_31""]",M2,828.0,558.0,-270.0,0.0,132.0,132.0,-0.8284142762071665,-0.5582791861396121,0.2701350900675543,0.0,-0.33041318879163895,-0.33041318879163895,-0.15283281236863994,-0.12223079126227876,0.030602021106361177
qmap154,e89bcbd9bbde57b6c42fa552af0bbed91f62d8fcc42c2861bc6203eec7d7c811,"[""ex-1_166""]",M1,40.0,24.0,-16.0,0.0,7.0,7.0,-0.040020013343341376,-0.024012008006004823,0.016008005337336553,0.0,-0.017521911526829338,-0.017521911526829338,-0.0040132144814252636,-0.0027500040781292066,0.001263210403296057
qmap154,e89bcbd9bbde57b6c42fa552af0bbed91f62d8fcc42c2861bc6203eec7d7c811,"[""ex-1_166""]",M2,40.0,24.0,-16.0,0.0,7.0,7.0,-0.040020013343341376,-0.024012008006004823,0.016008005337336553,0.0,-0.017521911526829338,-0.017521911526829338,-0.004187442888123508,-0.0027500040781292066,0.0014374388099943017
qmap154,eb832c5f8f923061439d844842c8a7876f763051b9241b753ac772e69888a63c,"[""rd53_135""]",M1,548.0,386.0,-162.0,0.0,88.0,88.0,-0.5482741828037768,-0.38619312876324424,0.16208105404053258,0.0,-0.22027545919442598,-0.22027545919442598,-0.14893292853905923,-0.11674395513206674,0.03218897340699249
qmap154,eb832c5f8f923061439d844842c8a7876f763051b9241b753ac772e69888a63c,"[""rd53_135""]",M2,548.0,386.0,-162.0,0.0,88.0,88.0,-0.5482741828037768,-0.38619312876324424,0.16208105404053258,0.0,-0.22027545919442598,-0.22027545919442598,-0.14941075614571742,-0.11674395513206674,0.03266680101365067
qmap154,f0db956c320d40de51858d908aa0fe247112cd2c9c82085581052b79ba123d2c,"[""rd73_140""]",M1,416.0,262.0,-154.0,0.0,82.0,82.0,-0.4162081387707503,-0.262131087398886,0.15407705137186428,0.0,-0.2052566778857151,-0.2052566778857151,-0.16184406925974093,-0.12376956975316057,0.03807449950658036
qmap154,f0db956c320d40de51858d908aa0fe247112cd2c9c82085581052b79ba123d2c,"[""rd73_140""]",M2,416.0,262.0,-154.0,0.0,82.0,82.0,-0.4162081387707503,-0.262131087398886,0.15407705137186428,0.0,-0.2052566778857151,-0.2052566778857151,-0.1764528846189949,-0.12376956975316057,0.052683314865834316
qmap154,f2f31e619d116aed7be5fcda1e0a22222bbb82cc6791249a4dd8f7fb7ceeefe3,"[""wim_266""]",M1,1748.0,1202.0,-546.0,0.0,283.0,283.0,-1.748874583104018,-1.2026014009674082,0.5462731821366098,0.0,-0.708385851727529,-0.708385851727529,-0.7880174772227305,-0.6226801963098715,0.16533728091285904
qmap154,f2f31e619d116aed7be5fcda1e0a22222bbb82cc6791249a4dd8f7fb7ceeefe3,"[""wim_266""]",M2,1752.0,1202.0,-550.0,0.0,283.0,283.0,-1.7528765844383523,-1.2026014009674082,0.5502751834709441,0.0,-0.708385851727529,-0.708385851727529,-0.7891721609939454,-0.6226801963098715,0.1664919646840739
qmap154,f3c46f00d6661f719aed8ae0269c2cf50e895946566ba9a84f25a54ea134911d,"[""f2_232""]",M1,2144.0,1492.0,-652.0,0.0,340.0,340.0,-2.1450727152030975,-1.4927464977066334,0.6523262174964641,0.0,-0.8510642741602822,-0.8510642741602822,-0.7222616951957477,-0.554486589966654,0.16777510522909367
qmap154,f3c46f00d6661f719aed8ae0269c2cf50e895946566ba9a84f25a54ea134911d,"[""f2_232""]",M2,2148.0,1492.0,-656.0,0.0,340.0,340.0,-2.1490747165374318,-1.4927464977066334,0.6563282188307984,0.0,-0.8510642741602822,-0.8510642741602822,-0.7229971442561127,-0.554486589966654,0.1685105542894587
qmap154,f42ebeaf660df39d4e1ffb31f0acaa52f76b35b6cae60b9e161b163b3a0ef143,"[""mod5adder_127""]",M1,980.0,666.0,-314.0,0.0,163.0,163.0,-0.9804903269118637,-0.6663332221666339,0.31415710474522973,0.0,-0.40801022555331173,-0.40801022555331173,-0.23698547823461796,-0.1832362646300701,0.053749213604547874
qmap154,f42ebeaf660df39d4e1ffb31f0acaa52f76b35b6cae60b9e161b163b3a0ef143,"[""mod5adder_127""]",M2,984.0,666.0,-318.0,0.0,163.0,163.0,-0.9844923282461978,-0.6663332221666339,0.3181591060795639,0.0,-0.40801022555331173,-0.40801022555331173,-0.22972335283869627,-0.1832362646300701,0.04648708820862618
qmap154,f4b1830ec59011bb4fe7f2f552e3806d7023f74c8b0fd7e7126a5399b35ceca3,"[""alu-v1_29""]",M1,80.0,48.0,-32.0,0.0,12.0,12.0,-0.08004002668668275,-0.048024016012009646,0.03201601067467311,0.0,-0.03003756261742172,-0.03003756261742172,-0.013564596616043941,-0.01031918466389575,0.003245411952148192
qmap154,f4b1830ec59011bb4fe7f2f552e3806d7023f74c8b0fd7e7126a5399b35ceca3,"[""alu-v1_29""]",M2,80.0,48.0,-32.0,0.0,12.0,12.0,-0.08004002668668275,-0.048024016012009646,0.03201601067467311,0.0,-0.03003756261742172,-0.03003756261742172,-0.013074069242352517,-0.01031918466389575,0.0027548845784567677
qmap154,f571e6b12d8e59cb4772af85d23a3ab1679b8b21df2bf9532f95989fedda1371,"[""misex1_241""]",M1,8476.0,5956.0,-2520.0,0.0,1362.0,1362.0,-8.480240827454038,-5.958979986823531,2.5212608406305073,0.0,-3.4092633570773656,-3.4092633570773656,-6.746324199581803,-4.827445543096789,1.9188786564850142
qmap154,f571e6b12d8e59cb4772af85d23a3ab1679b8b21df2bf9532f95989fedda1371,"[""misex1_241""]",M2,8488.0,5956.0,-2532.0,0.0,1362.0,1362.0,-8.49224683145704,-5.958979986823531,2.533266844633509,0.0,-3.4092633570773656,-3.4092633570773656,-6.738559333330701,-4.827445543096789,1.9111137902339124
qmap154,f84dd3828bcf2684305f19cf03ec4cb40c22d74e2b41f5714593f6bd3f483ae9,"[""4_49_16""]",M1,404.0,270.0,-134.0,0.0,66.0,66.0,-0.40420213476774786,-0.27013509006755426,0.1340670447001936,0.0,-0.16520659439581947,-0.16520659439581947,-0.07677083109556071,-0.05923656943148272,0.01753426166407799
qmap154,f84dd3828bcf2684305f19cf03ec4cb40c22d74e2b41f5714593f6bd3f483ae9,"[""4_49_16""]",M2,408.0,270.0,-138.0,0.0,66.0,66.0,-0.408204136102082,-0.27013509006755426,0.13806904603452774,0.0,-0.16520659439581947,-0.16520659439581947,-0.07686939141413202,-0.05923656943148272,0.017632821982649295
qmap154,f871046094dbfeb7bd70bf21bddd523ced39b7be53e1154e0c738126b6cc84ff,"[""cm85a_209""]",M1,20392.0,14608.0,-5784.0,0.0,3220.0,3220.0,-20.402202802435433,-14.61530887298827,5.786893929447162,0.0,-8.060079302341496,-8.060079302341496,-28.950683332695764,-15.890184842893781,13.060498489801983
qmap154,f871046094dbfeb7bd70bf21bddd523ced39b7be53e1154e0c738126b6cc84ff,"[""cm85a_209""]",M2,20412.0,14608.0,-5804.0,0.0,3220.0,3220.0,-20.422212809107105,-14.61530887298827,5.806903936118834,0.0,-8.060079302341496,-8.060079302341496,-28.05491152240842,-15.890184842893781,12.16472667951464
qmap154,f8c690ddce42ddef13013b6f7beb6a0d0cf6b59b925ef995cfb07da443154ebd,"[""4gt13_92""]",M1,132.0,86.0,-46.0,0.0,19.0,19.0,-0.13206604403302655,-0.08604302868818396,0.046023015344842585,0.0,-0.04755947414425106,-0.04755947414425106,-0.024389485007702744,-0.019534823793262886,0.004854661214439858
qmap154,f8c690ddce42ddef13013b6f7beb6a0d0cf6b59b925ef995cfb07da443154ebd,"[""4gt13_92""]",M2,136.0,86.0,-50.0,0.0,19.0,19.0,-0.13606804536736067,-0.08604302868818396,0.050025016679176706,0.0,-0.04755947414425106,-0.04755947414425106,-0.024503340699650315,-0.019534823793262886,0.00496851690638743
qmap154,fe1d0e3dd99cc2fa7f2e2fcac9431aed035eea231c658fd07b119549b2c9925f,"[""alu-v2_33""]",M1,80.0,50.0,-30.0,0.0,12.0,12.0,-0.08004002668668275,-0.05002501667917672,0.030015010007506032,0.0,-0.03003756261742172,-0.03003756261742172,-0.015455222611751931,-0.010134898769304113,0.005320323842447818
qmap154,fe1d0e3dd99cc2fa7f2e2fcac9431aed035eea231c658fd07b119549b2c9925f,"[""alu-v2_33""]",M2,80.0,50.0,-30.0,0.0,12.0,12.0,-0.08004002668668275,-0.05002501667917672,0.030015010007506032,0.0,-0.03003756261742172,-0.03003756261742172,-0.01472378033936818,-0.010134898769304113,0.004588881570064067
qmap154,fe47d3bb3c105b7015909980311f733d2136e6caa20a9257201fd62f09832947,"[""dc1_220""]",M1,3344.0,2346.0,-998.0,0.0,546.0,546.0,-3.345673115503339,-2.3471737825869714,0.9984993329163676,0.0,-1.3667090990926885,-1.3667090990926885,-1.6209576965558707,-1.2514493933675588,0.36950830318831196
qmap154,fe47d3bb3c105b7015909980311f733d2136e6caa20a9257201fd62f09832947,"[""dc1_220""]",M2,3352.0,2346.0,-1006.0,0.0,546.0,546.0,-3.353677118172007,-2.3471737825869714,1.0065033355850357,0.0,-1.3667090990926885,-1.3667090990926885,-1.6476659168673622,-1.2514493933675588,0.3962165234998034
zac18,0c57c9a79d2a187a90c2266ec22ad092f7f0ef573557f51b42f136c4db7f5afd,"[""ghz_n23""]",M1,92.0,88.0,-4.0,0.0,0.0,0.0,-0.09204603068968516,-0.08804402935535102,0.004002001334334135,0.0,0.0,0.0,-0.08956986234580003,-0.08808021307807924,0.0014896492677207857
zac18,0c57c9a79d2a187a90c2266ec22ad092f7f0ef573557f51b42f136c4db7f5afd,"[""ghz_n23""]",M2,92.0,88.0,-4.0,0.0,0.0,0.0,-0.09204603068968516,-0.08804402935535102,0.004002001334334135,0.0,0.0,0.0,-0.10638534180626084,-0.08808021307807924,0.018305128728181602
zac18,173203497ff0bf9e285e83d9eaba591c4bedfc0b78370ddde335d2dfe90c4943,"[""ghz_n78_transpiled""]",M1,332.0,316.0,-16.0,0.0,0.0,0.0,-0.3321661107497334,-0.31615810541239686,0.01600800533733654,0.0,0.0,0.0,-1.159529375631278,-1.1766054532309487,-0.01707607759967078
zac18,173203497ff0bf9e285e83d9eaba591c4bedfc0b78370ddde335d2dfe90c4943,"[""ghz_n78_transpiled""]",M2,332.0,316.0,-16.0,0.0,0.0,0.0,-0.3321661107497334,-0.31615810541239686,0.01600800533733654,0.0,0.0,0.0,-1.3286323257883803,-1.1766054532309487,0.15202687255743164
zac18,1c0c891f63a8f0f185b77b9ef66ee242bf6387b1e252edb4f19a63461206d9d3,"[""seca_n11_transpiled""]",M1,300.0,214.0,-86.0,0.0,51.0,51.0,-0.3001501000750603,-0.21410707138687635,0.08604302868818398,0.0,-0.12765964112404232,-0.12765964112404232,-0.10997082561726582,-0.0813031239856096,0.028667701631656217
zac18,1c0c891f63a8f0f185b77b9ef66ee242bf6387b1e252edb4f19a63461206d9d3,"[""seca_n11_transpiled""]",M2,304.0,214.0,-90.0,0.0,51.0,51.0,-0.30415210140939447,-0.21410707138687635,0.09004503002251812,0.0,-0.12765964112404232,-0.12765964112404232,-0.10835298138248813,-0.0813031239856096,0.027049857396878527
zac18,1cded85e597f91b012b3e0ba0ccaf6041a86ed2304877b02eb30beef19006f8d,"[""ghz_n40_transpiled""]",M1,160.0,156.0,-4.0,0.0,1.0,1.0,-0.1600800533733655,-0.15607805203903136,0.004002001334334149,0.0,-0.002503130218118477,-0.002503130218118477,-0.310516911687725,-0.3195614125205528,-0.009044500832827818
zac18,1cded85e597f91b012b3e0ba0ccaf6041a86ed2304877b02eb30beef19006f8d,"[""ghz_n40_transpiled""]",M2,168.0,156.0,-12.0,0.0,1.0,1.0,-0.16808405604203377,-0.15607805203903136,0.012006004003002418,0.0,-0.002503130218118477,-0.002503130218118477,-0.3378686363252383,-0.3195614125205528,0.01830722380468547
zac18,2e218cbc6320c2d4600d37ddf2c65f8befcb1d6f62550cd0367b82b62e99979d,"[""qft_n18_transpiled""]",M1,648.0,402.0,-246.0,0.0,7.0,7.0,-0.6483242161621303,-0.40220113410058084,0.24612308206154948,0.0,-0.017521911526829338,-0.017521911526829338,-0.4040915185254687,-0.3630009036243715,0.04109061490109722
zac18,2e218cbc6320c2d4600d37ddf2c65f8befcb1d6f62550cd0367b82b62e99979d,"[""qft_n18_transpiled""]",M2,684.0,402.0,-282.0,0.0,7.0,7.0,-0.6843422281711375,-0.40220113410058084,0.2821410940705567,0.0,-0.017521911526829338,-0.017521911526829338,-0.43286832510540785,-0.3630009036243715,0.06986742148103636
zac18,3f76b58905dfef056646e279e9cb9d21db7c5fa9d04170dcbecd457f91d19faa,"[""knn_n31_transpiled""]",M1,476.0,366.0,-110.0,0.0,76.0,76.0,-0.47623815878576237,-0.36618312209157355,0.11005503669418881,0.0,-0.19023789657700424,-0.19023789657700424,-0.48296284945733886,-0.4287074097474968,0.054255439709842035
zac18,3f76b58905dfef056646e279e9cb9d21db7c5fa9d04170dcbecd457f91d19faa,"[""knn_n31_transpiled""]",M2,480.0,366.0,-114.0,0.0,76.0,76.0,-0.4802401601200965,-0.36618312209157355,0.11405703802852296,0.0,-0.19023789657700424,-0.19023789657700424,-0.4773336024422624,-0.4287074097474968,0.04862619269476559
zac18,48d487f623d47c5260515f2e6365544ad923bb136bcca45db7434ff32b49c46e,"[""qft_n29_transpiled""]",M1,1472.0,848.0,-624.0,0.0,17.0,17.0,-1.4727364910349625,-0.8484242828788371,0.6243122081561254,0.0,-0.042553213708014105,-0.042553213708014105,-1.5528286004284946,-1.096262929338271,0.4565656710902235
zac18,48d487f623d47c5260515f2e6365544ad923bb136bcca45db7434ff32b49c46e,"[""qft_n29_transpiled""]",M2,1484.0,848.0,-636.0,0.0,17.0,17.0,-1.484742495037965,-0.8484242828788371,0.636318212159128,0.0,-0.042553213708014105,-0.042553213708014105,-1.4949908036975759,-1.096262929338271,0.3987278743593048
zac18,58a8fb4a501fe149a264a128891f77ec760f078cd053bfd81168637de4c8f191,"[""bv_n30_transpiled""]",M1,76.0,72.0,-4.0,0.0,0.0,0.0,-0.07603802535234862,-0.07203602401801447,0.004002001334334149,0.0,0.0,0.0,-0.12012624428106154,-0.11591079782957751,0.004215446451484028
zac18,58a8fb4a501fe149a264a128891f77ec760f078cd053bfd81168637de4c8f191,"[""bv_n30_transpiled""]",M2,76.0,72.0,-4.0,0.0,0.0,0.0,-0.07603802535234862,-0.07203602401801447,0.004002001334334149,0.0,0.0,0.0,-0.12132029009908311,-0.11591079782957751,0.0054094922695056
zac18,7a6c0868d5e5299bb9152d872b95e55e6b2103d870f99ac53dcbcd1ab6718f7b,"[""cat_n35_transpiled""]",M1,140.0,136.0,-4.0,0.0,0.0,0.0,-0.14007004670169482,-0.13606804536736067,0.004002001334334149,0.0,0.0,0.0,-0.23163872075059816,-0.2317381549107165,-9.94341601183446e-05
zac18,7a6c0868d5e5299bb9152d872b95e55e6b2103d870f99ac53dcbcd1ab6718f7b,"[""cat_n35_transpiled""]",M2,144.0,136.0,-8.0,0.0,0.0,0.0,-0.14407204803602894,-0.13606804536736067,0.00800400266866827,0.0,0.0,0.0,-0.256078741314691,-0.2317381549107165,0.02434058640397449
zac18,8a6d2f76bca6bb915cf3ac1f9aac19a83963cb57ca850c44065a081f61c03370,"[""multiply_n13_transpiled""]",M1,156.0,110.0,-46.0,0.0,19.0,19.0,-0.15607805203903136,-0.11005503669418878,0.04602301534484257,0.0,-0.04755947414425106,-0.04755947414425106,-0.07878930363851769,-0.058229069746620524,0.020560233891897164
zac18,8a6d2f76bca6bb915cf3ac1f9aac19a83963cb57ca850c44065a081f61c03370,"[""multiply_n13_transpiled""]",M2,168.0,110.0,-58.0,0.0,19.0,19.0,-0.16808405604203377,-0.11005503669418878,0.05802901934784499,0.0,-0.04755947414425106,-0.04755947414425106,-0.0769236972007909,-0.058229069746620524,0.018694627454170373
zac18,a9f1ef0f566a3cc1a347e8cb7bf74983b239326618f114a908e46c6e37c67752,"[""bv_n14_transpiled""]",M1,56.0,52.0,-4.0,0.0,0.0,0.0,-0.05602801868067792,-0.05202601734634379,0.004002001334334135,0.0,0.0,0.0,-0.03844011310282679,-0.037511368846603374,0.0009287442562234127
zac18,a9f1ef0f566a3cc1a347e8cb7bf74983b239326618f114a908e46c6e37c67752,"[""bv_n14_transpiled""]",M2,56.0,52.0,-4.0,0.0,0.0,0.0,-0.05602801868067792,-0.05202601734634379,0.004002001334334135,0.0,0.0,0.0,-0.03856245420681251,-0.037511368846603374,0.0010510853602091336
zac18,b0b7114a0df2cf06b93931990669c2490dfc66245eaaed7ea956f3a4fb02967a,"[""bv_n70_transpiled""]",M1,160.0,154.0,-6.0,0.0,6.0,6.0,-0.1600800533733655,-0.15407705137186428,0.006003002001501223,0.0,-0.01501878130871086,-0.01501878130871086,-0.6010138690061858,-0.6020366947770479,-0.0010228257708621014
zac18,b0b7114a0df2cf06b93931990669c2490dfc66245eaaed7ea956f3a4fb02967a,"[""bv_n70_transpiled""]",M2,168.0,154.0,-14.0,0.0,6.0,6.0,-0.16808405604203377,-0.15407705137186428,0.014007004670169493,0.0,-0.01501878130871086,-0.01501878130871086,-0.5751214678052031,-0.6020366947770479,-0.026915226971844786
zac18,b1c5bd70a94288185fa82fe0b7255b6824cc2bbcf26a896a1d770cd7041d56c3,"[""swap_test_n25_transpiled""]",M1,384.0,282.0,-102.0,0.0,58.0,58.0,-0.38419212809607717,-0.2821410940705567,0.10205103402552046,0.0,-0.14518155265087165,-0.14518155265087165,-0.3262093335373515,-0.26991463729007037,0.05629469624728112
zac18,b1c5bd70a94288185fa82fe0b7255b6824cc2bbcf26a896a1d770cd7041d56c3,"[""swap_test_n25_transpiled""]",M2,380.0,282.0,-98.0,0.0,58.0,58.0,-0.3801901267617431,-0.2821410940705567,0.09804903269118637,0.0,-0.14518155265087165,-0.14518155265087165,-0.30419999935261177,-0.26991463729007037,0.0342853620625414
zac18,d2cb39ae9b321e8f9cffdc461f673280c0304eb8cfe4803fa00b765f7c2e324d,"[""wstate_n27_transpiled""]",M1,216.0,158.0,-58.0,0.0,3.0,3.0,-0.21610807205404342,-0.15807905270619843,0.05802901934784499,0.0,-0.00750939065435543,-0.00750939065435543,-0.23524674763929512,-0.2401853431400198,-0.004938595500724674
zac18,d2cb39ae9b321e8f9cffdc461f673280c0304eb8cfe4803fa00b765f7c2e324d,"[""wstate_n27_transpiled""]",M2,308.0,158.0,-150.0,0.0,3.0,3.0,-0.30815410274372856,-0.15807905270619843,0.15007505003753013,0.0,-0.00750939065435543,-0.00750939065435543,-0.26346206288627233,-0.2401853431400198,0.023276719746252533
zac18,db18092cb4f75992883d38c951468535ffe87a4953127995ec4c404b63a4671a,"[""cat_n22_transpiled""]",M1,88.0,84.0,-4.0,0.0,0.0,0.0,-0.08804402935535102,-0.08404202802101689,0.004002001334334135,0.0,0.0,0.0,-0.08286212183725532,-0.07977822936967463,0.0030838924675806872
zac18,db18092cb4f75992883d38c951468535ffe87a4953127995ec4c404b63a4671a,"[""cat_n22_transpiled""]",M2,88.0,84.0,-4.0,0.0,0.0,0.0,-0.08804402935535102,-0.08404202802101689,0.004002001334334135,0.0,0.0,0.0,-0.09661510030849814,-0.07977822936967463,0.01683687093882351
zac18,ff087c43a47c1c89a5515728dba98c1a8254212cb63163c9c21d361c76c1a6ad,"[""bv_n19_transpiled""]",M1,76.0,72.0,-4.0,0.0,0.0,0.0,-0.07603802535234862,-0.07203602401801447,0.004002001334334149,0.0,0.0,0.0,-0.0737644843932738,-0.07128546995442145,0.002479014438852345
zac18,ff087c43a47c1c89a5515728dba98c1a8254212cb63163c9c21d361c76c1a6ad,"[""bv_n19_transpiled""]",M2,76.0,72.0,-4.0,0.0,0.0,0.0,-0.07603802535234862,-0.07203602401801447,0.004002001334334149,0.0,0.0,0.0,-0.07207566064810482,-0.07128546995442145,0.0007901906936833708
