x,y
35,307
45,307
55,307
65,307
75,307
85,307
95,307
105,307
115,307
125,307
135,307
145,307
155,307
165,307
175,307
185,307
195,307
205,307
215,307
225,307
35,319
45,319
55,319
65,319
75,319
85,319
95,319
105,319
115,319
125,319
135,319
145,319
155,319
165,319
175,319
185,319
195,319
205,319
215,319
225,319
35,331
45,331
55,331
65,331
75,331
85,331
95,331
105,331
115,331
125,331
135,331
145,331
155,331
165,331
175,331
185,331
195,331
205,331
215,331
225,331
35,343
45,343
55,343
65,343
75,343
85,343
95,343
105,343
115,343
125,343
135,343
145,343
155,343
165,343
175,343
185,343
195,343
205,343
215,343
225,343
35,355
45,355
55,355
65,355
75,355
85,355
95,355
105,355
115,355
125,355
135,355
145,355
155,355
165,355
175,355
185,355
195,355
205,355
215,355
225,355
35,367
45,367
55,367
65,367
75,367
85,367
95,367
105,367
115,367
125,367
135,367
145,367
155,367
165,367
175,367
185,367
195,367
205,367
215,367
225,367
35,379
45,379
55,379
65,379
75,379
85,379
95,379
105,379
115,379
125,379
135,379
145,379
155,379
165,379
175,379
185,379
195,379
205,379
215,379
225,379
0,0
3,0
6,0
9,0
12,0
15,0
18,0
21,0
24,0
27,0
30,0
33,0
36,0
39,0
42,0
45,0
48,0
51,0
54,0
57,0
60,0
63,0
66,0
69,0
72,0
75,0
78,0
81,0
84,0
87,0
90,0
93,0
96,0
99,0
102,0
105,0
108,0
111,0
114,0
117,0
120,0
123,0
126,0
129,0
132,0
135,0
138,0
141,0
144,0
147,0
150,0
153,0
156,0
159,0
162,0
165,0
168,0
171,0
174,0
177,0
180,0
183,0
186,0
189,0
192,0
195,0
198,0
201,0
204,0
207,0
210,0
213,0
216,0
219,0
222,0
225,0
228,0
231,0
234,0
237,0
240,0
243,0
246,0
249,0
252,0
255,0
258,0
261,0
264,0
267,0
270,0
273,0
276,0
279,0
282,0
285,0
288,0
291,0
294,0
297,0
0,3
3,3
6,3
9,3
12,3
15,3
18,3
21,3
24,3
27,3
30,3
33,3
36,3
39,3
42,3
45,3
48,3
51,3
54,3
57,3
60,3
63,3
66,3
69,3
72,3
75,3
78,3
81,3
84,3
87,3
90,3
93,3
96,3
99,3
102,3
105,3
108,3
111,3
114,3
117,3
120,3
123,3
126,3
129,3
132,3
135,3
138,3
141,3
144,3
147,3
150,3
153,3
156,3
159,3
162,3
165,3
168,3
171,3
174,3
177,3
180,3
183,3
186,3
189,3
192,3
195,3
198,3
201,3
204,3
207,3
210,3
213,3
216,3
219,3
222,3
225,3
228,3
231,3
234,3
237,3
240,3
243,3
246,3
249,3
252,3
255,3
258,3
261,3
264,3
267,3
270,3
273,3
276,3
279,3
282,3
285,3
288,3
291,3
294,3
297,3
0,6
3,6
6,6
9,6
12,6
15,6
18,6
21,6
24,6
27,6
30,6
33,6
36,6
39,6
42,6
45,6
48,6
51,6
54,6
57,6
60,6
63,6
66,6
69,6
72,6
75,6
78,6
81,6
84,6
87,6
90,6
93,6
96,6
99,6
102,6
105,6
108,6
111,6
114,6
117,6
120,6
123,6
126,6
129,6
132,6
135,6
138,6
141,6
144,6
147,6
150,6
153,6
156,6
159,6
162,6
165,6
168,6
171,6
174,6
177,6
180,6
183,6
186,6
189,6
192,6
195,6
198,6
201,6
204,6
207,6
210,6
213,6
216,6
219,6
222,6
225,6
228,6
231,6
234,6
237,6
240,6
243,6
246,6
249,6
252,6
255,6
258,6
261,6
264,6
267,6
270,6
273,6
276,6
279,6
282,6
285,6
288,6
291,6
294,6
297,6
0,9
3,9
6,9
9,9
12,9
15,9
18,9
21,9
24,9
27,9
30,9
33,9
36,9
39,9
42,9
45,9
48,9
51,9
54,9
57,9
60,9
63,9
66,9
69,9
72,9
75,9
78,9
81,9
84,9
87,9
90,9
93,9
96,9
99,9
102,9
105,9
108,9
111,9
114,9
117,9
120,9
123,9
126,9
129,9
132,9
135,9
138,9
141,9
144,9
147,9
150,9
153,9
156,9
159,9
162,9
165,9
168,9
171,9
174,9
177,9
180,9
183,9
186,9
189,9
192,9
195,9
198,9
201,9
204,9
207,9
210,9
213,9
216,9
219,9
222,9
225,9
228,9
231,9
234,9
237,9
240,9
243,9
246,9
249,9
252,9
255,9
258,9
261,9
264,9
267,9
270,9
273,9
276,9
279,9
282,9
285,9
288,9
291,9
294,9
297,9
0,12
3,12
6,12
9,12
12,12
15,12
18,12
21,12
24,12
27,12
30,12
33,12
36,12
39,12
42,12
45,12
48,12
51,12
54,12
57,12
60,12
63,12
66,12
69,12
72,12
75,12
78,12
81,12
84,12
87,12
90,12
93,12
96,12
99,12
102,12
105,12
108,12
111,12
114,12
117,12
120,12
123,12
126,12
129,12
132,12
135,12
138,12
141,12
144,12
147,12
150,12
153,12
156,12
159,12
162,12
165,12
168,12
171,12
174,12
177,12
180,12
183,12
186,12
189,12
192,12
195,12
198,12
201,12
204,12
207,12
210,12
213,12
216,12
219,12
222,12
225,12
228,12
231,12
234,12
237,12
240,12
243,12
246,12
249,12
252,12
255,12
258,12
261,12
264,12
267,12
270,12
273,12
276,12
279,12
282,12
285,12
288,12
291,12
294,12
297,12
0,15
3,15
6,15
9,15
12,15
15,15
18,15
21,15
24,15
27,15
30,15
33,15
36,15
39,15
42,15
45,15
48,15
51,15
54,15
57,15
60,15
63,15
66,15
69,15
72,15
75,15
78,15
81,15
84,15
87,15
90,15
93,15
96,15
99,15
102,15
105,15
108,15
111,15
114,15
117,15
120,15
123,15
126,15
129,15
132,15
135,15
138,15
141,15
144,15
147,15
150,15
153,15
156,15
159,15
162,15
165,15
168,15
171,15
174,15
177,15
180,15
183,15
186,15
189,15
192,15
195,15
198,15
201,15
204,15
207,15
210,15
213,15
216,15
219,15
222,15
225,15
228,15
231,15
234,15
237,15
240,15
243,15
246,15
249,15
252,15
255,15
258,15
261,15
264,15
267,15
270,15
273,15
276,15
279,15
282,15
285,15
288,15
291,15
294,15
297,15
0,18
3,18
6,18
9,18
12,18
15,18
18,18
21,18
24,18
27,18
30,18
33,18
36,18
39,18
42,18
45,18
48,18
51,18
54,18
57,18
60,18
63,18
66,18
69,18
72,18
75,18
78,18
81,18
84,18
87,18
90,18
93,18
96,18
99,18
102,18
105,18
108,18
111,18
114,18
117,18
120,18
123,18
126,18
129,18
132,18
135,18
138,18
141,18
144,18
147,18
150,18
153,18
156,18
159,18
162,18
165,18
168,18
171,18
174,18
177,18
180,18
183,18
186,18
189,18
192,18
195,18
198,18
201,18
204,18
207,18
210,18
213,18
216,18
219,18
222,18
225,18
228,18
231,18
234,18
237,18
240,18
243,18
246,18
249,18
252,18
255,18
258,18
261,18
264,18
267,18
270,18
273,18
276,18
279,18
282,18
285,18
288,18
291,18
294,18
297,18
0,21
3,21
6,21
9,21
12,21
15,21
18,21
21,21
24,21
27,21
30,21
33,21
36,21
39,21
42,21
45,21
48,21
51,21
54,21
57,21
60,21
63,21
66,21
69,21
72,21
75,21
78,21
81,21
84,21
87,21
90,21
93,21
96,21
99,21
102,21
105,21
108,21
111,21
114,21
117,21
120,21
123,21
126,21
129,21
132,21
135,21
138,21
141,21
144,21
147,21
150,21
153,21
156,21
159,21
162,21
165,21
168,21
171,21
174,21
177,21
180,21
183,21
186,21
189,21
192,21
195,21
198,21
201,21
204,21
207,21
210,21
213,21
216,21
219,21
222,21
225,21
228,21
231,21
234,21
237,21
240,21
243,21
246,21
249,21
252,21
255,21
258,21
261,21
264,21
267,21
270,21
273,21
276,21
279,21
282,21
285,21
288,21
291,21
294,21
297,21
0,24
3,24
6,24
9,24
12,24
15,24
18,24
21,24
24,24
27,24
30,24
33,24
36,24
39,24
42,24
45,24
48,24
51,24
54,24
57,24
60,24
63,24
66,24
69,24
72,24
75,24
78,24
81,24
84,24
87,24
90,24
93,24
96,24
99,24
102,24
105,24
108,24
111,24
114,24
117,24
120,24
123,24
126,24
129,24
132,24
135,24
138,24
141,24
144,24
147,24
150,24
153,24
156,24
159,24
162,24
165,24
168,24
171,24
174,24
177,24
180,24
183,24
186,24
189,24
192,24
195,24
198,24
201,24
204,24
207,24
210,24
213,24
216,24
219,24
222,24
225,24
228,24
231,24
234,24
237,24
240,24
243,24
246,24
249,24
252,24
255,24
258,24
261,24
264,24
267,24
270,24
273,24
276,24
279,24
282,24
285,24
288,24
291,24
294,24
297,24
0,27
3,27
6,27
9,27
12,27
15,27
18,27
21,27
24,27
27,27
30,27
33,27
36,27
39,27
42,27
45,27
48,27
51,27
54,27
57,27
60,27
63,27
66,27
69,27
72,27
75,27
78,27
81,27
84,27
87,27
90,27
93,27
96,27
99,27
102,27
105,27
108,27
111,27
114,27
117,27
120,27
123,27
126,27
129,27
132,27
135,27
138,27
141,27
144,27
147,27
150,27
153,27
156,27
159,27
162,27
165,27
168,27
171,27
174,27
177,27
180,27
183,27
186,27
189,27
192,27
195,27
198,27
201,27
204,27
207,27
210,27
213,27
216,27
219,27
222,27
225,27
228,27
231,27
234,27
237,27
240,27
243,27
246,27
249,27
252,27
255,27
258,27
261,27
264,27
267,27
270,27
273,27
276,27
279,27
282,27
285,27
288,27
291,27
294,27
297,27
0,30
3,30
6,30
9,30
12,30
15,30
18,30
21,30
24,30
27,30
30,30
33,30
36,30
39,30
42,30
45,30
48,30
51,30
54,30
57,30
60,30
63,30
66,30
69,30
72,30
75,30
78,30
81,30
84,30
87,30
90,30
93,30
96,30
99,30
102,30
105,30
108,30
111,30
114,30
117,30
120,30
123,30
126,30
129,30
132,30
135,30
138,30
141,30
144,30
147,30
150,30
153,30
156,30
159,30
162,30
165,30
168,30
171,30
174,30
177,30
180,30
183,30
186,30
189,30
192,30
195,30
198,30
201,30
204,30
207,30
210,30
213,30
216,30
219,30
222,30
225,30
228,30
231,30
234,30
237,30
240,30
243,30
246,30
249,30
252,30
255,30
258,30
261,30
264,30
267,30
270,30
273,30
276,30
279,30
282,30
285,30
288,30
291,30
294,30
297,30
0,33
3,33
6,33
9,33
12,33
15,33
18,33
21,33
24,33
27,33
30,33
33,33
36,33
39,33
42,33
45,33
48,33
51,33
54,33
57,33
60,33
63,33
66,33
69,33
72,33
75,33
78,33
81,33
84,33
87,33
90,33
93,33
96,33
99,33
102,33
105,33
108,33
111,33
114,33
117,33
120,33
123,33
126,33
129,33
132,33
135,33
138,33
141,33
144,33
147,33
150,33
153,33
156,33
159,33
162,33
165,33
168,33
171,33
174,33
177,33
180,33
183,33
186,33
189,33
192,33
195,33
198,33
201,33
204,33
207,33
210,33
213,33
216,33
219,33
222,33
225,33
228,33
231,33
234,33
237,33
240,33
243,33
246,33
249,33
252,33
255,33
258,33
261,33
264,33
267,33
270,33
273,33
276,33
279,33
282,33
285,33
288,33
291,33
294,33
297,33
0,36
3,36
6,36
9,36
12,36
15,36
18,36
21,36
24,36
27,36
30,36
33,36
36,36
39,36
42,36
45,36
48,36
51,36
54,36
57,36
60,36
63,36
66,36
69,36
72,36
75,36
78,36
81,36
84,36
87,36
90,36
93,36
96,36
99,36
102,36
105,36
108,36
111,36
114,36
117,36
120,36
123,36
126,36
129,36
132,36
135,36
138,36
141,36
144,36
147,36
150,36
153,36
156,36
159,36
162,36
165,36
168,36
171,36
174,36
177,36
180,36
183,36
186,36
189,36
192,36
195,36
198,36
201,36
204,36
207,36
210,36
213,36
216,36
219,36
222,36
225,36
228,36
231,36
234,36
237,36
240,36
243,36
246,36
249,36
252,36
255,36
258,36
261,36
264,36
267,36
270,36
273,36
276,36
279,36
282,36
285,36
288,36
291,36
294,36
297,36
0,39
3,39
6,39
9,39
12,39
15,39
18,39
21,39
24,39
27,39
30,39
33,39
36,39
39,39
42,39
45,39
48,39
51,39
54,39
57,39
60,39
63,39
66,39
69,39
72,39
75,39
78,39
81,39
84,39
87,39
90,39
93,39
96,39
99,39
102,39
105,39
108,39
111,39
114,39
117,39
120,39
123,39
126,39
129,39
132,39
135,39
138,39
141,39
144,39
147,39
150,39
153,39
156,39
159,39
162,39
165,39
168,39
171,39
174,39
177,39
180,39
183,39
186,39
189,39
192,39
195,39
198,39
201,39
204,39
207,39
210,39
213,39
216,39
219,39
222,39
225,39
228,39
231,39
234,39
237,39
240,39
243,39
246,39
249,39
252,39
255,39
258,39
261,39
264,39
267,39
270,39
273,39
276,39
279,39
282,39
285,39
288,39
291,39
294,39
297,39
0,42
3,42
6,42
9,42
12,42
15,42
18,42
21,42
24,42
27,42
30,42
33,42
36,42
39,42
42,42
45,42
48,42
51,42
54,42
57,42
60,42
63,42
66,42
69,42
72,42
75,42
78,42
81,42
84,42
87,42
90,42
93,42
96,42
99,42
102,42
105,42
108,42
111,42
114,42
117,42
120,42
123,42
126,42
129,42
132,42
135,42
138,42
141,42
144,42
147,42
150,42
153,42
156,42
159,42
162,42
165,42
168,42
171,42
174,42
177,42
180,42
183,42
186,42
189,42
192,42
195,42
198,42
201,42
204,42
207,42
210,42
213,42
216,42
219,42
222,42
225,42
228,42
231,42
234,42
237,42
240,42
243,42
246,42
249,42
252,42
255,42
258,42
261,42
264,42
267,42
270,42
273,42
276,42
279,42
282,42
285,42
288,42
291,42
294,42
297,42
0,45
3,45
6,45
9,45
12,45
15,45
18,45
21,45
24,45
27,45
30,45
33,45
36,45
39,45
42,45
45,45
48,45
51,45
54,45
57,45
60,45
63,45
66,45
69,45
72,45
75,45
78,45
81,45
84,45
87,45
90,45
93,45
96,45
99,45
102,45
105,45
108,45
111,45
114,45
117,45
120,45
123,45
126,45
129,45
132,45
135,45
138,45
141,45
144,45
147,45
150,45
153,45
156,45
159,45
162,45
165,45
168,45
171,45
174,45
177,45
180,45
183,45
186,45
189,45
192,45
195,45
198,45
201,45
204,45
207,45
210,45
213,45
216,45
219,45
222,45
225,45
228,45
231,45
234,45
237,45
240,45
243,45
246,45
249,45
252,45
255,45
258,45
261,45
264,45
267,45
270,45
273,45
276,45
279,45
282,45
285,45
288,45
291,45
294,45
297,45
0,48
3,48
6,48
9,48
12,48
15,48
18,48
21,48
24,48
27,48
30,48
33,48
36,48
39,48
42,48
45,48
48,48
51,48
54,48
57,48
60,48
63,48
66,48
69,48
72,48
75,48
78,48
81,48
84,48
87,48
90,48
93,48
96,48
99,48
102,48
105,48
108,48
111,48
114,48
117,48
120,48
123,48
126,48
129,48
132,48
135,48
138,48
141,48
144,48
147,48
150,48
153,48
156,48
159,48
162,48
165,48
168,48
171,48
174,48
177,48
180,48
183,48
186,48
189,48
192,48
195,48
198,48
201,48
204,48
207,48
210,48
213,48
216,48
219,48
222,48
225,48
228,48
231,48
234,48
237,48
240,48
243,48
246,48
249,48
252,48
255,48
258,48
261,48
264,48
267,48
270,48
273,48
276,48
279,48
282,48
285,48
288,48
291,48
294,48
297,48
0,51
3,51
6,51
9,51
12,51
15,51
18,51
21,51
24,51
27,51
30,51
33,51
36,51
39,51
42,51
45,51
48,51
51,51
54,51
57,51
60,51
63,51
66,51
69,51
72,51
75,51
78,51
81,51
84,51
87,51
90,51
93,51
96,51
99,51
102,51
105,51
108,51
111,51
114,51
117,51
120,51
123,51
126,51
129,51
132,51
135,51
138,51
141,51
144,51
147,51
150,51
153,51
156,51
159,51
162,51
165,51
168,51
171,51
174,51
177,51
180,51
183,51
186,51
189,51
192,51
195,51
198,51
201,51
204,51
207,51
210,51
213,51
216,51
219,51
222,51
225,51
228,51
231,51
234,51
237,51
240,51
243,51
246,51
249,51
252,51
255,51
258,51
261,51
264,51
267,51
270,51
273,51
276,51
279,51
282,51
285,51
288,51
291,51
294,51
297,51
0,54
3,54
6,54
9,54
12,54
15,54
18,54
21,54
24,54
27,54
30,54
33,54
36,54
39,54
42,54
45,54
48,54
51,54
54,54
57,54
60,54
63,54
66,54
69,54
72,54
75,54
78,54
81,54
84,54
87,54
90,54
93,54
96,54
99,54
102,54
105,54
108,54
111,54
114,54
117,54
120,54
123,54
126,54
129,54
132,54
135,54
138,54
141,54
144,54
147,54
150,54
153,54
156,54
159,54
162,54
165,54
168,54
171,54
174,54
177,54
180,54
183,54
186,54
189,54
192,54
195,54
198,54
201,54
204,54
207,54
210,54
213,54
216,54
219,54
222,54
225,54
228,54
231,54
234,54
237,54
240,54
243,54
246,54
249,54
252,54
255,54
258,54
261,54
264,54
267,54
270,54
273,54
276,54
279,54
282,54
285,54
288,54
291,54
294,54
297,54
0,57
3,57
6,57
9,57
12,57
15,57
18,57
21,57
24,57
27,57
30,57
33,57
36,57
39,57
42,57
45,57
48,57
51,57
54,57
57,57
60,57
63,57
66,57
69,57
72,57
75,57
78,57
81,57
84,57
87,57
90,57
93,57
96,57
99,57
102,57
105,57
108,57
111,57
114,57
117,57
120,57
123,57
126,57
129,57
132,57
135,57
138,57
141,57
144,57
147,57
150,57
153,57
156,57
159,57
162,57
165,57
168,57
171,57
174,57
177,57
180,57
183,57
186,57
189,57
192,57
195,57
198,57
201,57
204,57
207,57
210,57
213,57
216,57
219,57
222,57
225,57
228,57
231,57
234,57
237,57
240,57
243,57
246,57
249,57
252,57
255,57
258,57
261,57
264,57
267,57
270,57
273,57
276,57
279,57
282,57
285,57
288,57
291,57
294,57
297,57
0,60
3,60
6,60
9,60
12,60
15,60
18,60
21,60
24,60
27,60
30,60
33,60
36,60
39,60
42,60
45,60
48,60
51,60
54,60
57,60
60,60
63,60
66,60
69,60
72,60
75,60
78,60
81,60
84,60
87,60
90,60
93,60
96,60
99,60
102,60
105,60
108,60
111,60
114,60
117,60
120,60
123,60
126,60
129,60
132,60
135,60
138,60
141,60
144,60
147,60
150,60
153,60
156,60
159,60
162,60
165,60
168,60
171,60
174,60
177,60
180,60
183,60
186,60
189,60
192,60
195,60
198,60
201,60
204,60
207,60
210,60
213,60
216,60
219,60
222,60
225,60
228,60
231,60
234,60
237,60
240,60
243,60
246,60
249,60
252,60
255,60
258,60
261,60
264,60
267,60
270,60
273,60
276,60
279,60
282,60
285,60
288,60
291,60
294,60
297,60
0,63
3,63
6,63
9,63
12,63
15,63
18,63
21,63
24,63
27,63
30,63
33,63
36,63
39,63
42,63
45,63
48,63
51,63
54,63
57,63
60,63
63,63
66,63
69,63
72,63
75,63
78,63
81,63
84,63
87,63
90,63
93,63
96,63
99,63
102,63
105,63
108,63
111,63
114,63
117,63
120,63
123,63
126,63
129,63
132,63
135,63
138,63
141,63
144,63
147,63
150,63
153,63
156,63
159,63
162,63
165,63
168,63
171,63
174,63
177,63
180,63
183,63
186,63
189,63
192,63
195,63
198,63
201,63
204,63
207,63
210,63
213,63
216,63
219,63
222,63
225,63
228,63
231,63
234,63
237,63
240,63
243,63
246,63
249,63
252,63
255,63
258,63
261,63
264,63
267,63
270,63
273,63
276,63
279,63
282,63
285,63
288,63
291,63
294,63
297,63
0,66
3,66
6,66
9,66
12,66
15,66
18,66
21,66
24,66
27,66
30,66
33,66
36,66
39,66
42,66
45,66
48,66
51,66
54,66
57,66
60,66
63,66
66,66
69,66
72,66
75,66
78,66
81,66
84,66
87,66
90,66
93,66
96,66
99,66
102,66
105,66
108,66
111,66
114,66
117,66
120,66
123,66
126,66
129,66
132,66
135,66
138,66
141,66
144,66
147,66
150,66
153,66
156,66
159,66
162,66
165,66
168,66
171,66
174,66
177,66
180,66
183,66
186,66
189,66
192,66
195,66
198,66
201,66
204,66
207,66
210,66
213,66
216,66
219,66
222,66
225,66
228,66
231,66
234,66
237,66
240,66
243,66
246,66
249,66
252,66
255,66
258,66
261,66
264,66
267,66
270,66
273,66
276,66
279,66
282,66
285,66
288,66
291,66
294,66
297,66
0,69
3,69
6,69
9,69
12,69
15,69
18,69
21,69
24,69
27,69
30,69
33,69
36,69
39,69
42,69
45,69
48,69
51,69
54,69
57,69
60,69
63,69
66,69
69,69
72,69
75,69
78,69
81,69
84,69
87,69
90,69
93,69
96,69
99,69
102,69
105,69
108,69
111,69
114,69
117,69
120,69
123,69
126,69
129,69
132,69
135,69
138,69
141,69
144,69
147,69
150,69
153,69
156,69
159,69
162,69
165,69
168,69
171,69
174,69
177,69
180,69
183,69
186,69
189,69
192,69
195,69
198,69
201,69
204,69
207,69
210,69
213,69
216,69
219,69
222,69
225,69
228,69
231,69
234,69
237,69
240,69
243,69
246,69
249,69
252,69
255,69
258,69
261,69
264,69
267,69
270,69
273,69
276,69
279,69
282,69
285,69
288,69
291,69
294,69
297,69
0,72
3,72
6,72
9,72
12,72
15,72
18,72
21,72
24,72
27,72
30,72
33,72
36,72
39,72
42,72
45,72
48,72
51,72
54,72
57,72
60,72
63,72
66,72
69,72
72,72
75,72
78,72
81,72
84,72
87,72
90,72
93,72
96,72
99,72
102,72
105,72
108,72
111,72
114,72
117,72
120,72
123,72
126,72
129,72
132,72
135,72
138,72
141,72
144,72
147,72
150,72
153,72
156,72
159,72
162,72
165,72
168,72
171,72
174,72
177,72
180,72
183,72
186,72
189,72
192,72
195,72
198,72
201,72
204,72
207,72
210,72
213,72
216,72
219,72
222,72
225,72
228,72
231,72
234,72
237,72
240,72
243,72
246,72
249,72
252,72
255,72
258,72
261,72
264,72
267,72
270,72
273,72
276,72
279,72
282,72
285,72
288,72
291,72
294,72
297,72
0,75
3,75
6,75
9,75
12,75
15,75
18,75
21,75
24,75
27,75
30,75
33,75
36,75
39,75
42,75
45,75
48,75
51,75
54,75
57,75
60,75
63,75
66,75
69,75
72,75
75,75
78,75
81,75
84,75
87,75
90,75
93,75
96,75
99,75
102,75
105,75
108,75
111,75
114,75
117,75
120,75
123,75
126,75
129,75
132,75
135,75
138,75
141,75
144,75
147,75
150,75
153,75
156,75
159,75
162,75
165,75
168,75
171,75
174,75
177,75
180,75
183,75
186,75
189,75
192,75
195,75
198,75
201,75
204,75
207,75
210,75
213,75
216,75
219,75
222,75
225,75
228,75
231,75
234,75
237,75
240,75
243,75
246,75
249,75
252,75
255,75
258,75
261,75
264,75
267,75
270,75
273,75
276,75
279,75
282,75
285,75
288,75
291,75
294,75
297,75
0,78
3,78
6,78
9,78
12,78
15,78
18,78
21,78
24,78
27,78
30,78
33,78
36,78
39,78
42,78
45,78
48,78
51,78
54,78
57,78
60,78
63,78
66,78
69,78
72,78
75,78
78,78
81,78
84,78
87,78
90,78
93,78
96,78
99,78
102,78
105,78
108,78
111,78
114,78
117,78
120,78
123,78
126,78
129,78
132,78
135,78
138,78
141,78
144,78
147,78
150,78
153,78
156,78
159,78
162,78
165,78
168,78
171,78
174,78
177,78
180,78
183,78
186,78
189,78
192,78
195,78
198,78
201,78
204,78
207,78
210,78
213,78
216,78
219,78
222,78
225,78
228,78
231,78
234,78
237,78
240,78
243,78
246,78
249,78
252,78
255,78
258,78
261,78
264,78
267,78
270,78
273,78
276,78
279,78
282,78
285,78
288,78
291,78
294,78
297,78
0,81
3,81
6,81
9,81
12,81
15,81
18,81
21,81
24,81
27,81
30,81
33,81
36,81
39,81
42,81
45,81
48,81
51,81
54,81
57,81
60,81
63,81
66,81
69,81
72,81
75,81
78,81
81,81
84,81
87,81
90,81
93,81
96,81
99,81
102,81
105,81
108,81
111,81
114,81
117,81
120,81
123,81
126,81
129,81
132,81
135,81
138,81
141,81
144,81
147,81
150,81
153,81
156,81
159,81
162,81
165,81
168,81
171,81
174,81
177,81
180,81
183,81
186,81
189,81
192,81
195,81
198,81
201,81
204,81
207,81
210,81
213,81
216,81
219,81
222,81
225,81
228,81
231,81
234,81
237,81
240,81
243,81
246,81
249,81
252,81
255,81
258,81
261,81
264,81
267,81
270,81
273,81
276,81
279,81
282,81
285,81
288,81
291,81
294,81
297,81
0,84
3,84
6,84
9,84
12,84
15,84
18,84
21,84
24,84
27,84
30,84
33,84
36,84
39,84
42,84
45,84
48,84
51,84
54,84
57,84
60,84
63,84
66,84
69,84
72,84
75,84
78,84
81,84
84,84
87,84
90,84
93,84
96,84
99,84
102,84
105,84
108,84
111,84
114,84
117,84
120,84
123,84
126,84
129,84
132,84
135,84
138,84
141,84
144,84
147,84
150,84
153,84
156,84
159,84
162,84
165,84
168,84
171,84
174,84
177,84
180,84
183,84
186,84
189,84
192,84
195,84
198,84
201,84
204,84
207,84
210,84
213,84
216,84
219,84
222,84
225,84
228,84
231,84
234,84
237,84
240,84
243,84
246,84
249,84
252,84
255,84
258,84
261,84
264,84
267,84
270,84
273,84
276,84
279,84
282,84
285,84
288,84
291,84
294,84
297,84
0,87
3,87
6,87
9,87
12,87
15,87
18,87
21,87
24,87
27,87
30,87
33,87
36,87
39,87
42,87
45,87
48,87
51,87
54,87
57,87
60,87
63,87
66,87
69,87
72,87
75,87
78,87
81,87
84,87
87,87
90,87
93,87
96,87
99,87
102,87
105,87
108,87
111,87
114,87
117,87
120,87
123,87
126,87
129,87
132,87
135,87
138,87
141,87
144,87
147,87
150,87
153,87
156,87
159,87
162,87
165,87
168,87
171,87
174,87
177,87
180,87
183,87
186,87
189,87
192,87
195,87
198,87
201,87
204,87
207,87
210,87
213,87
216,87
219,87
222,87
225,87
228,87
231,87
234,87
237,87
240,87
243,87
246,87
249,87
252,87
255,87
258,87
261,87
264,87
267,87
270,87
273,87
276,87
279,87
282,87
285,87
288,87
291,87
294,87
297,87
0,90
3,90
6,90
9,90
12,90
15,90
18,90
21,90
24,90
27,90
30,90
33,90
36,90
39,90
42,90
45,90
48,90
51,90
54,90
57,90
60,90
63,90
66,90
69,90
72,90
75,90
78,90
81,90
84,90
87,90
90,90
93,90
96,90
99,90
102,90
105,90
108,90
111,90
114,90
117,90
120,90
123,90
126,90
129,90
132,90
135,90
138,90
141,90
144,90
147,90
150,90
153,90
156,90
159,90
162,90
165,90
168,90
171,90
174,90
177,90
180,90
183,90
186,90
189,90
192,90
195,90
198,90
201,90
204,90
207,90
210,90
213,90
216,90
219,90
222,90
225,90
228,90
231,90
234,90
237,90
240,90
243,90
246,90
249,90
252,90
255,90
258,90
261,90
264,90
267,90
270,90
273,90
276,90
279,90
282,90
285,90
288,90
291,90
294,90
297,90
0,93
3,93
6,93
9,93
12,93
15,93
18,93
21,93
24,93
27,93
30,93
33,93
36,93
39,93
42,93
45,93
48,93
51,93
54,93
57,93
60,93
63,93
66,93
69,93
72,93
75,93
78,93
81,93
84,93
87,93
90,93
93,93
96,93
99,93
102,93
105,93
108,93
111,93
114,93
117,93
120,93
123,93
126,93
129,93
132,93
135,93
138,93
141,93
144,93
147,93
150,93
153,93
156,93
159,93
162,93
165,93
168,93
171,93
174,93
177,93
180,93
183,93
186,93
189,93
192,93
195,93
198,93
201,93
204,93
207,93
210,93
213,93
216,93
219,93
222,93
225,93
228,93
231,93
234,93
237,93
240,93
243,93
246,93
249,93
252,93
255,93
258,93
261,93
264,93
267,93
270,93
273,93
276,93
279,93
282,93
285,93
288,93
291,93
294,93
297,93
0,96
3,96
6,96
9,96
12,96
15,96
18,96
21,96
24,96
27,96
30,96
33,96
36,96
39,96
42,96
45,96
48,96
51,96
54,96
57,96
60,96
63,96
66,96
69,96
72,96
75,96
78,96
81,96
84,96
87,96
90,96
93,96
96,96
99,96
102,96
105,96
108,96
111,96
114,96
117,96
120,96
123,96
126,96
129,96
132,96
135,96
138,96
141,96
144,96
147,96
150,96
153,96
156,96
159,96
162,96
165,96
168,96
171,96
174,96
177,96
180,96
183,96
186,96
189,96
192,96
195,96
198,96
201,96
204,96
207,96
210,96
213,96
216,96
219,96
222,96
225,96
228,96
231,96
234,96
237,96
240,96
243,96
246,96
249,96
252,96
255,96
258,96
261,96
264,96
267,96
270,96
273,96
276,96
279,96
282,96
285,96
288,96
291,96
294,96
297,96
0,99
3,99
6,99
9,99
12,99
15,99
18,99
21,99
24,99
27,99
30,99
33,99
36,99
39,99
42,99
45,99
48,99
51,99
54,99
57,99
60,99
63,99
66,99
69,99
72,99
75,99
78,99
81,99
84,99
87,99
90,99
93,99
96,99
99,99
102,99
105,99
108,99
111,99
114,99
117,99
120,99
123,99
126,99
129,99
132,99
135,99
138,99
141,99
144,99
147,99
150,99
153,99
156,99
159,99
162,99
165,99
168,99
171,99
174,99
177,99
180,99
183,99
186,99
189,99
192,99
195,99
198,99
201,99
204,99
207,99
210,99
213,99
216,99
219,99
222,99
225,99
228,99
231,99
234,99
237,99
240,99
243,99
246,99
249,99
252,99
255,99
258,99
261,99
264,99
267,99
270,99
273,99
276,99
279,99
282,99
285,99
288,99
291,99
294,99
297,99
0,102
3,102
6,102
9,102
12,102
15,102
18,102
21,102
24,102
27,102
30,102
33,102
36,102
39,102
42,102
45,102
48,102
51,102
54,102
57,102
60,102
63,102
66,102
69,102
72,102
75,102
78,102
81,102
84,102
87,102
90,102
93,102
96,102
99,102
102,102
105,102
108,102
111,102
114,102
117,102
120,102
123,102
126,102
129,102
132,102
135,102
138,102
141,102
144,102
147,102
150,102
153,102
156,102
159,102
162,102
165,102
168,102
171,102
174,102
177,102
180,102
183,102
186,102
189,102
192,102
195,102
198,102
201,102
204,102
207,102
210,102
213,102
216,102
219,102
222,102
225,102
228,102
231,102
234,102
237,102
240,102
243,102
246,102
249,102
252,102
255,102
258,102
261,102
264,102
267,102
270,102
273,102
276,102
279,102
282,102
285,102
288,102
291,102
294,102
297,102
0,105
3,105
6,105
9,105
12,105
15,105
18,105
21,105
24,105
27,105
30,105
33,105
36,105
39,105
42,105
45,105
48,105
51,105
54,105
57,105
60,105
63,105
66,105
69,105
72,105
75,105
78,105
81,105
84,105
87,105
90,105
93,105
96,105
99,105
102,105
105,105
108,105
111,105
114,105
117,105
120,105
123,105
126,105
129,105
132,105
135,105
138,105
141,105
144,105
147,105
150,105
153,105
156,105
159,105
162,105
165,105
168,105
171,105
174,105
177,105
180,105
183,105
186,105
189,105
192,105
195,105
198,105
201,105
204,105
207,105
210,105
213,105
216,105
219,105
222,105
225,105
228,105
231,105
234,105
237,105
240,105
243,105
246,105
249,105
252,105
255,105
258,105
261,105
264,105
267,105
270,105
273,105
276,105
279,105
282,105
285,105
288,105
291,105
294,105
297,105
0,108
3,108
6,108
9,108
12,108
15,108
18,108
21,108
24,108
27,108
30,108
33,108
36,108
39,108
42,108
45,108
48,108
51,108
54,108
57,108
60,108
63,108
66,108
69,108
72,108
75,108
78,108
81,108
84,108
87,108
90,108
93,108
96,108
99,108
102,108
105,108
108,108
111,108
114,108
117,108
120,108
123,108
126,108
129,108
132,108
135,108
138,108
141,108
144,108
147,108
150,108
153,108
156,108
159,108
162,108
165,108
168,108
171,108
174,108
177,108
180,108
183,108
186,108
189,108
192,108
195,108
198,108
201,108
204,108
207,108
210,108
213,108
216,108
219,108
222,108
225,108
228,108
231,108
234,108
237,108
240,108
243,108
246,108
249,108
252,108
255,108
258,108
261,108
264,108
267,108
270,108
273,108
276,108
279,108
282,108
285,108
288,108
291,108
294,108
297,108
0,111
3,111
6,111
9,111
12,111
15,111
18,111
21,111
24,111
27,111
30,111
33,111
36,111
39,111
42,111
45,111
48,111
51,111
54,111
57,111
60,111
63,111
66,111
69,111
72,111
75,111
78,111
81,111
84,111
87,111
90,111
93,111
96,111
99,111
102,111
105,111
108,111
111,111
114,111
117,111
120,111
123,111
126,111
129,111
132,111
135,111
138,111
141,111
144,111
147,111
150,111
153,111
156,111
159,111
162,111
165,111
168,111
171,111
174,111
177,111
180,111
183,111
186,111
189,111
192,111
195,111
198,111
201,111
204,111
207,111
210,111
213,111
216,111
219,111
222,111
225,111
228,111
231,111
234,111
237,111
240,111
243,111
246,111
249,111
252,111
255,111
258,111
261,111
264,111
267,111
270,111
273,111
276,111
279,111
282,111
285,111
288,111
291,111
294,111
297,111
0,114
3,114
6,114
9,114
12,114
15,114
18,114
21,114
24,114
27,114
30,114
33,114
36,114
39,114
42,114
45,114
48,114
51,114
54,114
57,114
60,114
63,114
66,114
69,114
72,114
75,114
78,114
81,114
84,114
87,114
90,114
93,114
96,114
99,114
102,114
105,114
108,114
111,114
114,114
117,114
120,114
123,114
126,114
129,114
132,114
135,114
138,114
141,114
144,114
147,114
150,114
153,114
156,114
159,114
162,114
165,114
168,114
171,114
174,114
177,114
180,114
183,114
186,114
189,114
192,114
195,114
198,114
201,114
204,114
207,114
210,114
213,114
216,114
219,114
222,114
225,114
228,114
231,114
234,114
237,114
240,114
243,114
246,114
249,114
252,114
255,114
258,114
261,114
264,114
267,114
270,114
273,114
276,114
279,114
282,114
285,114
288,114
291,114
294,114
297,114
0,117
3,117
6,117
9,117
12,117
15,117
18,117
21,117
24,117
27,117
30,117
33,117
36,117
39,117
42,117
45,117
48,117
51,117
54,117
57,117
60,117
63,117
66,117
69,117
72,117
75,117
78,117
81,117
84,117
87,117
90,117
93,117
96,117
99,117
102,117
105,117
108,117
111,117
114,117
117,117
120,117
123,117
126,117
129,117
132,117
135,117
138,117
141,117
144,117
147,117
150,117
153,117
156,117
159,117
162,117
165,117
168,117
171,117
174,117
177,117
180,117
183,117
186,117
189,117
192,117
195,117
198,117
201,117
204,117
207,117
210,117
213,117
216,117
219,117
222,117
225,117
228,117
231,117
234,117
237,117
240,117
243,117
246,117
249,117
252,117
255,117
258,117
261,117
264,117
267,117
270,117
273,117
276,117
279,117
282,117
285,117
288,117
291,117
294,117
297,117
0,120
3,120
6,120
9,120
12,120
15,120
18,120
21,120
24,120
27,120
30,120
33,120
36,120
39,120
42,120
45,120
48,120
51,120
54,120
57,120
60,120
63,120
66,120
69,120
72,120
75,120
78,120
81,120
84,120
87,120
90,120
93,120
96,120
99,120
102,120
105,120
108,120
111,120
114,120
117,120
120,120
123,120
126,120
129,120
132,120
135,120
138,120
141,120
144,120
147,120
150,120
153,120
156,120
159,120
162,120
165,120
168,120
171,120
174,120
177,120
180,120
183,120
186,120
189,120
192,120
195,120
198,120
201,120
204,120
207,120
210,120
213,120
216,120
219,120
222,120
225,120
228,120
231,120
234,120
237,120
240,120
243,120
246,120
249,120
252,120
255,120
258,120
261,120
264,120
267,120
270,120
273,120
276,120
279,120
282,120
285,120
288,120
291,120
294,120
297,120
0,123
3,123
6,123
9,123
12,123
15,123
18,123
21,123
24,123
27,123
30,123
33,123
36,123
39,123
42,123
45,123
48,123
51,123
54,123
57,123
60,123
63,123
66,123
69,123
72,123
75,123
78,123
81,123
84,123
87,123
90,123
93,123
96,123
99,123
102,123
105,123
108,123
111,123
114,123
117,123
120,123
123,123
126,123
129,123
132,123
135,123
138,123
141,123
144,123
147,123
150,123
153,123
156,123
159,123
162,123
165,123
168,123
171,123
174,123
177,123
180,123
183,123
186,123
189,123
192,123
195,123
198,123
201,123
204,123
207,123
210,123
213,123
216,123
219,123
222,123
225,123
228,123
231,123
234,123
237,123
240,123
243,123
246,123
249,123
252,123
255,123
258,123
261,123
264,123
267,123
270,123
273,123
276,123
279,123
282,123
285,123
288,123
291,123
294,123
297,123
0,126
3,126
6,126
9,126
12,126
15,126
18,126
21,126
24,126
27,126
30,126
33,126
36,126
39,126
42,126
45,126
48,126
51,126
54,126
57,126
60,126
63,126
66,126
69,126
72,126
75,126
78,126
81,126
84,126
87,126
90,126
93,126
96,126
99,126
102,126
105,126
108,126
111,126
114,126
117,126
120,126
123,126
126,126
129,126
132,126
135,126
138,126
141,126
144,126
147,126
150,126
153,126
156,126
159,126
162,126
165,126
168,126
171,126
174,126
177,126
180,126
183,126
186,126
189,126
192,126
195,126
198,126
201,126
204,126
207,126
210,126
213,126
216,126
219,126
222,126
225,126
228,126
231,126
234,126
237,126
240,126
243,126
246,126
249,126
252,126
255,126
258,126
261,126
264,126
267,126
270,126
273,126
276,126
279,126
282,126
285,126
288,126
291,126
294,126
297,126
0,129
3,129
6,129
9,129
12,129
15,129
18,129
21,129
24,129
27,129
30,129
33,129
36,129
39,129
42,129
45,129
48,129
51,129
54,129
57,129
60,129
63,129
66,129
69,129
72,129
75,129
78,129
81,129
84,129
87,129
90,129
93,129
96,129
99,129
102,129
105,129
108,129
111,129
114,129
117,129
120,129
123,129
126,129
129,129
132,129
135,129
138,129
141,129
144,129
147,129
150,129
153,129
156,129
159,129
162,129
165,129
168,129
171,129
174,129
177,129
180,129
183,129
186,129
189,129
192,129
195,129
198,129
201,129
204,129
207,129
210,129
213,129
216,129
219,129
222,129
225,129
228,129
231,129
234,129
237,129
240,129
243,129
246,129
249,129
252,129
255,129
258,129
261,129
264,129
267,129
270,129
273,129
276,129
279,129
282,129
285,129
288,129
291,129
294,129
297,129
0,132
3,132
6,132
9,132
12,132
15,132
18,132
21,132
24,132
27,132
30,132
33,132
36,132
39,132
42,132
45,132
48,132
51,132
54,132
57,132
60,132
63,132
66,132
69,132
72,132
75,132
78,132
81,132
84,132
87,132
90,132
93,132
96,132
99,132
102,132
105,132
108,132
111,132
114,132
117,132
120,132
123,132
126,132
129,132
132,132
135,132
138,132
141,132
144,132
147,132
150,132
153,132
156,132
159,132
162,132
165,132
168,132
171,132
174,132
177,132
180,132
183,132
186,132
189,132
192,132
195,132
198,132
201,132
204,132
207,132
210,132
213,132
216,132
219,132
222,132
225,132
228,132
231,132
234,132
237,132
240,132
243,132
246,132
249,132
252,132
255,132
258,132
261,132
264,132
267,132
270,132
273,132
276,132
279,132
282,132
285,132
288,132
291,132
294,132
297,132
0,135
3,135
6,135
9,135
12,135
15,135
18,135
21,135
24,135
27,135
30,135
33,135
36,135
39,135
42,135
45,135
48,135
51,135
54,135
57,135
60,135
63,135
66,135
69,135
72,135
75,135
78,135
81,135
84,135
87,135
90,135
93,135
96,135
99,135
102,135
105,135
108,135
111,135
114,135
117,135
120,135
123,135
126,135
129,135
132,135
135,135
138,135
141,135
144,135
147,135
150,135
153,135
156,135
159,135
162,135
165,135
168,135
171,135
174,135
177,135
180,135
183,135
186,135
189,135
192,135
195,135
198,135
201,135
204,135
207,135
210,135
213,135
216,135
219,135
222,135
225,135
228,135
231,135
234,135
237,135
240,135
243,135
246,135
249,135
252,135
255,135
258,135
261,135
264,135
267,135
270,135
273,135
276,135
279,135
282,135
285,135
288,135
291,135
294,135
297,135
0,138
3,138
6,138
9,138
12,138
15,138
18,138
21,138
24,138
27,138
30,138
33,138
36,138
39,138
42,138
45,138
48,138
51,138
54,138
57,138
60,138
63,138
66,138
69,138
72,138
75,138
78,138
81,138
84,138
87,138
90,138
93,138
96,138
99,138
102,138
105,138
108,138
111,138
114,138
117,138
120,138
123,138
126,138
129,138
132,138
135,138
138,138
141,138
144,138
147,138
150,138
153,138
156,138
159,138
162,138
165,138
168,138
171,138
174,138
177,138
180,138
183,138
186,138
189,138
192,138
195,138
198,138
201,138
204,138
207,138
210,138
213,138
216,138
219,138
222,138
225,138
228,138
231,138
234,138
237,138
240,138
243,138
246,138
249,138
252,138
255,138
258,138
261,138
264,138
267,138
270,138
273,138
276,138
279,138
282,138
285,138
288,138
291,138
294,138
297,138
0,141
3,141
6,141
9,141
12,141
15,141
18,141
21,141
24,141
27,141
30,141
33,141
36,141
39,141
42,141
45,141
48,141
51,141
54,141
57,141
60,141
63,141
66,141
69,141
72,141
75,141
78,141
81,141
84,141
87,141
90,141
93,141
96,141
99,141
102,141
105,141
108,141
111,141
114,141
117,141
120,141
123,141
126,141
129,141
132,141
135,141
138,141
141,141
144,141
147,141
150,141
153,141
156,141
159,141
162,141
165,141
168,141
171,141
174,141
177,141
180,141
183,141
186,141
189,141
192,141
195,141
198,141
201,141
204,141
207,141
210,141
213,141
216,141
219,141
222,141
225,141
228,141
231,141
234,141
237,141
240,141
243,141
246,141
249,141
252,141
255,141
258,141
261,141
264,141
267,141
270,141
273,141
276,141
279,141
282,141
285,141
288,141
291,141
294,141
297,141
0,144
3,144
6,144
9,144
12,144
15,144
18,144
21,144
24,144
27,144
30,144
33,144
36,144
39,144
42,144
45,144
48,144
51,144
54,144
57,144
60,144
63,144
66,144
69,144
72,144
75,144
78,144
81,144
84,144
87,144
90,144
93,144
96,144
99,144
102,144
105,144
108,144
111,144
114,144
117,144
120,144
123,144
126,144
129,144
132,144
135,144
138,144
141,144
144,144
147,144
150,144
153,144
156,144
159,144
162,144
165,144
168,144
171,144
174,144
177,144
180,144
183,144
186,144
189,144
192,144
195,144
198,144
201,144
204,144
207,144
210,144
213,144
216,144
219,144
222,144
225,144
228,144
231,144
234,144
237,144
240,144
243,144
246,144
249,144
252,144
255,144
258,144
261,144
264,144
267,144
270,144
273,144
276,144
279,144
282,144
285,144
288,144
291,144
294,144
297,144
0,147
3,147
6,147
9,147
12,147
15,147
18,147
21,147
24,147
27,147
30,147
33,147
36,147
39,147
42,147
45,147
48,147
51,147
54,147
57,147
60,147
63,147
66,147
69,147
72,147
75,147
78,147
81,147
84,147
87,147
90,147
93,147
96,147
99,147
102,147
105,147
108,147
111,147
114,147
117,147
120,147
123,147
126,147
129,147
132,147
135,147
138,147
141,147
144,147
147,147
150,147
153,147
156,147
159,147
162,147
165,147
168,147
171,147
174,147
177,147
180,147
183,147
186,147
189,147
192,147
195,147
198,147
201,147
204,147
207,147
210,147
213,147
216,147
219,147
222,147
225,147
228,147
231,147
234,147
237,147
240,147
243,147
246,147
249,147
252,147
255,147
258,147
261,147
264,147
267,147
270,147
273,147
276,147
279,147
282,147
285,147
288,147
291,147
294,147
297,147
0,150
3,150
6,150
9,150
12,150
15,150
18,150
21,150
24,150
27,150
30,150
33,150
36,150
39,150
42,150
45,150
48,150
51,150
54,150
57,150
60,150
63,150
66,150
69,150
72,150
75,150
78,150
81,150
84,150
87,150
90,150
93,150
96,150
99,150
102,150
105,150
108,150
111,150
114,150
117,150
120,150
123,150
126,150
129,150
132,150
135,150
138,150
141,150
144,150
147,150
150,150
153,150
156,150
159,150
162,150
165,150
168,150
171,150
174,150
177,150
180,150
183,150
186,150
189,150
192,150
195,150
198,150
201,150
204,150
207,150
210,150
213,150
216,150
219,150
222,150
225,150
228,150
231,150
234,150
237,150
240,150
243,150
246,150
249,150
252,150
255,150
258,150
261,150
264,150
267,150
270,150
273,150
276,150
279,150
282,150
285,150
288,150
291,150
294,150
297,150
0,153
3,153
6,153
9,153
12,153
15,153
18,153
21,153
24,153
27,153
30,153
33,153
36,153
39,153
42,153
45,153
48,153
51,153
54,153
57,153
60,153
63,153
66,153
69,153
72,153
75,153
78,153
81,153
84,153
87,153
90,153
93,153
96,153
99,153
102,153
105,153
108,153
111,153
114,153
117,153
120,153
123,153
126,153
129,153
132,153
135,153
138,153
141,153
144,153
147,153
150,153
153,153
156,153
159,153
162,153
165,153
168,153
171,153
174,153
177,153
180,153
183,153
186,153
189,153
192,153
195,153
198,153
201,153
204,153
207,153
210,153
213,153
216,153
219,153
222,153
225,153
228,153
231,153
234,153
237,153
240,153
243,153
246,153
249,153
252,153
255,153
258,153
261,153
264,153
267,153
270,153
273,153
276,153
279,153
282,153
285,153
288,153
291,153
294,153
297,153
0,156
3,156
6,156
9,156
12,156
15,156
18,156
21,156
24,156
27,156
30,156
33,156
36,156
39,156
42,156
45,156
48,156
51,156
54,156
57,156
60,156
63,156
66,156
69,156
72,156
75,156
78,156
81,156
84,156
87,156
90,156
93,156
96,156
99,156
102,156
105,156
108,156
111,156
114,156
117,156
120,156
123,156
126,156
129,156
132,156
135,156
138,156
141,156
144,156
147,156
150,156
153,156
156,156
159,156
162,156
165,156
168,156
171,156
174,156
177,156
180,156
183,156
186,156
189,156
192,156
195,156
198,156
201,156
204,156
207,156
210,156
213,156
216,156
219,156
222,156
225,156
228,156
231,156
234,156
237,156
240,156
243,156
246,156
249,156
252,156
255,156
258,156
261,156
264,156
267,156
270,156
273,156
276,156
279,156
282,156
285,156
288,156
291,156
294,156
297,156
0,159
3,159
6,159
9,159
12,159
15,159
18,159
21,159
24,159
27,159
30,159
33,159
36,159
39,159
42,159
45,159
48,159
51,159
54,159
57,159
60,159
63,159
66,159
69,159
72,159
75,159
78,159
81,159
84,159
87,159
90,159
93,159
96,159
99,159
102,159
105,159
108,159
111,159
114,159
117,159
120,159
123,159
126,159
129,159
132,159
135,159
138,159
141,159
144,159
147,159
150,159
153,159
156,159
159,159
162,159
165,159
168,159
171,159
174,159
177,159
180,159
183,159
186,159
189,159
192,159
195,159
198,159
201,159
204,159
207,159
210,159
213,159
216,159
219,159
222,159
225,159
228,159
231,159
234,159
237,159
240,159
243,159
246,159
249,159
252,159
255,159
258,159
261,159
264,159
267,159
270,159
273,159
276,159
279,159
282,159
285,159
288,159
291,159
294,159
297,159
0,162
3,162
6,162
9,162
12,162
15,162
18,162
21,162
24,162
27,162
30,162
33,162
36,162
39,162
42,162
45,162
48,162
51,162
54,162
57,162
60,162
63,162
66,162
69,162
72,162
75,162
78,162
81,162
84,162
87,162
90,162
93,162
96,162
99,162
102,162
105,162
108,162
111,162
114,162
117,162
120,162
123,162
126,162
129,162
132,162
135,162
138,162
141,162
144,162
147,162
150,162
153,162
156,162
159,162
162,162
165,162
168,162
171,162
174,162
177,162
180,162
183,162
186,162
189,162
192,162
195,162
198,162
201,162
204,162
207,162
210,162
213,162
216,162
219,162
222,162
225,162
228,162
231,162
234,162
237,162
240,162
243,162
246,162
249,162
252,162
255,162
258,162
261,162
264,162
267,162
270,162
273,162
276,162
279,162
282,162
285,162
288,162
291,162
294,162
297,162
0,165
3,165
6,165
9,165
12,165
15,165
18,165
21,165
24,165
27,165
30,165
33,165
36,165
39,165
42,165
45,165
48,165
51,165
54,165
57,165
60,165
63,165
66,165
69,165
72,165
75,165
78,165
81,165
84,165
87,165
90,165
93,165
96,165
99,165
102,165
105,165
108,165
111,165
114,165
117,165
120,165
123,165
126,165
129,165
132,165
135,165
138,165
141,165
144,165
147,165
150,165
153,165
156,165
159,165
162,165
165,165
168,165
171,165
174,165
177,165
180,165
183,165
186,165
189,165
192,165
195,165
198,165
201,165
204,165
207,165
210,165
213,165
216,165
219,165
222,165
225,165
228,165
231,165
234,165
237,165
240,165
243,165
246,165
249,165
252,165
255,165
258,165
261,165
264,165
267,165
270,165
273,165
276,165
279,165
282,165
285,165
288,165
291,165
294,165
297,165
0,168
3,168
6,168
9,168
12,168
15,168
18,168
21,168
24,168
27,168
30,168
33,168
36,168
39,168
42,168
45,168
48,168
51,168
54,168
57,168
60,168
63,168
66,168
69,168
72,168
75,168
78,168
81,168
84,168
87,168
90,168
93,168
96,168
99,168
102,168
105,168
108,168
111,168
114,168
117,168
120,168
123,168
126,168
129,168
132,168
135,168
138,168
141,168
144,168
147,168
150,168
153,168
156,168
159,168
162,168
165,168
168,168
171,168
174,168
177,168
180,168
183,168
186,168
189,168
192,168
195,168
198,168
201,168
204,168
207,168
210,168
213,168
216,168
219,168
222,168
225,168
228,168
231,168
234,168
237,168
240,168
243,168
246,168
249,168
252,168
255,168
258,168
261,168
264,168
267,168
270,168
273,168
276,168
279,168
282,168
285,168
288,168
291,168
294,168
297,168
0,171
3,171
6,171
9,171
12,171
15,171
18,171
21,171
24,171
27,171
30,171
33,171
36,171
39,171
42,171
45,171
48,171
51,171
54,171
57,171
60,171
63,171
66,171
69,171
72,171
75,171
78,171
81,171
84,171
87,171
90,171
93,171
96,171
99,171
102,171
105,171
108,171
111,171
114,171
117,171
120,171
123,171
126,171
129,171
132,171
135,171
138,171
141,171
144,171
147,171
150,171
153,171
156,171
159,171
162,171
165,171
168,171
171,171
174,171
177,171
180,171
183,171
186,171
189,171
192,171
195,171
198,171
201,171
204,171
207,171
210,171
213,171
216,171
219,171
222,171
225,171
228,171
231,171
234,171
237,171
240,171
243,171
246,171
249,171
252,171
255,171
258,171
261,171
264,171
267,171
270,171
273,171
276,171
279,171
282,171
285,171
288,171
291,171
294,171
297,171
0,174
3,174
6,174
9,174
12,174
15,174
18,174
21,174
24,174
27,174
30,174
33,174
36,174
39,174
42,174
45,174
48,174
51,174
54,174
57,174
60,174
63,174
66,174
69,174
72,174
75,174
78,174
81,174
84,174
87,174
90,174
93,174
96,174
99,174
102,174
105,174
108,174
111,174
114,174
117,174
120,174
123,174
126,174
129,174
132,174
135,174
138,174
141,174
144,174
147,174
150,174
153,174
156,174
159,174
162,174
165,174
168,174
171,174
174,174
177,174
180,174
183,174
186,174
189,174
192,174
195,174
198,174
201,174
204,174
207,174
210,174
213,174
216,174
219,174
222,174
225,174
228,174
231,174
234,174
237,174
240,174
243,174
246,174
249,174
252,174
255,174
258,174
261,174
264,174
267,174
270,174
273,174
276,174
279,174
282,174
285,174
288,174
291,174
294,174
297,174
0,177
3,177
6,177
9,177
12,177
15,177
18,177
21,177
24,177
27,177
30,177
33,177
36,177
39,177
42,177
45,177
48,177
51,177
54,177
57,177
60,177
63,177
66,177
69,177
72,177
75,177
78,177
81,177
84,177
87,177
90,177
93,177
96,177
99,177
102,177
105,177
108,177
111,177
114,177
117,177
120,177
123,177
126,177
129,177
132,177
135,177
138,177
141,177
144,177
147,177
150,177
153,177
156,177
159,177
162,177
165,177
168,177
171,177
174,177
177,177
180,177
183,177
186,177
189,177
192,177
195,177
198,177
201,177
204,177
207,177
210,177
213,177
216,177
219,177
222,177
225,177
228,177
231,177
234,177
237,177
240,177
243,177
246,177
249,177
252,177
255,177
258,177
261,177
264,177
267,177
270,177
273,177
276,177
279,177
282,177
285,177
288,177
291,177
294,177
297,177
0,180
3,180
6,180
9,180
12,180
15,180
18,180
21,180
24,180
27,180
30,180
33,180
36,180
39,180
42,180
45,180
48,180
51,180
54,180
57,180
60,180
63,180
66,180
69,180
72,180
75,180
78,180
81,180
84,180
87,180
90,180
93,180
96,180
99,180
102,180
105,180
108,180
111,180
114,180
117,180
120,180
123,180
126,180
129,180
132,180
135,180
138,180
141,180
144,180
147,180
150,180
153,180
156,180
159,180
162,180
165,180
168,180
171,180
174,180
177,180
180,180
183,180
186,180
189,180
192,180
195,180
198,180
201,180
204,180
207,180
210,180
213,180
216,180
219,180
222,180
225,180
228,180
231,180
234,180
237,180
240,180
243,180
246,180
249,180
252,180
255,180
258,180
261,180
264,180
267,180
270,180
273,180
276,180
279,180
282,180
285,180
288,180
291,180
294,180
297,180
0,183
3,183
6,183
9,183
12,183
15,183
18,183
21,183
24,183
27,183
30,183
33,183
36,183
39,183
42,183
45,183
48,183
51,183
54,183
57,183
60,183
63,183
66,183
69,183
72,183
75,183
78,183
81,183
84,183
87,183
90,183
93,183
96,183
99,183
102,183
105,183
108,183
111,183
114,183
117,183
120,183
123,183
126,183
129,183
132,183
135,183
138,183
141,183
144,183
147,183
150,183
153,183
156,183
159,183
162,183
165,183
168,183
171,183
174,183
177,183
180,183
183,183
186,183
189,183
192,183
195,183
198,183
201,183
204,183
207,183
210,183
213,183
216,183
219,183
222,183
225,183
228,183
231,183
234,183
237,183
240,183
243,183
246,183
249,183
252,183
255,183
258,183
261,183
264,183
267,183
270,183
273,183
276,183
279,183
282,183
285,183
288,183
291,183
294,183
297,183
0,186
3,186
6,186
9,186
12,186
15,186
18,186
21,186
24,186
27,186
30,186
33,186
36,186
39,186
42,186
45,186
48,186
51,186
54,186
57,186
60,186
63,186
66,186
69,186
72,186
75,186
78,186
81,186
84,186
87,186
90,186
93,186
96,186
99,186
102,186
105,186
108,186
111,186
114,186
117,186
120,186
123,186
126,186
129,186
132,186
135,186
138,186
141,186
144,186
147,186
150,186
153,186
156,186
159,186
162,186
165,186
168,186
171,186
174,186
177,186
180,186
183,186
186,186
189,186
192,186
195,186
198,186
201,186
204,186
207,186
210,186
213,186
216,186
219,186
222,186
225,186
228,186
231,186
234,186
237,186
240,186
243,186
246,186
249,186
252,186
255,186
258,186
261,186
264,186
267,186
270,186
273,186
276,186
279,186
282,186
285,186
288,186
291,186
294,186
297,186
0,189
3,189
6,189
9,189
12,189
15,189
18,189
21,189
24,189
27,189
30,189
33,189
36,189
39,189
42,189
45,189
48,189
51,189
54,189
57,189
60,189
63,189
66,189
69,189
72,189
75,189
78,189
81,189
84,189
87,189
90,189
93,189
96,189
99,189
102,189
105,189
108,189
111,189
114,189
117,189
120,189
123,189
126,189
129,189
132,189
135,189
138,189
141,189
144,189
147,189
150,189
153,189
156,189
159,189
162,189
165,189
168,189
171,189
174,189
177,189
180,189
183,189
186,189
189,189
192,189
195,189
198,189
201,189
204,189
207,189
210,189
213,189
216,189
219,189
222,189
225,189
228,189
231,189
234,189
237,189
240,189
243,189
246,189
249,189
252,189
255,189
258,189
261,189
264,189
267,189
270,189
273,189
276,189
279,189
282,189
285,189
288,189
291,189
294,189
297,189
0,192
3,192
6,192
9,192
12,192
15,192
18,192
21,192
24,192
27,192
30,192
33,192
36,192
39,192
42,192
45,192
48,192
51,192
54,192
57,192
60,192
63,192
66,192
69,192
72,192
75,192
78,192
81,192
84,192
87,192
90,192
93,192
96,192
99,192
102,192
105,192
108,192
111,192
114,192
117,192
120,192
123,192
126,192
129,192
132,192
135,192
138,192
141,192
144,192
147,192
150,192
153,192
156,192
159,192
162,192
165,192
168,192
171,192
174,192
177,192
180,192
183,192
186,192
189,192
192,192
195,192
198,192
201,192
204,192
207,192
210,192
213,192
216,192
219,192
222,192
225,192
228,192
231,192
234,192
237,192
240,192
243,192
246,192
249,192
252,192
255,192
258,192
261,192
264,192
267,192
270,192
273,192
276,192
279,192
282,192
285,192
288,192
291,192
294,192
297,192
0,195
3,195
6,195
9,195
12,195
15,195
18,195
21,195
24,195
27,195
30,195
33,195
36,195
39,195
42,195
45,195
48,195
51,195
54,195
57,195
60,195
63,195
66,195
69,195
72,195
75,195
78,195
81,195
84,195
87,195
90,195
93,195
96,195
99,195
102,195
105,195
108,195
111,195
114,195
117,195
120,195
123,195
126,195
129,195
132,195
135,195
138,195
141,195
144,195
147,195
150,195
153,195
156,195
159,195
162,195
165,195
168,195
171,195
174,195
177,195
180,195
183,195
186,195
189,195
192,195
195,195
198,195
201,195
204,195
207,195
210,195
213,195
216,195
219,195
222,195
225,195
228,195
231,195
234,195
237,195
240,195
243,195
246,195
249,195
252,195
255,195
258,195
261,195
264,195
267,195
270,195
273,195
276,195
279,195
282,195
285,195
288,195
291,195
294,195
297,195
0,198
3,198
6,198
9,198
12,198
15,198
18,198
21,198
24,198
27,198
30,198
33,198
36,198
39,198
42,198
45,198
48,198
51,198
54,198
57,198
60,198
63,198
66,198
69,198
72,198
75,198
78,198
81,198
84,198
87,198
90,198
93,198
96,198
99,198
102,198
105,198
108,198
111,198
114,198
117,198
120,198
123,198
126,198
129,198
132,198
135,198
138,198
141,198
144,198
147,198
150,198
153,198
156,198
159,198
162,198
165,198
168,198
171,198
174,198
177,198
180,198
183,198
186,198
189,198
192,198
195,198
198,198
201,198
204,198
207,198
210,198
213,198
216,198
219,198
222,198
225,198
228,198
231,198
234,198
237,198
240,198
243,198
246,198
249,198
252,198
255,198
258,198
261,198
264,198
267,198
270,198
273,198
276,198
279,198
282,198
285,198
288,198
291,198
294,198
297,198
0,201
3,201
6,201
9,201
12,201
15,201
18,201
21,201
24,201
27,201
30,201
33,201
36,201
39,201
42,201
45,201
48,201
51,201
54,201
57,201
60,201
63,201
66,201
69,201
72,201
75,201
78,201
81,201
84,201
87,201
90,201
93,201
96,201
99,201
102,201
105,201
108,201
111,201
114,201
117,201
120,201
123,201
126,201
129,201
132,201
135,201
138,201
141,201
144,201
147,201
150,201
153,201
156,201
159,201
162,201
165,201
168,201
171,201
174,201
177,201
180,201
183,201
186,201
189,201
192,201
195,201
198,201
201,201
204,201
207,201
210,201
213,201
216,201
219,201
222,201
225,201
228,201
231,201
234,201
237,201
240,201
243,201
246,201
249,201
252,201
255,201
258,201
261,201
264,201
267,201
270,201
273,201
276,201
279,201
282,201
285,201
288,201
291,201
294,201
297,201
0,204
3,204
6,204
9,204
12,204
15,204
18,204
21,204
24,204
27,204
30,204
33,204
36,204
39,204
42,204
45,204
48,204
51,204
54,204
57,204
60,204
63,204
66,204
69,204
72,204
75,204
78,204
81,204
84,204
87,204
90,204
93,204
96,204
99,204
102,204
105,204
108,204
111,204
114,204
117,204
120,204
123,204
126,204
129,204
132,204
135,204
138,204
141,204
144,204
147,204
150,204
153,204
156,204
159,204
162,204
165,204
168,204
171,204
174,204
177,204
180,204
183,204
186,204
189,204
192,204
195,204
198,204
201,204
204,204
207,204
210,204
213,204
216,204
219,204
222,204
225,204
228,204
231,204
234,204
237,204
240,204
243,204
246,204
249,204
252,204
255,204
258,204
261,204
264,204
267,204
270,204
273,204
276,204
279,204
282,204
285,204
288,204
291,204
294,204
297,204
0,207
3,207
6,207
9,207
12,207
15,207
18,207
21,207
24,207
27,207
30,207
33,207
36,207
39,207
42,207
45,207
48,207
51,207
54,207
57,207
60,207
63,207
66,207
69,207
72,207
75,207
78,207
81,207
84,207
87,207
90,207
93,207
96,207
99,207
102,207
105,207
108,207
111,207
114,207
117,207
120,207
123,207
126,207
129,207
132,207
135,207
138,207
141,207
144,207
147,207
150,207
153,207
156,207
159,207
162,207
165,207
168,207
171,207
174,207
177,207
180,207
183,207
186,207
189,207
192,207
195,207
198,207
201,207
204,207
207,207
210,207
213,207
216,207
219,207
222,207
225,207
228,207
231,207
234,207
237,207
240,207
243,207
246,207
249,207
252,207
255,207
258,207
261,207
264,207
267,207
270,207
273,207
276,207
279,207
282,207
285,207
288,207
291,207
294,207
297,207
0,210
3,210
6,210
9,210
12,210
15,210
18,210
21,210
24,210
27,210
30,210
33,210
36,210
39,210
42,210
45,210
48,210
51,210
54,210
57,210
60,210
63,210
66,210
69,210
72,210
75,210
78,210
81,210
84,210
87,210
90,210
93,210
96,210
99,210
102,210
105,210
108,210
111,210
114,210
117,210
120,210
123,210
126,210
129,210
132,210
135,210
138,210
141,210
144,210
147,210
150,210
153,210
156,210
159,210
162,210
165,210
168,210
171,210
174,210
177,210
180,210
183,210
186,210
189,210
192,210
195,210
198,210
201,210
204,210
207,210
210,210
213,210
216,210
219,210
222,210
225,210
228,210
231,210
234,210
237,210
240,210
243,210
246,210
249,210
252,210
255,210
258,210
261,210
264,210
267,210
270,210
273,210
276,210
279,210
282,210
285,210
288,210
291,210
294,210
297,210
0,213
3,213
6,213
9,213
12,213
15,213
18,213
21,213
24,213
27,213
30,213
33,213
36,213
39,213
42,213
45,213
48,213
51,213
54,213
57,213
60,213
63,213
66,213
69,213
72,213
75,213
78,213
81,213
84,213
87,213
90,213
93,213
96,213
99,213
102,213
105,213
108,213
111,213
114,213
117,213
120,213
123,213
126,213
129,213
132,213
135,213
138,213
141,213
144,213
147,213
150,213
153,213
156,213
159,213
162,213
165,213
168,213
171,213
174,213
177,213
180,213
183,213
186,213
189,213
192,213
195,213
198,213
201,213
204,213
207,213
210,213
213,213
216,213
219,213
222,213
225,213
228,213
231,213
234,213
237,213
240,213
243,213
246,213
249,213
252,213
255,213
258,213
261,213
264,213
267,213
270,213
273,213
276,213
279,213
282,213
285,213
288,213
291,213
294,213
297,213
0,216
3,216
6,216
9,216
12,216
15,216
18,216
21,216
24,216
27,216
30,216
33,216
36,216
39,216
42,216
45,216
48,216
51,216
54,216
57,216
60,216
63,216
66,216
69,216
72,216
75,216
78,216
81,216
84,216
87,216
90,216
93,216
96,216
99,216
102,216
105,216
108,216
111,216
114,216
117,216
120,216
123,216
126,216
129,216
132,216
135,216
138,216
141,216
144,216
147,216
150,216
153,216
156,216
159,216
162,216
165,216
168,216
171,216
174,216
177,216
180,216
183,216
186,216
189,216
192,216
195,216
198,216
201,216
204,216
207,216
210,216
213,216
216,216
219,216
222,216
225,216
228,216
231,216
234,216
237,216
240,216
243,216
246,216
249,216
252,216
255,216
258,216
261,216
264,216
267,216
270,216
273,216
276,216
279,216
282,216
285,216
288,216
291,216
294,216
297,216
0,219
3,219
6,219
9,219
12,219
15,219
18,219
21,219
24,219
27,219
30,219
33,219
36,219
39,219
42,219
45,219
48,219
51,219
54,219
57,219
60,219
63,219
66,219
69,219
72,219
75,219
78,219
81,219
84,219
87,219
90,219
93,219
96,219
99,219
102,219
105,219
108,219
111,219
114,219
117,219
120,219
123,219
126,219
129,219
132,219
135,219
138,219
141,219
144,219
147,219
150,219
153,219
156,219
159,219
162,219
165,219
168,219
171,219
174,219
177,219
180,219
183,219
186,219
189,219
192,219
195,219
198,219
201,219
204,219
207,219
210,219
213,219
216,219
219,219
222,219
225,219
228,219
231,219
234,219
237,219
240,219
243,219
246,219
249,219
252,219
255,219
258,219
261,219
264,219
267,219
270,219
273,219
276,219
279,219
282,219
285,219
288,219
291,219
294,219
297,219
0,222
3,222
6,222
9,222
12,222
15,222
18,222
21,222
24,222
27,222
30,222
33,222
36,222
39,222
42,222
45,222
48,222
51,222
54,222
57,222
60,222
63,222
66,222
69,222
72,222
75,222
78,222
81,222
84,222
87,222
90,222
93,222
96,222
99,222
102,222
105,222
108,222
111,222
114,222
117,222
120,222
123,222
126,222
129,222
132,222
135,222
138,222
141,222
144,222
147,222
150,222
153,222
156,222
159,222
162,222
165,222
168,222
171,222
174,222
177,222
180,222
183,222
186,222
189,222
192,222
195,222
198,222
201,222
204,222
207,222
210,222
213,222
216,222
219,222
222,222
225,222
228,222
231,222
234,222
237,222
240,222
243,222
246,222
249,222
252,222
255,222
258,222
261,222
264,222
267,222
270,222
273,222
276,222
279,222
282,222
285,222
288,222
291,222
294,222
297,222
0,225
3,225
6,225
9,225
12,225
15,225
18,225
21,225
24,225
27,225
30,225
33,225
36,225
39,225
42,225
45,225
48,225
51,225
54,225
57,225
60,225
63,225
66,225
69,225
72,225
75,225
78,225
81,225
84,225
87,225
90,225
93,225
96,225
99,225
102,225
105,225
108,225
111,225
114,225
117,225
120,225
123,225
126,225
129,225
132,225
135,225
138,225
141,225
144,225
147,225
150,225
153,225
156,225
159,225
162,225
165,225
168,225
171,225
174,225
177,225
180,225
183,225
186,225
189,225
192,225
195,225
198,225
201,225
204,225
207,225
210,225
213,225
216,225
219,225
222,225
225,225
228,225
231,225
234,225
237,225
240,225
243,225
246,225
249,225
252,225
255,225
258,225
261,225
264,225
267,225
270,225
273,225
276,225
279,225
282,225
285,225
288,225
291,225
294,225
297,225
0,228
3,228
6,228
9,228
12,228
15,228
18,228
21,228
24,228
27,228
30,228
33,228
36,228
39,228
42,228
45,228
48,228
51,228
54,228
57,228
60,228
63,228
66,228
69,228
72,228
75,228
78,228
81,228
84,228
87,228
90,228
93,228
96,228
99,228
102,228
105,228
108,228
111,228
114,228
117,228
120,228
123,228
126,228
129,228
132,228
135,228
138,228
141,228
144,228
147,228
150,228
153,228
156,228
159,228
162,228
165,228
168,228
171,228
174,228
177,228
180,228
183,228
186,228
189,228
192,228
195,228
198,228
201,228
204,228
207,228
210,228
213,228
216,228
219,228
222,228
225,228
228,228
231,228
234,228
237,228
240,228
243,228
246,228
249,228
252,228
255,228
258,228
261,228
264,228
267,228
270,228
273,228
276,228
279,228
282,228
285,228
288,228
291,228
294,228
297,228
0,231
3,231
6,231
9,231
12,231
15,231
18,231
21,231
24,231
27,231
30,231
33,231
36,231
39,231
42,231
45,231
48,231
51,231
54,231
57,231
60,231
63,231
66,231
69,231
72,231
75,231
78,231
81,231
84,231
87,231
90,231
93,231
96,231
99,231
102,231
105,231
108,231
111,231
114,231
117,231
120,231
123,231
126,231
129,231
132,231
135,231
138,231
141,231
144,231
147,231
150,231
153,231
156,231
159,231
162,231
165,231
168,231
171,231
174,231
177,231
180,231
183,231
186,231
189,231
192,231
195,231
198,231
201,231
204,231
207,231
210,231
213,231
216,231
219,231
222,231
225,231
228,231
231,231
234,231
237,231
240,231
243,231
246,231
249,231
252,231
255,231
258,231
261,231
264,231
267,231
270,231
273,231
276,231
279,231
282,231
285,231
288,231
291,231
294,231
297,231
0,234
3,234
6,234
9,234
12,234
15,234
18,234
21,234
24,234
27,234
30,234
33,234
36,234
39,234
42,234
45,234
48,234
51,234
54,234
57,234
60,234
63,234
66,234
69,234
72,234
75,234
78,234
81,234
84,234
87,234
90,234
93,234
96,234
99,234
102,234
105,234
108,234
111,234
114,234
117,234
120,234
123,234
126,234
129,234
132,234
135,234
138,234
141,234
144,234
147,234
150,234
153,234
156,234
159,234
162,234
165,234
168,234
171,234
174,234
177,234
180,234
183,234
186,234
189,234
192,234
195,234
198,234
201,234
204,234
207,234
210,234
213,234
216,234
219,234
222,234
225,234
228,234
231,234
234,234
237,234
240,234
243,234
246,234
249,234
252,234
255,234
258,234
261,234
264,234
267,234
270,234
273,234
276,234
279,234
282,234
285,234
288,234
291,234
294,234
297,234
0,237
3,237
6,237
9,237
12,237
15,237
18,237
21,237
24,237
27,237
30,237
33,237
36,237
39,237
42,237
45,237
48,237
51,237
54,237
57,237
60,237
63,237
66,237
69,237
72,237
75,237
78,237
81,237
84,237
87,237
90,237
93,237
96,237
99,237
102,237
105,237
108,237
111,237
114,237
117,237
120,237
123,237
126,237
129,237
132,237
135,237
138,237
141,237
144,237
147,237
150,237
153,237
156,237
159,237
162,237
165,237
168,237
171,237
174,237
177,237
180,237
183,237
186,237
189,237
192,237
195,237
198,237
201,237
204,237
207,237
210,237
213,237
216,237
219,237
222,237
225,237
228,237
231,237
234,237
237,237
240,237
243,237
246,237
249,237
252,237
255,237
258,237
261,237
264,237
267,237
270,237
273,237
276,237
279,237
282,237
285,237
288,237
291,237
294,237
297,237
0,240
3,240
6,240
9,240
12,240
15,240
18,240
21,240
24,240
27,240
30,240
33,240
36,240
39,240
42,240
45,240
48,240
51,240
54,240
57,240
60,240
63,240
66,240
69,240
72,240
75,240
78,240
81,240
84,240
87,240
90,240
93,240
96,240
99,240
102,240
105,240
108,240
111,240
114,240
117,240
120,240
123,240
126,240
129,240
132,240
135,240
138,240
141,240
144,240
147,240
150,240
153,240
156,240
159,240
162,240
165,240
168,240
171,240
174,240
177,240
180,240
183,240
186,240
189,240
192,240
195,240
198,240
201,240
204,240
207,240
210,240
213,240
216,240
219,240
222,240
225,240
228,240
231,240
234,240
237,240
240,240
243,240
246,240
249,240
252,240
255,240
258,240
261,240
264,240
267,240
270,240
273,240
276,240
279,240
282,240
285,240
288,240
291,240
294,240
297,240
0,243
3,243
6,243
9,243
12,243
15,243
18,243
21,243
24,243
27,243
30,243
33,243
36,243
39,243
42,243
45,243
48,243
51,243
54,243
57,243
60,243
63,243
66,243
69,243
72,243
75,243
78,243
81,243
84,243
87,243
90,243
93,243
96,243
99,243
102,243
105,243
108,243
111,243
114,243
117,243
120,243
123,243
126,243
129,243
132,243
135,243
138,243
141,243
144,243
147,243
150,243
153,243
156,243
159,243
162,243
165,243
168,243
171,243
174,243
177,243
180,243
183,243
186,243
189,243
192,243
195,243
198,243
201,243
204,243
207,243
210,243
213,243
216,243
219,243
222,243
225,243
228,243
231,243
234,243
237,243
240,243
243,243
246,243
249,243
252,243
255,243
258,243
261,243
264,243
267,243
270,243
273,243
276,243
279,243
282,243
285,243
288,243
291,243
294,243
297,243
0,246
3,246
6,246
9,246
12,246
15,246
18,246
21,246
24,246
27,246
30,246
33,246
36,246
39,246
42,246
45,246
48,246
51,246
54,246
57,246
60,246
63,246
66,246
69,246
72,246
75,246
78,246
81,246
84,246
87,246
90,246
93,246
96,246
99,246
102,246
105,246
108,246
111,246
114,246
117,246
120,246
123,246
126,246
129,246
132,246
135,246
138,246
141,246
144,246
147,246
150,246
153,246
156,246
159,246
162,246
165,246
168,246
171,246
174,246
177,246
180,246
183,246
186,246
189,246
192,246
195,246
198,246
201,246
204,246
207,246
210,246
213,246
216,246
219,246
222,246
225,246
228,246
231,246
234,246
237,246
240,246
243,246
246,246
249,246
252,246
255,246
258,246
261,246
264,246
267,246
270,246
273,246
276,246
279,246
282,246
285,246
288,246
291,246
294,246
297,246
0,249
3,249
6,249
9,249
12,249
15,249
18,249
21,249
24,249
27,249
30,249
33,249
36,249
39,249
42,249
45,249
48,249
51,249
54,249
57,249
60,249
63,249
66,249
69,249
72,249
75,249
78,249
81,249
84,249
87,249
90,249
93,249
96,249
99,249
102,249
105,249
108,249
111,249
114,249
117,249
120,249
123,249
126,249
129,249
132,249
135,249
138,249
141,249
144,249
147,249
150,249
153,249
156,249
159,249
162,249
165,249
168,249
171,249
174,249
177,249
180,249
183,249
186,249
189,249
192,249
195,249
198,249
201,249
204,249
207,249
210,249
213,249
216,249
219,249
222,249
225,249
228,249
231,249
234,249
237,249
240,249
243,249
246,249
249,249
252,249
255,249
258,249
261,249
264,249
267,249
270,249
273,249
276,249
279,249
282,249
285,249
288,249
291,249
294,249
297,249
0,252
3,252
6,252
9,252
12,252
15,252
18,252
21,252
24,252
27,252
30,252
33,252
36,252
39,252
42,252
45,252
48,252
51,252
54,252
57,252
60,252
63,252
66,252
69,252
72,252
75,252
78,252
81,252
84,252
87,252
90,252
93,252
96,252
99,252
102,252
105,252
108,252
111,252
114,252
117,252
120,252
123,252
126,252
129,252
132,252
135,252
138,252
141,252
144,252
147,252
150,252
153,252
156,252
159,252
162,252
165,252
168,252
171,252
174,252
177,252
180,252
183,252
186,252
189,252
192,252
195,252
198,252
201,252
204,252
207,252
210,252
213,252
216,252
219,252
222,252
225,252
228,252
231,252
234,252
237,252
240,252
243,252
246,252
249,252
252,252
255,252
258,252
261,252
264,252
267,252
270,252
273,252
276,252
279,252
282,252
285,252
288,252
291,252
294,252
297,252
0,255
3,255
6,255
9,255
12,255
15,255
18,255
21,255
24,255
27,255
30,255
33,255
36,255
39,255
42,255
45,255
48,255
51,255
54,255
57,255
60,255
63,255
66,255
69,255
72,255
75,255
78,255
81,255
84,255
87,255
90,255
93,255
96,255
99,255
102,255
105,255
108,255
111,255
114,255
117,255
120,255
123,255
126,255
129,255
132,255
135,255
138,255
141,255
144,255
147,255
150,255
153,255
156,255
159,255
162,255
165,255
168,255
171,255
174,255
177,255
180,255
183,255
186,255
189,255
192,255
195,255
198,255
201,255
204,255
207,255
210,255
213,255
216,255
219,255
222,255
225,255
228,255
231,255
234,255
237,255
240,255
243,255
246,255
249,255
252,255
255,255
258,255
261,255
264,255
267,255
270,255
273,255
276,255
279,255
282,255
285,255
288,255
291,255
294,255
297,255
0,258
3,258
6,258
9,258
12,258
15,258
18,258
21,258
24,258
27,258
30,258
33,258
36,258
39,258
42,258
45,258
48,258
51,258
54,258
57,258
60,258
63,258
66,258
69,258
72,258
75,258
78,258
81,258
84,258
87,258
90,258
93,258
96,258
99,258
102,258
105,258
108,258
111,258
114,258
117,258
120,258
123,258
126,258
129,258
132,258
135,258
138,258
141,258
144,258
147,258
150,258
153,258
156,258
159,258
162,258
165,258
168,258
171,258
174,258
177,258
180,258
183,258
186,258
189,258
192,258
195,258
198,258
201,258
204,258
207,258
210,258
213,258
216,258
219,258
222,258
225,258
228,258
231,258
234,258
237,258
240,258
243,258
246,258
249,258
252,258
255,258
258,258
261,258
264,258
267,258
270,258
273,258
276,258
279,258
282,258
285,258
288,258
291,258
294,258
297,258
0,261
3,261
6,261
9,261
12,261
15,261
18,261
21,261
24,261
27,261
30,261
33,261
36,261
39,261
42,261
45,261
48,261
51,261
54,261
57,261
60,261
63,261
66,261
69,261
72,261
75,261
78,261
81,261
84,261
87,261
90,261
93,261
96,261
99,261
102,261
105,261
108,261
111,261
114,261
117,261
120,261
123,261
126,261
129,261
132,261
135,261
138,261
141,261
144,261
147,261
150,261
153,261
156,261
159,261
162,261
165,261
168,261
171,261
174,261
177,261
180,261
183,261
186,261
189,261
192,261
195,261
198,261
201,261
204,261
207,261
210,261
213,261
216,261
219,261
222,261
225,261
228,261
231,261
234,261
237,261
240,261
243,261
246,261
249,261
252,261
255,261
258,261
261,261
264,261
267,261
270,261
273,261
276,261
279,261
282,261
285,261
288,261
291,261
294,261
297,261
0,264
3,264
6,264
9,264
12,264
15,264
18,264
21,264
24,264
27,264
30,264
33,264
36,264
39,264
42,264
45,264
48,264
51,264
54,264
57,264
60,264
63,264
66,264
69,264
72,264
75,264
78,264
81,264
84,264
87,264
90,264
93,264
96,264
99,264
102,264
105,264
108,264
111,264
114,264
117,264
120,264
123,264
126,264
129,264
132,264
135,264
138,264
141,264
144,264
147,264
150,264
153,264
156,264
159,264
162,264
165,264
168,264
171,264
174,264
177,264
180,264
183,264
186,264
189,264
192,264
195,264
198,264
201,264
204,264
207,264
210,264
213,264
216,264
219,264
222,264
225,264
228,264
231,264
234,264
237,264
240,264
243,264
246,264
249,264
252,264
255,264
258,264
261,264
264,264
267,264
270,264
273,264
276,264
279,264
282,264
285,264
288,264
291,264
294,264
297,264
0,267
3,267
6,267
9,267
12,267
15,267
18,267
21,267
24,267
27,267
30,267
33,267
36,267
39,267
42,267
45,267
48,267
51,267
54,267
57,267
60,267
63,267
66,267
69,267
72,267
75,267
78,267
81,267
84,267
87,267
90,267
93,267
96,267
99,267
102,267
105,267
108,267
111,267
114,267
117,267
120,267
123,267
126,267
129,267
132,267
135,267
138,267
141,267
144,267
147,267
150,267
153,267
156,267
159,267
162,267
165,267
168,267
171,267
174,267
177,267
180,267
183,267
186,267
189,267
192,267
195,267
198,267
201,267
204,267
207,267
210,267
213,267
216,267
219,267
222,267
225,267
228,267
231,267
234,267
237,267
240,267
243,267
246,267
249,267
252,267
255,267
258,267
261,267
264,267
267,267
270,267
273,267
276,267
279,267
282,267
285,267
288,267
291,267
294,267
297,267
0,270
3,270
6,270
9,270
12,270
15,270
18,270
21,270
24,270
27,270
30,270
33,270
36,270
39,270
42,270
45,270
48,270
51,270
54,270
57,270
60,270
63,270
66,270
69,270
72,270
75,270
78,270
81,270
84,270
87,270
90,270
93,270
96,270
99,270
102,270
105,270
108,270
111,270
114,270
117,270
120,270
123,270
126,270
129,270
132,270
135,270
138,270
141,270
144,270
147,270
150,270
153,270
156,270
159,270
162,270
165,270
168,270
171,270
174,270
177,270
180,270
183,270
186,270
189,270
192,270
195,270
198,270
201,270
204,270
207,270
210,270
213,270
216,270
219,270
222,270
225,270
228,270
231,270
234,270
237,270
240,270
243,270
246,270
249,270
252,270
255,270
258,270
261,270
264,270
267,270
270,270
273,270
276,270
279,270
282,270
285,270
288,270
291,270
294,270
297,270
0,273
3,273
6,273
9,273
12,273
15,273
18,273
21,273
24,273
27,273
30,273
33,273
36,273
39,273
42,273
45,273
48,273
51,273
54,273
57,273
60,273
63,273
66,273
69,273
72,273
75,273
78,273
81,273
84,273
87,273
90,273
93,273
96,273
99,273
102,273
105,273
108,273
111,273
114,273
117,273
120,273
123,273
126,273
129,273
132,273
135,273
138,273
141,273
144,273
147,273
150,273
153,273
156,273
159,273
162,273
165,273
168,273
171,273
174,273
177,273
180,273
183,273
186,273
189,273
192,273
195,273
198,273
201,273
204,273
207,273
210,273
213,273
216,273
219,273
222,273
225,273
228,273
231,273
234,273
237,273
240,273
243,273
246,273
249,273
252,273
255,273
258,273
261,273
264,273
267,273
270,273
273,273
276,273
279,273
282,273
285,273
288,273
291,273
294,273
297,273
0,276
3,276
6,276
9,276
12,276
15,276
18,276
21,276
24,276
27,276
30,276
33,276
36,276
39,276
42,276
45,276
48,276
51,276
54,276
57,276
60,276
63,276
66,276
69,276
72,276
75,276
78,276
81,276
84,276
87,276
90,276
93,276
96,276
99,276
102,276
105,276
108,276
111,276
114,276
117,276
120,276
123,276
126,276
129,276
132,276
135,276
138,276
141,276
144,276
147,276
150,276
153,276
156,276
159,276
162,276
165,276
168,276
171,276
174,276
177,276
180,276
183,276
186,276
189,276
192,276
195,276
198,276
201,276
204,276
207,276
210,276
213,276
216,276
219,276
222,276
225,276
228,276
231,276
234,276
237,276
240,276
243,276
246,276
249,276
252,276
255,276
258,276
261,276
264,276
267,276
270,276
273,276
276,276
279,276
282,276
285,276
288,276
291,276
294,276
297,276
0,279
3,279
6,279
9,279
12,279
15,279
18,279
21,279
24,279
27,279
30,279
33,279
36,279
39,279
42,279
45,279
48,279
51,279
54,279
57,279
60,279
63,279
66,279
69,279
72,279
75,279
78,279
81,279
84,279
87,279
90,279
93,279
96,279
99,279
102,279
105,279
108,279
111,279
114,279
117,279
120,279
123,279
126,279
129,279
132,279
135,279
138,279
141,279
144,279
147,279
150,279
153,279
156,279
159,279
162,279
165,279
168,279
171,279
174,279
177,279
180,279
183,279
186,279
189,279
192,279
195,279
198,279
201,279
204,279
207,279
210,279
213,279
216,279
219,279
222,279
225,279
228,279
231,279
234,279
237,279
240,279
243,279
246,279
249,279
252,279
255,279
258,279
261,279
264,279
267,279
270,279
273,279
276,279
279,279
282,279
285,279
288,279
291,279
294,279
297,279
0,282
3,282
6,282
9,282
12,282
15,282
18,282
21,282
24,282
27,282
30,282
33,282
36,282
39,282
42,282
45,282
48,282
51,282
54,282
57,282
60,282
63,282
66,282
69,282
72,282
75,282
78,282
81,282
84,282
87,282
90,282
93,282
96,282
99,282
102,282
105,282
108,282
111,282
114,282
117,282
120,282
123,282
126,282
129,282
132,282
135,282
138,282
141,282
144,282
147,282
150,282
153,282
156,282
159,282
162,282
165,282
168,282
171,282
174,282
177,282
180,282
183,282
186,282
189,282
192,282
195,282
198,282
201,282
204,282
207,282
210,282
213,282
216,282
219,282
222,282
225,282
228,282
231,282
234,282
237,282
240,282
243,282
246,282
249,282
252,282
255,282
258,282
261,282
264,282
267,282
270,282
273,282
276,282
279,282
282,282
285,282
288,282
291,282
294,282
297,282
0,285
3,285
6,285
9,285
12,285
15,285
18,285
21,285
24,285
27,285
30,285
33,285
36,285
39,285
42,285
45,285
48,285
51,285
54,285
57,285
60,285
63,285
66,285
69,285
72,285
75,285
78,285
81,285
84,285
87,285
90,285
93,285
96,285
99,285
102,285
105,285
108,285
111,285
114,285
117,285
120,285
123,285
126,285
129,285
132,285
135,285
138,285
141,285
144,285
147,285
150,285
153,285
156,285
159,285
162,285
165,285
168,285
171,285
174,285
177,285
180,285
183,285
186,285
189,285
192,285
195,285
198,285
201,285
204,285
207,285
210,285
213,285
216,285
219,285
222,285
225,285
228,285
231,285
234,285
237,285
240,285
243,285
246,285
249,285
252,285
255,285
258,285
261,285
264,285
267,285
270,285
273,285
276,285
279,285
282,285
285,285
288,285
291,285
294,285
297,285
0,288
3,288
6,288
9,288
12,288
15,288
18,288
21,288
24,288
27,288
30,288
33,288
36,288
39,288
42,288
45,288
48,288
51,288
54,288
57,288
60,288
63,288
66,288
69,288
72,288
75,288
78,288
81,288
84,288
87,288
90,288
93,288
96,288
99,288
102,288
105,288
108,288
111,288
114,288
117,288
120,288
123,288
126,288
129,288
132,288
135,288
138,288
141,288
144,288
147,288
150,288
153,288
156,288
159,288
162,288
165,288
168,288
171,288
174,288
177,288
180,288
183,288
186,288
189,288
192,288
195,288
198,288
201,288
204,288
207,288
210,288
213,288
216,288
219,288
222,288
225,288
228,288
231,288
234,288
237,288
240,288
243,288
246,288
249,288
252,288
255,288
258,288
261,288
264,288
267,288
270,288
273,288
276,288
279,288
282,288
285,288
288,288
291,288
294,288
297,288
0,291
3,291
6,291
9,291
12,291
15,291
18,291
21,291
24,291
27,291
30,291
33,291
36,291
39,291
42,291
45,291
48,291
51,291
54,291
57,291
60,291
63,291
66,291
69,291
72,291
75,291
78,291
81,291
84,291
87,291
90,291
93,291
96,291
99,291
102,291
105,291
108,291
111,291
114,291
117,291
120,291
123,291
126,291
129,291
132,291
135,291
138,291
141,291
144,291
147,291
150,291
153,291
156,291
159,291
162,291
165,291
168,291
171,291
174,291
177,291
180,291
183,291
186,291
189,291
192,291
195,291
198,291
201,291
204,291
207,291
210,291
213,291
216,291
219,291
222,291
225,291
228,291
231,291
234,291
237,291
240,291
243,291
246,291
249,291
252,291
255,291
258,291
261,291
264,291
267,291
270,291
273,291
276,291
279,291
282,291
285,291
288,291
291,291
294,291
297,291
0,294
3,294
6,294
9,294
12,294
15,294
18,294
21,294
24,294
27,294
30,294
33,294
36,294
39,294
42,294
45,294
48,294
51,294
54,294
57,294
60,294
63,294
66,294
69,294
72,294
75,294
78,294
81,294
84,294
87,294
90,294
93,294
96,294
99,294
102,294
105,294
108,294
111,294
114,294
117,294
120,294
123,294
126,294
129,294
132,294
135,294
138,294
141,294
144,294
147,294
150,294
153,294
156,294
159,294
162,294
165,294
168,294
171,294
174,294
177,294
180,294
183,294
186,294
189,294
192,294
195,294
198,294
201,294
204,294
207,294
210,294
213,294
216,294
219,294
222,294
225,294
228,294
231,294
234,294
237,294
240,294
243,294
246,294
249,294
252,294
255,294
258,294
261,294
264,294
267,294
270,294
273,294
276,294
279,294
282,294
285,294
288,294
291,294
294,294
297,294
0,297
3,297
6,297
9,297
12,297
15,297
18,297
21,297
24,297
27,297
30,297
33,297
36,297
39,297
42,297
45,297
48,297
51,297
54,297
57,297
60,297
63,297
66,297
69,297
72,297
75,297
78,297
81,297
84,297
87,297
90,297
93,297
96,297
99,297
102,297
105,297
108,297
111,297
114,297
117,297
120,297
123,297
126,297
129,297
132,297
135,297
138,297
141,297
144,297
147,297
150,297
153,297
156,297
159,297
162,297
165,297
168,297
171,297
174,297
177,297
180,297
183,297
186,297
189,297
192,297
195,297
198,297
201,297
204,297
207,297
210,297
213,297
216,297
219,297
222,297
225,297
228,297
231,297
234,297
237,297
240,297
243,297
246,297
249,297
252,297
255,297
258,297
261,297
264,297
267,297
270,297
273,297
276,297
279,297
282,297
285,297
288,297
291,297
294,297
297,297
0,390
